created_at,iteration,genome_id,objective_name,objective_version,hit_first_objective_score,match_quality_score,temporal_segment_match_score_min,temporal_segment_match_score_median,diversity_quality_score,average_max_main_match,draw_main4_plus_rate_percent,draw_main5_plus_count,draw_main6_plus_count,average_portfolio_unique_numbers,mean_ticket_pair_overlap,payout_roi_percent,profit,top1_payout_share,best_hit_first_objective_score
2026-07-22T08:39:39.580750+00:00,1,g001_0001_1084,hit_first_temporal_robustness,loto7-hit-first-2026.07.22-v1,11.819959,9.18033,8.555555,8.967388,36.331968,1.704918,2.186,0,0,9.754098,5.70765,11.148,-243900,0.173203,17.586701
2026-07-22T08:45:26.138328+00:00,2,g002_0002_8169,hit_first_temporal_robustness,loto7-hit-first-2026.07.22-v1,12.58597,9.945335,9.02174,9.886468,37.161199,1.803279,2.732,1,0,9.928962,5.678689,14.208,-235500,0.284615,17.586701
2026-07-22T08:46:53.204076+00:00,3,g003_0034_9267,hit_first_temporal_robustness,loto7-hit-first-2026.07.22-v1,12.060502,9.48086,9.021735,9.341783,35.811471,1.73224,2.732,0,0,9.721311,5.761749,12.787,-239400,0.159544,17.586701
2026-07-22T09:35:24.609723+00:00,4,g004_0044_4999,hit_first_temporal_robustness,loto7-hit-first-2026.07.22-v1,15.381085,11.420745,9.782605,11.467382,52.278693,1.967213,4.918,1,0,12.131148,4.69071,13.77,-236700,0.28836,17.586701
2026-07-22T09:37:45.455072+00:00,5,g005_0005_6579,hit_first_temporal_robustness,loto7-hit-first-2026.07.22-v1,12.178972,9.535505,9.021735,9.286225,36.680327,1.743169,2.732,0,0,9.868852,5.714754,12.459,-240300,0.146199,17.586701
2026-07-22T13:30:45.000510+00:00,6,g006_0062_6613,hit_first_temporal_robustness,loto7-hit-first-2026.07.22-v1,13.121002,10.57376,8.913045,10.700488,37.222674,1.819672,4.918,0,0,9.978142,5.693443,14.9,-233600,0.136919,17.586701
2026-07-22T13:30:49.839454+00:00,7,g007_0007_4546,hit_first_temporal_robustness,loto7-hit-first-2026.07.22-v1,14.785324,11.229505,10.22221,11.358685,47.43852,1.896175,5.464,1,0,11.229508,4.915301,15.082,-233100,0.147343,17.586701
2026-07-22T13:42:21.743759+00:00,8,g008_0008_2160,hit_first_temporal_robustness,loto7-hit-first-2026.07.22-v1,12.47789,9.836055,9.239125,9.559172,37.064206,1.737705,3.825,0,0,9.907104,5.681421,11.548,-242800,0.157729,17.586701
2026-07-22T13:42:49.215829+00:00,9,g009_0009_9899,hit_first_temporal_robustness,loto7-hit-first-2026.07.22-v1,15.09211,11.475405,10.65217,11.257233,48.562846,1.945355,5.464,1,0,11.519126,4.900546,16.794,-228400,0.106291,17.586701
2026-07-22T13:42:57.638447+00:00,10,g010_0103_7786,hit_first_temporal_robustness,loto7-hit-first-2026.07.22-v1,12.138925,9.426215,9.13043,9.23067,37.024594,1.721311,2.732,0,0,9.803279,5.638251,8.707,-250600,0.167364,17.586701
2026-07-22T13:46:21.354690+00:00,11,g011_0112_9220,hit_first_temporal_robustness,loto7-hit-first-2026.07.22-v1,15.201652,11.17487,10.55555,11.30434,51.782784,1.972678,4.372,0,0,12.065574,4.72623,12.168,-241100,0.10479,17.586701
2026-07-22T13:51:37.766991+00:00,12,g012_0012_7284,hit_first_temporal_robustness,loto7-hit-first-2026.07.22-v1,15.257003,11.28415,10.111105,11.413035,51.79645,1.972678,4.372,1,0,12.076503,4.729508,14.718,-234100,0.306931,17.586701
2026-07-22T13:51:46.324285+00:00,13,g013_0013_2044,hit_first_temporal_robustness,loto7-hit-first-2026.07.22-v1,13.090591,10.546455,9.565215,10.490327,36.840164,1.781421,5.464,0,0,9.901639,5.708743,15.301,-232500,0.121429,17.586701
2026-07-22T13:52:34.543739+00:00,14,g014_0014_6134,hit_first_temporal_robustness,loto7-hit-first-2026.07.22-v1,17.368394,12.21312,11.52173,12.033805,64.534154,2.114754,5.464,0,0,13.961749,3.910929,14.536,-234600,0.095238,17.586701
2026-07-22T13:53:02.255727+00:00,15,g015_0015_2576,hit_first_temporal_robustness,loto7-hit-first-2026.07.22-v1,17.28133,12.18579,10.22222,12.663045,64.139342,2.087432,5.464,1,0,13.819672,3.897268,16.211,-230000,0.244944,17.586701
2026-07-22T13:53:50.489791+00:00,16,g016_0162_9569,hit_first_temporal_robustness,loto7-hit-first-2026.07.22-v1,18.028437,12.923505,11.222215,13.043477,65.189893,2.147541,6.557,2,0,14.092896,3.884699,18.689,-223200,0.212476,18.028437
2026-07-22T13:53:55.285177+00:00,17,g017_0174_9211,hit_first_temporal_robustness,loto7-hit-first-2026.07.22-v1,12.25291,9.726765,8.26087,10.055545,35.766394,1.715847,3.825,0,0,9.639344,5.729508,12.058,-241400,0.169184,18.028437
2026-07-22T13:54:10.697138+00:00,18,g018_0184_5199,hit_first_temporal_robustness,loto7-hit-first-2026.07.22-v1,17.659839,12.732235,10.66666,12.98913,63.352457,2.076503,7.104,2,0,13.508197,3.856831,16.175,-230100,0.15991,18.028437
2026-07-22T13:56:20.517819+00:00,19,g019_0019_4555,hit_first_temporal_robustness,loto7-hit-first-2026.07.22-v1,15.006445,11.284135,10.111105,11.413035,49.290982,1.939891,4.918,1,0,11.639344,4.859563,15.847,-231000,0.181609,18.028437
2026-07-22T13:57:40.708320+00:00,20,g020_0204_8625,hit_first_temporal_robustness,loto7-hit-first-2026.07.22-v1,12.527375,9.863375,8.666665,9.945645,37.362024,1.743169,3.825,0,0,9.978142,5.674863,12.495,-240200,0.145773,18.028437
2026-07-22T13:58:28.520030+00:00,21,g021_0021_9532,hit_first_temporal_robustness,loto7-hit-first-2026.07.22-v1,15.684458,11.994535,10.999985,11.739123,49.995902,1.983607,6.557,1,0,11.770492,4.826776,15.774,-231200,0.182448,18.028437
2026-07-22T14:09:56.184250+00:00,22,g022_0224_7328,hit_first_temporal_robustness,loto7-hit-first-2026.07.22-v1,12.186189,9.64481,8.804345,9.664245,35.707651,1.73224,3.279,0,0,9.726776,5.778142,12.641,-239800,0.144092,18.028437
2026-07-22T14:10:23.380642+00:00,23,g023_0023_4884,hit_first_temporal_robustness,loto7-hit-first-2026.07.22-v1,17.160182,12.07651,10.77777,12.2826,63.704914,2.087432,5.464,0,0,13.721311,3.90929,14.754,-234000,0.074074,18.028437
2026-07-22T14:11:42.561331+00:00,24,g024_0024_8199,hit_first_temporal_robustness,loto7-hit-first-2026.07.22-v1,14.377343,10.273215,9.8913,10.056757,51.87978,1.901639,2.186,1,0,12.054645,4.708197,12.714,-239600,0.312321,18.028437
2026-07-22T14:11:47.330184+00:00,25,g025_0252_6484,hit_first_temporal_robustness,loto7-hit-first-2026.07.22-v1,16.440575,11.967195,11.52173,11.864722,57.18033,2.076503,4.918,1,0,12.0,3.975956,12.277,-240800,0.210682,18.028437
2026-07-22T14:13:06.840036+00:00,26,g026_0026_8708,hit_first_temporal_robustness,loto7-hit-first-2026.07.22-v1,12.793967,10.19126,8.999995,10.32608,37.00956,1.775956,4.372,0,0,9.896175,5.683607,13.515,-237400,0.150943,18.028437
2026-07-22T14:13:54.076198+00:00,27,g027_0274_9284,hit_first_temporal_robustness,loto7-hit-first-2026.07.22-v1,17.078131,11.80327,9.88889,12.282597,65.508196,2.065574,4.918,0,0,14.114754,3.852459,11.512,-242900,0.110759,18.028437
2026-07-22T14:14:09.284588+00:00,28,g028_0284_9104,hit_first_temporal_robustness,loto7-hit-first-2026.07.22-v1,17.834341,12.89616,11.777765,13.04348,62.995903,2.131148,7.104,1,0,13.491803,3.896721,14.463,-234800,0.151134,18.028437
2026-07-22T14:16:17.745304+00:00,29,g029_0029_7323,hit_first_temporal_robustness,loto7-hit-first-2026.07.22-v1,15.099115,11.420745,10.55555,10.978252,49.427597,1.967213,4.918,1,0,11.699454,4.869399,16.976,-227900,0.240343,18.028437
2026-07-22T14:17:04.813196+00:00,30,g030_0302_6777,hit_first_temporal_robustness,loto7-hit-first-2026.07.22-v1,12.23477,9.508185,8.586955,9.723422,37.252731,1.737705,2.732,0,0,9.939891,5.671585,10.565,-245500,0.137931,18.028437
2026-07-22T14:17:13.127293+00:00,31,g031_0031_5612,hit_first_temporal_robustness,loto7-hit-first-2026.07.22-v1,15.285454,11.721305,10.10869,11.585735,48.815575,1.939891,6.011,2,0,11.47541,4.846448,16.321,-229700,0.154018,18.028437
2026-07-22T14:17:40.269056+00:00,32,g032_0032_3258,hit_first_temporal_robustness,loto7-hit-first-2026.07.22-v1,14.897623,11.202175,10.543475,11.039842,48.878418,1.945355,4.918,0,0,11.601093,4.896721,16.393,-229500,0.097778,18.028437
2026-07-22T15:02:05.456519+00:00,33,g033_0033_1936,hit_first_temporal_robustness,loto7-hit-first-2026.07.22-v1,17.684094,12.21311,10.978255,12.13767,68.001365,2.092896,5.464,1,0,14.68306,3.785246,14.863,-233700,0.267157,18.028437
2026-07-22T15:02:33.206564+00:00,34,g034_0342_3813,hit_first_temporal_robustness,loto7-hit-first-2026.07.22-v1,12.087232,9.207655,8.69565,9.233087,38.382511,1.710383,2.186,0,0,10.092896,5.59235,10.091,-246800,0.191336,18.028437
2026-07-22T15:35:45.662428+00:00,35,g035_0354_3438,hit_first_temporal_robustness,loto7-hit-first-2026.07.22-v1,12.747808,10.16394,8.586955,10.107477,37.331968,1.770492,4.372,0,0,10.016393,5.696721,15.592,-231700,0.130841,18.028437
2026-07-22T18:49:38.115973+00:00,36,g036_0364_9111,hit_first_temporal_robustness,loto7-hit-first-2026.07.22-v1,15.439441,11.83061,10.888875,11.84783,48.65164,1.972678,6.557,0,0,11.47541,4.868306,15.228,-232700,0.100478,18.028437
2026-07-22T18:50:11.219672+00:00,37,g037_0037_6960,hit_first_temporal_robustness,loto7-hit-first-2026.07.22-v1,15.235417,11.42076,10.55555,11.467377,50.203553,1.934426,5.464,1,0,11.759563,4.793989,16.248,-229900,0.136771,18.028437
2026-07-22T18:50:44.068776+00:00,38,g038_0383_8729,hit_first_temporal_robustness,loto7-hit-first-2026.07.22-v1,12.043169,9.42623,9.239125,9.39613,35.781422,1.754098,2.186,0,0,9.743169,5.775956,11.694,-242400,0.155763,18.028437
2026-07-22T18:50:49.779433+00:00,39,g039_0394_1889,hit_first_temporal_robustness,loto7-hit-first-2026.07.22-v1,17.14373,12.73224,12.333345,12.77174,57.118852,2.065574,7.65,1,0,12.0,3.984153,16.612,-228900,0.155702,18.028437
2026-07-22T19:18:15.181900+00:00,40,g040_0040_6367,hit_first_temporal_robustness,loto7-hit-first-2026.07.22-v1,14.760037,10.81966,9.8913,10.599028,51.230874,1.934426,3.825,0,0,12.010929,4.774317,11.22,-243700,0.123377,18.028437
2026-07-22T19:18:25.199685+00:00,41,g041_0412_9616,hit_first_temporal_robustness,loto7-hit-first-2026.07.22-v1,16.90944,12.13114,11.086955,12.135265,60.744534,2.065574,6.011,0,0,12.907104,3.924044,14.098,-235800,0.103359,18.028437
2026-07-22T19:18:57.488745+00:00,42,g042_0042_7598,hit_first_temporal_robustness,loto7-hit-first-2026.07.22-v1,15.186402,11.448085,9.333335,11.902175,49.978146,1.939891,5.464,1,0,11.677596,4.785792,17.195,-227300,0.262712,18.028437
2026-07-22T19:19:29.829923+00:00,43,g043_0043_8821,hit_first_temporal_robustness,loto7-hit-first-2026.07.22-v1,18.056869,13.03277,11.333325,13.423927,64.163931,2.15847,7.104,1,0,13.852459,3.90929,19.126,-222000,0.114286,18.056869
2026-07-22T19:20:25.912656+00:00,44,g044_0441_1977,hit_first_temporal_robustness,loto7-hit-first-2026.07.22-v1,18.215769,13.114735,12.391295,13.019337,64.818302,2.174863,7.104,1,0,14.005464,3.893443,19.599,-220700,0.154275,18.215769
2026-07-22T19:20:31.614678+00:00,45,g045_0045_6831,hit_first_temporal_robustness,loto7-hit-first-2026.07.22-v1,16.555263,12.13114,10.88888,12.282597,57.184425,2.065574,6.011,0,0,12.0,3.97541,13.916,-236300,0.120419,18.215769
2026-07-22T19:20:37.278749+00:00,46,g046_0464_1243,hit_first_temporal_robustness,loto7-hit-first-2026.07.22-v1,16.441365,11.994515,10.55555,12.173915,57.398911,2.016393,6.011,1,0,11.994536,3.944262,13.989,-236100,0.127604,18.215769
2026-07-22T19:20:42.911701+00:00,47,g047_0474_8453,hit_first_temporal_robustness,loto7-hit-first-2026.07.22-v1,14.968581,11.39344,9.77777,11.630425,48.153006,1.928962,5.464,1,0,11.256831,4.832787,14.317,-235200,0.175573,18.215769
2026-07-22T19:21:38.977471+00:00,48,g048_0482_3684,hit_first_temporal_robustness,loto7-hit-first-2026.07.22-v1,17.353952,12.131155,9.88889,12.717392,65.449454,2.054645,5.464,2,0,14.087432,3.847541,16.175,-230100,0.15991,18.215769
2026-07-22T19:21:57.138838+00:00,49,g049_0049_7922,hit_first_temporal_robustness,loto7-hit-first-2026.07.22-v1,17.215157,12.213095,10.88888,12.391307,63.079232,2.060109,6.011,1,0,13.453552,3.86776,16.029,-230500,0.161364,18.215769
2026-07-22T19:22:15.263475+00:00,50,g050_0501_8201,hit_first_temporal_robustness,loto7-hit-first-2026.07.22-v1,17.808176,12.86886,11.888875,12.771725,63.16257,2.136612,6.557,2,0,13.497268,3.877049,19.053,-222200,0.217973,18.215769
2026-07-22T19:23:11.340731+00:00,51,g051_0514_8539,hit_first_temporal_robustness,loto7-hit-first-2026.07.22-v1,18.617318,13.606555,10.999995,14.130445,65.170766,2.153005,7.65,5,0,14.120219,3.9,24.481,-207300,0.162202,18.617318
2026-07-22T19:24:07.690781+00:00,52,g052_0052_4813,hit_first_temporal_robustness,loto7-hit-first-2026.07.22-v1,17.259821,12.04916,11.19565,11.702893,65.254096,2.15847,3.825,1,0,14.098361,3.878689,14.244,-235400,0.12532,18.617318
2026-07-22T19:28:07.989417+00:00,53,g053_0053_2018,hit_first_temporal_robustness,loto7-hit-first-2026.07.22-v1,14.943546,11.092885,10.10869,10.6582,50.908471,1.923497,4.918,0,0,11.939891,4.784153,11.548,-242800,0.094637,18.617318
2026-07-22T19:32:08.309741+00:00,54,g054_0543_7946,hit_first_temporal_robustness,loto7-hit-first-2026.07.22-v1,18.588957,13.46993,11.888875,13.097812,66.371582,2.180328,8.197,1,0,14.349727,3.846995,14.536,-234600,0.152882,18.617318
2026-07-22T19:32:13.913869+00:00,55,g055_0554_6077,hit_first_temporal_robustness,loto7-hit-first-2026.07.22-v1,15.041489,11.4754,10.55554,11.576078,47.751368,1.934426,6.011,0,0,11.174863,4.848087,12.823,-239300,0.088068,18.617318
2026-07-22T19:32:19.538209+00:00,56,g056_0056_9277,hit_first_temporal_robustness,loto7-hit-first-2026.07.22-v1,16.135027,11.66667,10.760865,11.42511,57.364755,2.005464,5.464,0,0,12.0,3.951366,10.091,-246800,0.097473,18.617318
2026-07-22T19:36:18.877656+00:00,57,g057_0057_1034,hit_first_temporal_robustness,loto7-hit-first-2026.07.22-v1,14.613205,10.84699,9.555555,10.217388,50.297815,1.95082,3.279,1,0,11.84153,4.819672,15.373,-232300,0.258294,18.617318
2026-07-22T19:36:24.507521+00:00,58,g058_0582_4720,hit_first_temporal_robustness,loto7-hit-first-2026.07.22-v1,16.366782,11.88525,11.086955,12.08937,57.09426,2.04918,5.464,0,0,12.0,3.987432,13.042,-238700,0.100559,18.617318
2026-07-22T19:36:56.786363+00:00,59,g059_0059_9087,hit_first_temporal_robustness,loto7-hit-first-2026.07.22-v1,14.862413,10.92894,10.333325,11.086948,50.550549,1.934426,3.825,1,0,11.830601,4.780874,12.022,-241500,0.209091,18.617318
2026-07-22T19:37:02.433322+00:00,60,g060_0602_4329,hit_first_temporal_robustness,loto7-hit-first-2026.07.22-v1,14.169203,10.519105,9.45652,10.276565,48.161204,1.918033,2.732,1,0,11.273224,4.839344,12.823,-239300,0.201705,18.617318
2026-07-22T19:37:58.705011+00:00,61,g061_0614_1696,hit_first_temporal_robustness,loto7-hit-first-2026.07.22-v1,18.235748,13.08744,10.555555,13.47826,66.127049,2.15847,7.65,0,0,14.163934,3.792896,13.698,-236900,0.106383,18.617318
2026-07-22T19:40:30.968275+00:00,62,g062_0062_9439,hit_first_temporal_robustness,loto7-hit-first-2026.07.22-v1,12.330633,9.699455,9.021735,9.78381,36.452186,1.743169,3.279,0,0,9.879781,5.750273,12.459,-240300,0.146199,18.617318
2026-07-22T19:43:04.076493+00:00,63,g063_0634_4165,hit_first_temporal_robustness,loto7-hit-first-2026.07.22-v1,12.926498,10.19126,9.34782,10.275353,38.117485,1.775956,4.372,0,0,10.103825,5.632787,13.807,-236600,0.126649,18.617318
2026-07-22T19:44:00.046424+00:00,64,g064_0064_7976,hit_first_temporal_robustness,loto7-hit-first-2026.07.22-v1,12.50391,9.80873,9.239125,9.945645,37.051914,1.73224,3.825,0,0,9.907104,5.68306,10.856,-244700,0.167785,18.617318
2026-07-22T19:44:05.639832+00:00,65,g065_0065_6911,hit_first_temporal_robustness,loto7-hit-first-2026.07.22-v1,14.062395,10.32787,9.999995,10.332115,47.930328,1.868852,3.279,0,0,11.180328,4.826776,11.075,-244100,0.098684,18.617318
2026-07-22T19:48:05.634359+00:00,66,g066_0066_8671,hit_first_temporal_robustness,loto7-hit-first-2026.07.22-v1,11.998026,9.371575,8.91304,9.347822,36.03142,1.710383,2.732,0,0,9.79235,5.765574,11.84,-242000,0.172308,18.617318
2026-07-22T19:48:11.235736+00:00,67,g067_0671_6562,hit_first_temporal_robustness,loto7-hit-first-2026.07.22-v1,14.650376,11.06558,9.55555,11.24999,47.900272,1.885246,5.464,0,0,11.26776,4.871585,14.791,-233900,0.108374,18.617318
2026-07-22T19:48:43.469955+00:00,68,g068_0681_9107,hit_first_temporal_robustness,loto7-hit-first-2026.07.22-v1,15.197842,11.53005,11.333345,11.576073,48.310111,1.89071,6.557,1,0,11.480874,4.916393,15.701,-231400,0.139211,18.617318
2026-07-22T19:48:53.354309+00:00,69,g069_0069_6844,hit_first_temporal_robustness,loto7-hit-first-2026.07.22-v1,14.5707,10.956275,9.66666,11.086948,47.975408,1.896175,4.918,0,0,11.393443,4.920219,15.046,-233200,0.084746,18.617318
2026-07-22T19:49:11.391800+00:00,70,g070_0070_1133,hit_first_temporal_robustness,loto7-hit-first-2026.07.22-v1,17.756241,12.86886,11.222215,12.934783,62.980877,2.136612,6.557,2,0,13.453552,3.880874,16.976,-227900,0.152361,18.617318
2026-07-22T19:49:21.319677+00:00,71,g071_0712_9516,hit_first_temporal_robustness,loto7-hit-first-2026.07.22-v1,14.297436,10.464475,9.0,10.652168,49.740437,1.874317,3.279,1,0,11.530055,4.748634,12.24,-240900,0.178571,18.617318
2026-07-22T20:16:46.082400+00:00,72,g072_0724_2710,hit_first_temporal_robustness,loto7-hit-first-2026.07.22-v1,17.963719,12.75956,11.55554,12.391293,66.206285,2.136612,6.557,1,0,14.371585,3.879235,15.264,-232600,0.116945,18.617318
2026-07-22T20:18:20.164997+00:00,73,g073_0073_7194,hit_first_temporal_robustness,loto7-hit-first-2026.07.22-v1,11.968863,9.31693,8.333335,9.34782,36.586066,1.699454,2.732,0,0,9.852459,5.719672,11.694,-242400,0.165109,18.617318
2026-07-22T20:19:16.415180+00:00,74,g074_0744_1018,hit_first_temporal_robustness,loto7-hit-first-2026.07.22-v1,15.144965,11.25681,9.999995,11.195642,51.217209,1.934426,4.918,1,0,11.901639,4.725137,13.515,-237400,0.293801,18.617318
2026-07-22T21:11:11.629132+00:00,75,g075_0753_2212,hit_first_temporal_robustness,loto7-hit-first-2026.07.22-v1,17.502806,11.99454,10.66666,11.847818,68.31557,2.071038,5.464,0,0,14.754098,3.776503,12.678,-239700,0.08046,18.617318
2026-07-23T00:55:58.971539+00:00,76,g076_0076_8131,hit_first_temporal_robustness,loto7-hit-first-2026.07.22-v1,12.40572,9.699455,9.021735,9.776565,37.211747,1.743169,3.279,0,0,9.923497,5.669399,12.058,-241400,0.160121,18.617318
2026-07-23T00:56:17.155428+00:00,77,g077_0772_9573,hit_first_temporal_robustness,loto7-hit-first-2026.07.22-v1,17.244792,12.24043,11.111105,12.44564,62.941256,2.10929,4.918,2,0,13.480874,3.898907,17.887,-225400,0.221996,18.617318
2026-07-23T00:56:22.819194+00:00,78,g078_0078_6108,hit_first_temporal_robustness,loto7-hit-first-2026.07.22-v1,14.685204,11.065565,10.869555,11.04226,47.446725,1.918033,4.918,0,0,11.213115,4.906557,12.35,-240600,0.112094,18.617318
2026-07-23T00:56:28.568410+00:00,79,g079_0792_2034,hit_first_temporal_robustness,loto7-hit-first-2026.07.22-v1,16.461555,12.04917,10.869555,11.913048,57.280058,2.04918,6.011,0,0,11.994536,3.960109,12.313,-240700,0.118343,18.617318
2026-07-23T00:56:46.990457+00:00,80,g080_0804_2054,hit_first_temporal_robustness,loto7-hit-first-2026.07.22-v1,17.392707,12.322395,11.55555,12.554337,63.360659,2.103825,6.011,0,0,13.540984,3.871038,14.135,-235700,0.07732,18.617318
2026-07-23T00:57:19.635975+00:00,81,g081_0081_5773,hit_first_temporal_robustness,loto7-hit-first-2026.07.22-v1,17.544667,12.459015,11.55555,12.28261,64.249997,2.142077,5.464,1,0,13.819672,3.882514,17.086,-227600,0.232409,18.617318
2026-07-23T00:57:37.899983+00:00,82,g082_0821_2511,hit_first_temporal_robustness,loto7-hit-first-2026.07.22-v1,14.531423,10.737695,9.555555,10.76086,49.592893,1.918033,3.825,0,0,11.628415,4.814208,11.512,-242900,0.094937,18.617318
2026-07-23T01:35:24.029595+00:00,83,g083_0832_1018,hit_first_temporal_robustness,loto7-hit-first-2026.07.22-v1,15.158243,11.311455,9.444445,11.086948,51.542349,1.945355,4.918,1,0,11.994536,4.725137,15.228,-232700,0.296651,18.617318
2026-07-23T01:35:42.155629+00:00,84,g084_0084_7351,hit_first_temporal_robustness,loto7-hit-first-2026.07.22-v1,17.392056,12.404365,11.111105,12.663045,63.005465,2.076503,6.011,2,0,13.437158,3.869945,18.834,-222800,0.137331,18.617318
2026-07-23T01:36:14.447170+00:00,85,g085_0851_1964,hit_first_temporal_robustness,loto7-hit-first-2026.07.22-v1,17.213761,12.10382,10.77777,12.228248,64.114752,2.071038,5.464,1,0,13.786885,3.885246,14.718,-234100,0.175743,18.617318
2026-07-23T01:36:24.448906+00:00,86,g086_0086_4510,hit_first_temporal_robustness,loto7-hit-first-2026.07.22-v1,17.828112,13.30601,12.11112,12.391292,60.580603,2.114754,8.743,1,0,12.89071,3.938251,17.96,-225200,0.221095,18.617318
2026-07-23T01:45:35.939284+00:00,87,g087_0873_4537,hit_first_temporal_robustness,loto7-hit-first-2026.07.22-v1,17.395575,12.404365,10.222215,12.391295,64.077872,2.076503,6.011,2,0,13.983607,3.981967,18.288,-224300,0.13745,18.617318
2026-07-23T01:47:09.967768+00:00,88,g088_0088_4775,hit_first_temporal_robustness,loto7-hit-first-2026.07.22-v1,15.401514,11.50273,10.333325,11.68477,51.20765,1.95082,5.464,1,0,11.972678,4.759563,14.244,-235400,0.176471,18.617318
2026-07-23T01:51:10.824544+00:00,89,g089_0894_2376,hit_first_temporal_robustness,loto7-hit-first-2026.07.22-v1,17.264531,11.994515,10.22222,12.01086,66.092896,2.081967,4.918,1,0,14.300546,3.861202,16.612,-228900,0.239035,18.617318
2026-07-23T02:43:09.167987+00:00,90,g090_0902_3597,hit_first_temporal_robustness,loto7-hit-first-2026.07.22-v1,15.161317,11.2295,10.55554,10.923905,51.453548,1.95082,4.918,0,0,12.071038,4.772678,11.621,-242600,0.125392,18.617318
2026-07-23T02:43:14.868267+00:00,91,g091_0912_1396,hit_first_temporal_robustness,loto7-hit-first-2026.07.22-v1,11.521422,8.85246,8.444445,8.804345,35.926228,1.704918,1.093,0,0,9.688525,5.731148,8.889,-250100,0.204918,18.617318
2026-07-23T02:43:33.209711+00:00,92,g092_0924_8191,hit_first_temporal_robustness,loto7-hit-first-2026.07.22-v1,17.488099,12.540965,11.222215,12.44564,63.181698,2.125683,6.011,1,0,13.519126,3.884699,16.357,-229600,0.242762,18.617318
2026-07-23T02:43:51.391715+00:00,93,g093_0093_8361,hit_first_temporal_robustness,loto7-hit-first-2026.07.22-v1,15.366667,11.584705,10.55555,11.739123,50.042349,1.989071,5.464,0,0,11.699454,4.787432,13.698,-236900,0.093085,18.617318
2026-07-23T02:43:57.184836+00:00,94,g094_0094_6589,hit_first_temporal_robustness,loto7-hit-first-2026.07.22-v1,17.493323,13.224055,11.847815,13.074893,57.196725,2.120219,8.743,0,0,12.0,3.97377,15.883,-230900,0.084862,18.617318
2026-07-23T03:11:09.325932+00:00,95,g095_0951_1309,hit_first_temporal_robustness,loto7-hit-first-2026.07.22-v1,17.095369,11.50272,10.0,11.630427,68.47814,2.071038,3.825,0,0,14.79235,3.772678,11.075,-244100,0.092105,18.617318
2026-07-23T06:54:15.534712+00:00,96,g096_0096_7426,hit_first_temporal_robustness,loto7-hit-first-2026.07.22-v1,17.377559,12.021865,10.66666,12.228252,66.415302,2.076503,5.464,0,0,14.371585,3.851366,13.115,-238500,0.066667,18.617318
2026-07-23T06:54:45.860659+00:00,97,g097_0974_2882,hit_first_temporal_robustness,loto7-hit-first-2026.07.22-v1,17.940101,12.92348,11.999985,12.826087,63.945357,2.136612,7.104,1,0,13.825137,3.925683,17.851,-225500,0.122449,18.617318
2026-07-23T06:54:55.079061+00:00,98,g098_0984_9284,hit_first_temporal_robustness,loto7-hit-first-2026.07.22-v1,12.850366,10.191245,9.666655,10.217385,37.170762,1.743169,4.918,0,0,9.874317,5.651913,12.313,-240700,0.147929,18.617318
2026-07-23T06:57:17.488644+00:00,99,g099_0991_2979,hit_first_temporal_robustness,loto7-hit-first-2026.07.22-v1,18.188406,12.923505,10.666665,12.77173,67.560112,2.213115,5.464,2,0,14.562842,3.787978,16.539,-229100,0.156388,18.617318
2026-07-23T06:57:26.730765+00:00,100,g100_0100_2616,hit_first_temporal_robustness,loto7-hit-first-2026.07.22-v1,15.102162,11.42076,11.08695,11.375605,48.556016,1.934426,5.464,1,0,11.415301,4.853005,16.503,-229200,0.108168,18.617318
2026-07-23T06:57:32.004146+00:00,101,g101_1012_2201,hit_first_temporal_robustness,loto7-hit-first-2026.07.22-v1,15.86232,11.393445,10.222215,11.032602,57.452191,2.016393,4.372,0,0,11.994536,3.937158,12.095,-241300,0.090361,18.617318
2026-07-23T06:57:48.800578+00:00,102,g102_1022_3158,hit_first_temporal_robustness,loto7-hit-first-2026.07.22-v1,18.068012,13.196715,12.2826,13.237915,62.591534,2.147541,7.65,1,1,13.486339,3.948087,151.73,142000,0.907563,18.617318
2026-07-23T07:00:10.154561+00:00,103,g103_0103_9405,hit_first_temporal_robustness,loto7-hit-first-2026.07.22-v1,18.690995,13.497275,12.55554,13.641305,66.015023,2.196721,7.65,2,0,14.300546,3.871585,18.689,-223200,0.212476,18.690995
2026-07-23T07:00:27.145590+00:00,104,g104_0104_8166,hit_first_temporal_robustness,loto7-hit-first-2026.07.22-v1,17.334079,12.349725,10.77777,12.500005,63.270493,2.054645,6.557,1,0,13.491803,3.860109,13.515,-237400,0.132075,18.690995
2026-07-23T07:18:39.393704+00:00,105,g105_0105_8133,hit_first_temporal_robustness,loto7-hit-first-2026.07.22-v1,17.583473,12.26774,10.999995,12.391307,66.290986,2.136612,4.918,1,0,14.409836,3.885792,16.211,-230000,0.110112,18.690995
2026-07-23T07:18:44.674436+00:00,106,g106_0106_1776,hit_first_temporal_robustness,loto7-hit-first-2026.07.22-v1,16.341013,11.93988,10.333325,12.065205,57.086063,2.027322,6.011,0,0,12.0,3.988525,15.118,-233000,0.110843,18.690995
2026-07-23T07:20:12.019927+00:00,107,g107_1072_8470,hit_first_temporal_robustness,loto7-hit-first-2026.07.22-v1,15.24275,11.366125,10.666655,11.141298,50.961748,1.945355,5.464,0,0,11.972678,4.79235,12.714,-239600,0.114613,18.690995
2026-07-23T07:20:42.091882+00:00,108,g108_1083_5387,hit_first_temporal_robustness,loto7-hit-first-2026.07.22-v1,17.675423,12.650255,11.111105,12.391307,64.44399,2.081967,7.104,1,0,13.846995,3.869399,14.791,-233900,0.174877,18.690995
2026-07-23T07:20:47.268447+00:00,109,g109_1092_5395,hit_first_temporal_robustness,loto7-hit-first-2026.07.22-v1,14.400575,10.792355,9.999995,10.599028,47.740437,1.896175,4.372,0,0,11.153005,4.839344,11.293,-243500,0.096774,18.690995
2026-07-23T07:21:04.069597+00:00,110,g110_0110_6785,hit_first_temporal_robustness,loto7-hit-first-2026.07.22-v1,17.924425,13.06011,11.888875,12.989145,62.725408,2.131148,7.65,1,0,13.491803,3.932787,18.033,-225000,0.220202,18.690995
2026-07-23T07:22:31.621024+00:00,111,g111_1111_7515,hit_first_temporal_robustness,loto7-hit-first-2026.07.22-v1,17.481047,12.240445,11.55555,12.22825,65.209017,2.120219,5.464,0,0,14.081967,3.877049,13.078,-238600,0.083565,18.690995
2026-07-23T07:48:24.845503+00:00,112,g112_0112_4352,hit_first_temporal_robustness,loto7-hit-first-2026.07.22-v1,18.037938,12.868835,11.44443,12.717377,65.881142,2.125683,7.104,1,0,14.311475,3.894536,18.215,-224500,0.098,18.690995
2026-07-23T07:52:12.735840+00:00,113,g113_0113_8101,hit_first_temporal_robustness,loto7-hit-first-2026.07.22-v1,15.578214,11.63935,10.999985,11.684773,51.484974,2.0,5.464,0,0,12.027322,4.748087,11.293,-243500,0.119355,18.690995
2026-07-23T07:52:18.001886+00:00,114,g114_0114_3804,hit_first_temporal_robustness,loto7-hit-first-2026.07.22-v1,17.358936,13.08741,10.978255,13.405803,57.107926,2.092896,8.197,1,1,11.994536,3.98306,153.625,147200,0.89898,18.690995
2026-07-23T07:58:03.458465+00:00,115,g115_1154_3236,hit_first_temporal_robustness,loto7-hit-first-2026.07.22-v1,17.731697,12.185795,11.086955,12.13284,68.587432,2.174863,4.372,0,0,14.765027,3.745355,13.042,-238700,0.111732,18.690995
2026-07-23T07:58:20.179855+00:00,116,g116_0116_7984,hit_first_temporal_robustness,loto7-hit-first-2026.07.22-v1,17.244828,12.322395,10.333335,12.499987,62.924863,2.103825,6.011,0,0,13.415301,3.870492,13.297,-238000,0.10411,18.690995
2026-07-23T07:58:29.408683+00:00,117,g117_0117_1299,hit_first_temporal_robustness,loto7-hit-first-2026.07.22-v1,17.684929,13.005445,11.55554,13.15216,60.784151,2.153005,7.104,1,0,12.863388,3.898361,17.158,-227400,0.231423,18.690995
2026-07-23T07:58:38.646745+00:00,118,g118_1182_3605,hit_first_temporal_robustness,loto7-hit-first-2026.07.22-v1,16.712668,11.939895,9.88889,12.336945,60.831967,2.060109,5.464,0,0,12.901639,3.909836,13.661,-237000,0.101333,18.690995
2026-07-23T07:58:55.387260+00:00,119,g119_0119_7618,hit_first_temporal_robustness,loto7-hit-first-2026.07.22-v1,18.021371,13.14206,11.888875,13.04348,63.05601,2.114754,8.197,1,0,13.497268,3.891257,14.608,-234400,0.127182,18.690995
2026-07-23T08:01:17.507280+00:00,120,g120_1202_3928,hit_first_temporal_robustness,loto7-hit-first-2026.07.22-v1,18.359295,13.11476,11.111105,13.26087,66.987703,2.185792,6.557,2,0,14.442623,3.808197,17.45,-226600,0.227557,18.690995
2026-07-23T08:01:34.569776+00:00,121,g121_0121_5558,hit_first_temporal_robustness,loto7-hit-first-2026.07.22-v1,17.495493,12.595625,11.222215,12.22825,63.133884,2.169399,5.464,1,0,13.562842,3.911475,14.791,-233900,0.268473,18.690995
2026-07-23T08:01:51.253982+00:00,122,g122_0122_1574,hit_first_temporal_robustness,loto7-hit-first-2026.07.22-v1,17.998,13.169405,11.30434,13.00604,63.143444,2.174863,7.65,0,0,13.540984,3.9,15.993,-230600,0.113895,18.690995
2026-07-23T08:01:56.512695+00:00,123,g123_0123_4054,hit_first_temporal_robustness,loto7-hit-first-2026.07.22-v1,16.46366,12.18579,9.77778,11.84783,57.296453,2.021858,6.557,1,0,11.994536,3.957923,15.191,-232800,0.117506,18.690995
2026-07-23T08:10:38.649825+00:00,124,g124_0124_7508,hit_first_temporal_robustness,loto7-hit-first-2026.07.22-v1,18.057307,12.513655,11.19565,12.467378,69.060112,2.153005,5.464,1,0,14.874317,3.733333,13.078,-238600,0.197772,18.690995
2026-07-23T08:10:48.081549+00:00,125,g125_1251_4000,hit_first_temporal_robustness,loto7-hit-first-2026.07.22-v1,16.980777,12.51366,9.77778,11.57608,60.498634,2.087432,6.557,1,0,12.874317,3.94153,14.098,-235800,0.139535,18.690995
2026-07-23T08:29:08.175418+00:00,126,g126_1262_8114,hit_first_temporal_robustness,loto7-hit-first-2026.07.22-v1,17.545232,12.158475,11.222215,12.010862,66.952186,2.103825,5.464,0,0,14.519126,3.848634,13.078,-238600,0.097493,18.690995
2026-07-23T08:54:51.655320+00:00,127,g127_0127_1378,hit_first_temporal_robustness,loto7-hit-first-2026.07.22-v1,18.265153,12.86886,11.999985,12.77173,67.643444,2.180328,6.557,0,0,14.622951,3.804918,11.658,-242500,0.09375,18.690995
2026-07-23T08:57:15.840427+00:00,128,g128_0128_1502,hit_first_temporal_robustness,loto7-hit-first-2026.07.22-v1,15.490713,11.748615,10.777765,11.739135,49.95765,1.967213,6.011,1,0,11.759563,4.826776,16.503,-229200,0.273731,18.690995
2026-07-23T13:02:46.952861+00:00,129,g129_0129_6466,hit_first_temporal_robustness,loto7-hit-first-2026.07.22-v1,18.012561,12.62294,10.22222,13.152175,67.804642,2.163934,6.011,0,0,14.63388,3.788525,14.499,-234700,0.100503,18.690995
2026-07-23T13:03:40.210756+00:00,130,g130_0130_9674,hit_first_temporal_robustness,loto7-hit-first-2026.07.22-v1,14.812784,11.038245,9.22222,10.81521,50.504095,1.923497,4.372,1,0,11.786885,4.766667,13.005,-238800,0.305322,18.690995
2026-07-23T13:03:49.771395+00:00,131,g131_1312_5015,hit_first_temporal_robustness,loto7-hit-first-2026.07.22-v1,17.30606,12.67759,10.66666,12.49999,60.784155,2.10929,7.104,0,0,12.912568,3.921311,15.446,-232100,0.09434,18.690995
2026-07-23T13:04:43.424031+00:00,132,g132_0132_6866,hit_first_temporal_robustness,loto7-hit-first-2026.07.22-v1,17.450045,12.21312,10.444445,12.282598,65.913936,2.114754,5.464,0,0,14.147541,3.813661,12.86,-239200,0.076487,18.690995
2026-07-23T13:05:14.204178+00:00,133,g133_0133_1816,hit_first_temporal_robustness,loto7-hit-first-2026.07.22-v1,18.138537,13.03277,12.826075,13.02053,64.270488,2.15847,7.104,1,0,13.885246,3.910383,16.175,-230100,0.135135,18.690995
2026-07-23T13:07:40.177815+00:00,134,g134_1341_6612,hit_first_temporal_robustness,loto7-hit-first-2026.07.22-v1,18.458851,13.0601,12.44443,13.043465,67.560108,2.20765,6.011,2,0,14.530055,3.772678,16.102,-230300,0.246606,18.690995
2026-07-23T13:34:06.799239+00:00,135,g135_0135_4135,hit_first_temporal_robustness,loto7-hit-first-2026.07.22-v1,17.754949,12.65027,11.666655,12.44564,64.729508,2.114754,6.557,1,0,14.098361,3.948634,19.526,-220900,0.11194,18.690995
2026-07-23T13:34:37.771813+00:00,136,g136_1364_8388,hit_first_temporal_robustness,loto7-hit-first-2026.07.22-v1,14.738584,11.01092,10.54347,10.659413,49.083333,1.907104,4.918,0,0,11.601093,4.869399,14.317,-235200,0.122137,18.690995
2026-07-23T13:34:43.177440+00:00,137,g137_0137_1699,hit_first_temporal_robustness,loto7-hit-first-2026.07.22-v1,15.934358,11.475415,10.0,11.358688,57.385245,2.032787,4.372,0,0,12.0,3.948634,11.73,-242300,0.093168,18.690995
2026-07-23T13:35:14.251432+00:00,138,g138_0138_2261,hit_first_temporal_robustness,loto7-hit-first-2026.07.22-v1,17.870999,12.78687,11.111105,13.097827,64.595626,2.10929,7.104,1,0,13.879781,3.864481,16.393,-229500,0.242222,18.690995
2026-07-23T13:35:19.685448+00:00,139,g139_1394_4731,hit_first_temporal_robustness,loto7-hit-first-2026.07.22-v1,16.22478,11.77594,10.888875,11.467382,57.344265,1.972678,6.011,1,0,12.0,3.954098,14.536,-234600,0.122807,18.690995
2026-07-23T13:35:25.055510+00:00,140,g140_1402_7468,hit_first_temporal_robustness,loto7-hit-first-2026.07.22-v1,14.777903,11.202165,9.88888,11.576078,47.561478,1.923497,4.918,1,0,11.180328,4.875956,15.118,-233000,0.166265,18.690995
2026-07-23T13:35:56.088895+00:00,141,g141_1414_7522,hit_first_temporal_robustness,loto7-hit-first-2026.07.22-v1,15.640747,11.93989,10.777765,12.119553,49.662569,1.972678,6.557,1,0,11.693989,4.835519,15.883,-230900,0.112385,18.690995
2026-07-23T13:36:13.577945+00:00,142,g142_1421_7121,hit_first_temporal_robustness,loto7-hit-first-2026.07.22-v1,17.383252,12.4317,11.0,12.336945,63.206282,2.15847,5.464,0,0,13.469945,3.85847,13.588,-237200,0.075067,18.690995
2026-07-23T13:36:19.079951+00:00,143,g143_1434_1475,hit_first_temporal_robustness,loto7-hit-first-2026.07.22-v1,17.65248,13.333345,12.11112,13.369565,57.459015,2.098361,8.743,2,0,12.0,3.938798,17.559,-226300,0.105809,18.690995
2026-07-23T13:36:50.226753+00:00,144,g144_1442_3122,hit_first_temporal_robustness,loto7-hit-first-2026.07.22-v1,14.256451,10.409815,9.11111,10.652165,49.624317,1.896175,2.732,1,0,11.666667,4.827869,13.297,-238000,0.29863,18.690995
2026-07-23T13:39:17.557240+00:00,145,g145_0145_1655,hit_first_temporal_robustness,loto7-hit-first-2026.07.22-v1,16.703996,11.17485,10.11111,11.195642,67.292352,2.005464,3.825,0,0,14.502732,3.795628,9.8,-247600,0.089219,18.690995
2026-07-23T14:29:17.495003+00:00,146,g146_1462_7827,hit_first_temporal_robustness,loto7-hit-first-2026.07.22-v1,15.112862,10.79234,10.43478,10.765697,54.315578,1.994536,2.732,0,0,12.47541,4.579781,10.674,-245200,0.136519,18.690995
2026-07-23T15:05:44.269387+00:00,147,g147_0147_7222,hit_first_temporal_robustness,loto7-hit-first-2026.07.22-v1,17.912588,12.677595,11.999985,12.717392,65.521859,2.120219,6.557,1,0,14.273224,3.92459,16.539,-229100,0.10793,18.690995
2026-07-23T18:35:36.102612+00:00,148,g148_0148_5076,hit_first_temporal_robustness,loto7-hit-first-2026.07.22-v1,17.688829,12.48632,10.999995,12.554337,65.618854,2.114754,6.011,1,0,14.081967,3.822404,14.39,-235000,0.124051,18.690995
2026-07-23T18:36:18.639013+00:00,149,g149_0149_5005,hit_first_temporal_robustness,loto7-hit-first-2026.07.22-v1,17.536492,12.29509,10.22222,12.71738,65.860653,2.131148,5.464,0,0,14.196721,3.843716,13.115,-238500,0.138889,18.690995
2026-07-23T18:46:21.237911+00:00,150,g150_1504_2650,hit_first_temporal_robustness,loto7-hit-first-2026.07.22-v1,18.300486,12.97814,12.33332,12.880437,66.834699,2.180328,6.557,1,0,14.480874,3.846448,18.179,-224600,0.218437,18.690995
2026-07-23T18:46:28.623666+00:00,151,g151_0151_2745,hit_first_temporal_robustness,loto7-hit-first-2026.07.22-v1,17.49153,12.868835,10.44444,13.369565,60.434421,2.125683,7.104,1,0,12.901639,3.962842,19.454,-221100,0.132959,18.690995
2026-07-23T18:46:52.589753+00:00,152,g152_1524_5968,hit_first_temporal_robustness,loto7-hit-first-2026.07.22-v1,17.270079,12.13113,11.222215,12.01086,64.392074,2.10929,4.918,1,0,13.907104,3.904372,16.503,-229200,0.240618,18.690995
2026-07-23T18:46:56.755889+00:00,153,g153_0153_8525,hit_first_temporal_robustness,loto7-hit-first-2026.07.22-v1,16.932406,12.622945,11.52173,12.14494,57.172132,2.032787,8.197,0,0,12.0,3.977049,13.479,-237500,0.124324,18.690995
2026-07-23T18:47:20.709341+00:00,154,g154_1542_1745,hit_first_temporal_robustness,loto7-hit-first-2026.07.22-v1,17.287691,12.0765,10.666665,12.391293,64.938525,2.131148,4.372,1,0,13.918033,3.836612,15.337,-232400,0.258907,18.690995
2026-07-23T19:25:40.693616+00:00,155,g155_1553_4378,hit_first_temporal_robustness,loto7-hit-first-2026.07.22-v1,11.985108,9.31693,8.999995,9.239125,36.345628,1.699454,2.732,0,0,9.814208,5.73388,11.293,-243500,0.16129,18.690995
2026-07-23T19:45:50.632168+00:00,156,g156_1562_7225,hit_first_temporal_robustness,loto7-hit-first-2026.07.22-v1,12.129428,9.45354,8.555555,9.510865,36.862023,1.726776,2.732,0,0,9.879781,5.695628,11.22,-243700,0.162338,18.690995
2026-07-23T19:46:32.027862+00:00,157,g157_0157_9150,hit_first_temporal_robustness,loto7-hit-first-2026.07.22-v1,15.242771,11.420745,10.333325,11.24999,50.715847,1.967213,4.918,1,0,11.874317,4.779235,15.009,-233300,0.167476,18.690995
2026-07-23T19:46:56.004233+00:00,158,g158_1581_3520,hit_first_temporal_robustness,loto7-hit-first-2026.07.22-v1,18.171791,13.087425,11.55554,13.206537,65.01366,2.125683,8.197,0,0,13.978142,3.854645,16.284,-229800,0.111857,18.690995
2026-07-23T19:47:03.361394+00:00,159,g159_0159_7425,hit_first_temporal_robustness,loto7-hit-first-2026.07.22-v1,16.781682,12.02185,11.33332,11.630425,60.640706,2.043716,6.011,0,0,12.879781,3.925137,12.568,-240000,0.13913,18.690995
2026-07-23T19:47:44.601920+00:00,160,g160_0160_1266,hit_first_temporal_robustness,loto7-hit-first-2026.07.22-v1,18.194059,13.196715,11.111105,13.152188,64.892076,2.169399,7.104,2,0,14.038251,3.898907,20.182,-219100,0.196751,18.690995
2026-07-23T19:57:42.014756+00:00,161,g161_0161_2420,hit_first_temporal_robustness,loto7-hit-first-2026.07.22-v1,12.281305,9.64481,9.239125,9.557963,36.438529,1.73224,3.279,0,0,9.803279,5.716393,12.277,-240800,0.148368,18.690995
2026-07-23T20:00:39.995829+00:00,162,g162_0162_9034,hit_first_temporal_robustness,loto7-hit-first-2026.07.22-v1,12.01284,9.28962,8.444445,9.184777,37.323773,1.726776,2.186,0,0,9.967213,5.674863,11.111,-244000,0.163934,18.690995
2026-07-23T20:02:32.346694+00:00,163,g163_0163_4109,hit_first_temporal_robustness,loto7-hit-first-2026.07.22-v1,18.644728,13.25135,11.999985,13.478262,67.913931,2.202186,7.104,1,0,14.639344,3.776503,15.519,-231900,0.255869,18.690995
2026-07-23T20:40:46.979179+00:00,164,g164_1643_4501,hit_first_temporal_robustness,loto7-hit-first-2026.07.22-v1,12.506479,10.13659,8.444445,10.108687,35.222679,1.775956,3.825,1,0,9.617486,5.791803,16.612,-228900,0.243421,18.690995
2026-07-24T01:09:30.938884+00:00,165,g165_0165_2946,hit_first_temporal_robustness,loto7-hit-first-2026.07.22-v1,15.295566,11.63934,10.869555,11.535013,48.942624,1.978142,5.464,1,0,11.590164,4.88306,16.175,-230100,0.245495,18.690995
2026-07-24T01:15:12.374612+00:00,166,g166_0166_9347,hit_first_temporal_robustness,loto7-hit-first-2026.07.22-v1,18.041096,12.84152,10.88888,13.26087,65.896175,2.163934,6.011,2,0,14.333333,3.902732,19.854,-220000,0.216514,18.690995
2026-07-24T01:40:41.542859+00:00,167,g167_0167_2692,hit_first_temporal_robustness,loto7-hit-first-2026.07.22-v1,17.760009,12.431685,10.88888,12.33696,67.062842,2.125683,6.011,0,0,14.535519,3.84153,13.151,-238400,0.096953,18.690995
2026-07-24T01:40:58.463442+00:00,168,g168_0168_9725,hit_first_temporal_robustness,loto7-hit-first-2026.07.22-v1,17.233038,12.295075,10.66666,12.608697,62.60109,2.098361,6.011,0,0,13.497268,3.951913,14.499,-234700,0.070352,18.690995
2026-07-24T01:42:26.011804+00:00,169,g169_1691_7717,hit_first_temporal_robustness,loto7-hit-first-2026.07.22-v1,12.144869,9.28962,9.13043,9.239125,38.030055,1.726776,2.186,0,0,10.076503,5.631694,9.071,-249600,0.120482,18.690995
2026-07-24T01:42:42.811972+00:00,170,g170_0170_3994,hit_first_temporal_robustness,loto7-hit-first-2026.07.22-v1,14.427517,10.710375,9.333335,10.652168,49.053279,1.923497,3.279,1,0,11.590164,4.868306,13.333,-237900,0.215847,18.690995
2026-07-24T01:44:10.123425+00:00,171,g171_0171_7049,hit_first_temporal_robustness,loto7-hit-first-2026.07.22-v1,15.23511,11.42076,9.77777,11.630425,50.627051,1.934426,5.464,1,0,11.836066,4.773224,15.628,-231600,0.289044,18.690995
2026-07-24T01:44:40.222196+00:00,172,g172_0172_9171,hit_first_temporal_robustness,loto7-hit-first-2026.07.22-v1,17.656339,12.513655,11.222215,12.771743,64.663939,2.098361,6.011,2,0,13.885246,3.857923,17.851,-225500,0.222449,18.690995
2026-07-24T01:46:07.636601+00:00,173,g173_1733_9719,hit_first_temporal_robustness,loto7-hit-first-2026.07.22-v1,17.449138,12.15846,11.195645,11.975835,66.054643,2.092896,4.918,2,0,14.256831,3.845902,16.612,-228900,0.239035,18.690995
2026-07-24T01:46:16.952886+00:00,174,g174_1741_2448,hit_first_temporal_robustness,loto7-hit-first-2026.07.22-v1,17.098473,12.37703,10.66666,12.391307,60.942625,2.092896,6.011,1,0,12.918033,3.902732,16.685,-228700,0.237991,18.690995
2026-07-24T01:46:22.228614+00:00,175,g175_1754_6912,hit_first_temporal_robustness,loto7-hit-first-2026.07.22-v1,16.619358,12.24043,11.1111,12.065207,57.143445,2.043716,6.011,2,0,12.0,3.980874,15.993,-230600,0.116173,18.690995
2026-07-24T01:46:39.074781+00:00,176,g176_1763_4594,hit_first_temporal_robustness,loto7-hit-first-2026.07.22-v1,15.341609,11.66665,10.111105,11.95651,49.312841,1.95082,6.011,1,0,11.617486,4.846448,16.248,-229900,0.159193,18.690995
2026-07-24T01:47:09.099522+00:00,177,g177_0177_9446,hit_first_temporal_robustness,loto7-hit-first-2026.07.22-v1,11.826425,9.262295,8.333335,9.076083,35.870219,1.721311,2.186,0,0,9.699454,5.743716,11.293,-243500,0.16129,18.690995
2026-07-24T01:49:30.940199+00:00,178,g178_1784_9864,hit_first_temporal_robustness,loto7-hit-first-2026.07.22-v1,17.672998,12.29509,10.444445,12.282595,67.569675,2.087432,5.464,2,0,14.52459,3.768852,18.506,-223700,0.214567,18.690995
2026-07-24T01:50:58.205675+00:00,179,g179_1792_3918,hit_first_temporal_robustness,loto7-hit-first-2026.07.22-v1,17.699173,12.43169,10.444445,12.77174,66.288253,2.136612,5.464,1,0,14.256831,3.814754,14.244,-235400,0.181586,18.690995
2026-07-24T01:56:39.883715+00:00,180,g180_1804_8925,hit_first_temporal_robustness,loto7-hit-first-2026.07.22-v1,14.7438,10.573775,9.8913,10.600235,52.78825,1.918033,3.279,0,0,12.20765,4.65847,9.035,-249700,0.177419,18.690995
2026-07-24T02:09:04.555396+00:00,181,g181_1813_2812,hit_first_temporal_robustness,loto7-hit-first-2026.07.22-v1,18.029287,12.568315,10.333335,13.097827,68.3306,2.120219,6.557,0,0,14.79235,3.79235,13.515,-237400,0.080863,18.690995
2026-07-24T02:10:32.100851+00:00,182,g182_1821_6763,hit_first_temporal_robustness,loto7-hit-first-2026.07.22-v1,17.423751,12.103815,11.086955,11.972215,66.274585,2.125683,4.918,0,0,14.311475,3.842077,13.37,-237800,0.108992,18.690995
2026-07-24T02:10:41.287646+00:00,183,g183_0183_4367,hit_first_temporal_robustness,loto7-hit-first-2026.07.22-v1,17.441401,12.70491,12.06521,12.632862,60.668035,2.114754,7.104,0,0,12.868852,3.916393,13.953,-236200,0.104439,18.690995
2026-07-24T02:36:13.721661+00:00,184,g184_1844_8679,hit_first_temporal_robustness,loto7-hit-first-2026.07.22-v1,12.181822,9.590165,9.239125,9.39492,36.021859,1.721311,3.279,0,0,9.765027,5.754098,11.475,-243000,0.15873,18.690995
2026-07-24T02:37:05.551383+00:00,185,g185_1852_2085,hit_first_temporal_robustness,loto7-hit-first-2026.07.22-v1,12.058208,9.426215,8.91304,9.120767,36.523225,1.721311,2.732,0,0,9.808743,5.70765,11.184,-243800,0.172638,18.690995
2026-07-24T02:49:36.497663+00:00,186,g186_0186_1300,hit_first_temporal_robustness,loto7-hit-first-2026.07.22-v1,18.410624,12.841525,12.065205,12.468587,69.601093,2.142077,7.104,0,0,14.972678,3.707104,14.463,-234800,0.088161,18.690995
2026-07-24T02:51:57.715651+00:00,187,g187_1873_7242,hit_first_temporal_robustness,loto7-hit-first-2026.07.22-v1,11.875461,9.125685,8.22222,9.076083,37.405736,1.693989,2.186,0,0,9.934426,5.648634,10.965,-244400,0.17608,18.690995
2026-07-24T02:55:40.894844+00:00,188,g188_1883_2647,hit_first_temporal_robustness,loto7-hit-first-2026.07.22-v1,18.460694,13.305995,12.555565,13.369565,65.37705,2.147541,8.197,1,0,14.213115,3.915847,16.976,-227900,0.233906,18.690995
2026-07-24T08:38:21.222294+00:00,189,g189_1891_9739,hit_first_temporal_robustness,loto7-hit-first-2026.07.22-v1,15.330091,11.53005,9.77777,11.576078,50.877048,1.956284,5.464,1,0,11.967213,4.801093,13.552,-237300,0.163978,18.690995
2026-07-24T08:38:31.326245+00:00,190,g190_1904_4267,hit_first_temporal_robustness,loto7-hit-first-2026.07.22-v1,17.401146,12.622935,11.956515,12.693235,60.853822,2.142077,6.011,1,0,12.896175,3.904372,14.026,-236000,0.155844,18.690995
2026-07-24T08:38:41.344428+00:00,191,g191_1913_1026,hit_first_temporal_robustness,loto7-hit-first-2026.07.22-v1,14.077769,10.163935,9.565215,10.275355,49.647543,1.901639,2.186,0,0,11.491803,4.743169,11.475,-243000,0.152381,18.690995
2026-07-24T08:38:51.364007+00:00,192,g192_1921_1493,hit_first_temporal_robustness,loto7-hit-first-2026.07.22-v1,14.887795,11.14753,10.777765,11.195645,48.788254,1.934426,4.918,0,0,11.486339,4.855191,13.916,-236300,0.13089,18.690995
2026-07-24T09:06:29.810391+00:00,193,g193_0193_8671,hit_first_temporal_robustness,loto7-hit-first-2026.07.22-v1,15.271298,11.202165,9.444445,10.760865,53.829233,1.989071,3.825,1,0,12.437158,4.626776,13.77,-236700,0.18254,18.690995
2026-07-24T09:08:05.484563+00:00,194,g194_1942_7146,hit_first_temporal_robustness,loto7-hit-first-2026.07.22-v1,17.350944,12.158465,10.999995,12.01086,65.187162,2.081967,5.464,1,0,14.136612,3.905464,17.231,-227200,0.230444,18.690995
2026-07-24T09:12:09.892280+00:00,195,g195_1951_3720,hit_first_temporal_robustness,loto7-hit-first-2026.07.22-v1,15.346614,11.14752,10.111105,11.195645,53.909838,1.978142,3.825,1,0,12.42623,4.610929,12.058,-241400,0.208459,18.690995
2026-07-24T09:13:44.839233+00:00,196,g196_0196_5012,hit_first_temporal_robustness,loto7-hit-first-2026.07.22-v1,15.127995,11.284135,10.326085,11.15216,50.647542,1.939891,4.918,1,0,11.868852,4.785792,14.499,-234700,0.311558,18.690995
2026-07-24T09:16:19.975997+00:00,197,g197_0197_6544,hit_first_temporal_robustness,loto7-hit-first-2026.07.22-v1,18.590278,13.25136,12.1111,13.206523,67.606557,2.180328,7.104,2,0,14.540984,3.771585,17.851,-225500,0.222449,18.690995
2026-07-24T09:17:16.687455+00:00,198,g198_1982_7622,hit_first_temporal_robustness,loto7-hit-first-2026.07.22-v1,15.733296,11.91255,10.44444,12.173903,50.980877,2.0,6.011,1,0,11.896175,4.754098,15.228,-232700,0.165072,18.690995
2026-07-24T09:30:52.204229+00:00,199,g199_0199_7338,hit_first_temporal_robustness,loto7-hit-first-2026.07.22-v1,17.991385,12.459025,10.77777,12.826087,68.687157,2.098361,6.557,0,0,14.79235,3.744809,13.807,-236600,0.079156,18.690995
2026-07-24T09:31:10.504623+00:00,200,g200_2004_3959,hit_first_temporal_robustness,loto7-hit-first-2026.07.22-v1,16.920488,11.93987,10.0,12.06521,63.147542,2.071038,4.918,1,0,13.508197,3.884153,14.463,-234800,0.151134,18.690995
2026-07-24T09:40:26.205592+00:00,201,g201_2012_3567,hit_first_temporal_robustness,loto7-hit-first-2026.07.22-v1,17.25493,11.939885,11.222215,11.793473,65.840165,2.103825,4.372,1,0,14.262295,3.877049,14.572,-234500,0.2725,18.690995
2026-07-24T09:41:22.595885+00:00,202,g202_2024_1921,hit_first_temporal_robustness,loto7-hit-first-2026.07.22-v1,17.992291,12.759555,11.44444,12.554353,66.38525,2.125683,7.104,0,0,14.245902,3.796721,11.512,-242900,0.06962,18.690995
2026-07-24T12:48:00.038657+00:00,203,g203_0203_4615,hit_first_temporal_robustness,loto7-hit-first-2026.07.22-v1,18.728794,13.224025,12.49999,13.291075,68.770487,2.196721,7.104,1,0,14.786885,3.731148,15.446,-232100,0.167453,18.728794
2026-07-24T12:48:19.903734+00:00,204,g204_2044_6676,hit_first_temporal_robustness,loto7-hit-first-2026.07.22-v1,11.679727,9.01638,8.22222,8.804345,36.53962,1.704918,1.639,0,0,9.808743,5.705464,12.204,-241000,0.149254,18.728794
2026-07-24T12:50:49.292932+00:00,205,g205_0205_8159,hit_first_temporal_robustness,loto7-hit-first-2026.07.22-v1,15.211065,11.311455,10.999985,11.141295,50.760926,1.945355,4.918,1,0,11.907104,4.788525,16.102,-230300,0.246606,18.728794
2026-07-24T12:50:52.740711+00:00,206,g206_2064_8233,hit_first_temporal_robustness,loto7-hit-first-2026.07.22-v1,16.536581,12.1858,10.66666,12.01086,57.118852,2.065574,5.464,2,0,12.0,3.984153,17.851,-225500,0.144898,18.728794
2026-07-24T12:51:50.334336+00:00,207,g207_0207_5574,hit_first_temporal_robustness,loto7-hit-first-2026.07.22-v1,15.491818,11.557385,10.999995,11.358685,51.586064,1.983607,5.464,0,0,11.983607,4.714208,11.585,-242700,0.125786,18.728794
2026-07-24T12:53:24.856703+00:00,208,g208_0208_6349,hit_first_temporal_robustness,loto7-hit-first-2026.07.22-v1,15.669755,11.93989,11.1111,11.467382,50.468578,1.972678,6.557,1,0,11.863388,4.807104,16.503,-229200,0.156733,18.728794
2026-07-24T12:54:00.264932+00:00,209,g209_0209_6640,hit_first_temporal_robustness,loto7-hit-first-2026.07.22-v1,15.610771,11.885245,11.304335,11.647343,49.890711,1.961749,6.557,1,0,11.748634,4.830601,16.284,-229800,0.243848,18.728794
2026-07-24T12:54:34.834213+00:00,210,g210_0210_4799,hit_first_temporal_robustness,loto7-hit-first-2026.07.22-v1,17.704483,12.513655,10.666665,12.8261,65.524591,2.142077,6.011,0,0,14.114754,3.850273,15.847,-231000,0.091954,18.728794
2026-07-24T12:54:41.014255+00:00,211,g211_0211_1711,hit_first_temporal_robustness,loto7-hit-first-2026.07.22-v1,17.462508,12.73224,11.888875,12.826087,60.596994,2.131148,6.557,1,0,12.907104,3.943716,16.976,-227900,0.152361,18.728794
2026-07-24T12:58:32.155250+00:00,212,g212_2121_5299,hit_first_temporal_robustness,loto7-hit-first-2026.07.22-v1,15.171392,11.01091,9.347825,10.984293,53.978139,1.95082,3.825,1,0,12.448087,4.612022,13.333,-237900,0.166667,18.728794
2026-07-24T12:58:52.372944+00:00,213,g213_0213_3749,hit_first_temporal_robustness,loto7-hit-first-2026.07.22-v1,18.59678,13.770475,11.888875,13.04348,64.411202,2.174863,9.29,1,0,13.928962,3.912022,19.854,-220000,0.2,18.728794
2026-07-24T13:01:18.667203+00:00,214,g214_0214_7704,hit_first_temporal_robustness,loto7-hit-first-2026.07.22-v1,18.089203,12.6776,11.666655,12.717382,67.554644,2.163934,5.464,2,0,14.584699,3.798907,17.195,-227300,0.230932,18.728794
2026-07-24T13:02:53.417756+00:00,215,g215_0215_8171,hit_first_temporal_robustness,loto7-hit-first-2026.07.22-v1,15.539749,11.55736,10.88888,11.141298,52.415305,1.994536,4.918,1,0,12.191257,4.700546,15.519,-231900,0.161972,18.728794
2026-07-24T13:03:27.743599+00:00,216,g216_2163_9249,hit_first_temporal_robustness,loto7-hit-first-2026.07.22-v1,15.958787,12.185785,10.88888,12.11957,51.032787,2.032787,6.011,2,0,11.868852,4.734426,16.138,-230200,0.155756,18.728794
2026-07-24T13:20:30.294322+00:00,217,g217_0217_4156,hit_first_temporal_robustness,loto7-hit-first-2026.07.22-v1,14.655952,10.983585,9.77777,10.869557,48.808739,1.945355,3.825,1,0,11.584699,4.898361,14.572,-234500,0.15,18.728794
2026-07-24T13:24:20.314687+00:00,218,g218_0218_9984,hit_first_temporal_robustness,loto7-hit-first-2026.07.22-v1,17.779054,12.295065,10.77777,12.228252,68.428965,2.142077,4.918,1,0,14.759563,3.763934,13.406,-237700,0.277174,18.728794
2026-07-24T13:25:18.018286+00:00,219,g219_2191_6885,hit_first_temporal_robustness,loto7-hit-first-2026.07.22-v1,14.669983,10.87432,9.782605,10.824867,49.763661,1.912568,4.372,0,0,11.748634,4.847541,14.026,-236000,0.114286,18.728794
2026-07-24T13:26:51.942545+00:00,220,g220_2203_4050,hit_first_temporal_robustness,loto7-hit-first-2026.07.22-v1,15.348076,11.338805,10.326085,11.307975,52.278686,1.939891,5.464,0,0,12.147541,4.698361,13.078,-238600,0.133705,18.728794
2026-07-24T13:32:33.473653+00:00,221,g221_2213_1942,hit_first_temporal_robustness,loto7-hit-first-2026.07.22-v1,18.661393,13.22405,11.777765,13.478262,68.449451,2.185792,7.65,0,0,14.743169,3.753552,14.026,-236000,0.103896,18.728794
2026-07-24T13:32:53.249196+00:00,222,g222_0222_6288,hit_first_temporal_robustness,loto7-hit-first-2026.07.22-v1,14.208548,10.300535,9.11111,10.380427,50.236336,1.896175,2.732,0,0,11.775956,4.797268,11.985,-241600,0.145897,18.728794
2026-07-24T13:33:51.545021+00:00,223,g223_0223_5003,hit_first_temporal_robustness,loto7-hit-first-2026.07.22-v1,18.425109,13.224035,11.55555,12.934783,66.916664,2.174863,7.104,2,0,14.398907,3.797268,17.887,-225400,0.221996,18.728794
2026-07-24T13:45:58.786929+00:00,224,g224_0224_3748,hit_first_temporal_robustness,loto7-hit-first-2026.07.22-v1,17.880588,12.404375,10.77777,12.826075,67.961752,2.153005,5.464,0,0,14.693989,3.795628,13.916,-236300,0.104712,18.728794
2026-07-24T13:46:02.180080+00:00,225,g225_2251_7055,hit_first_temporal_robustness,loto7-hit-first-2026.07.22-v1,12.020077,9.42622,8.47826,9.288642,36.288254,1.73224,2.186,1,0,9.699454,5.687978,11.913,-241800,0.217125,18.728794
2026-07-24T13:46:21.946510+00:00,226,g226_2262_7289,hit_first_temporal_robustness,loto7-hit-first-2026.07.22-v1,14.911196,10.92895,10.333325,10.86956,51.299183,1.956284,3.825,0,0,11.885246,4.706557,11.002,-244300,0.125828,18.728794
2026-07-24T13:46:41.596907+00:00,227,g227_2271_5634,hit_first_temporal_robustness,loto7-hit-first-2026.07.22-v1,18.143574,13.142075,11.55554,13.532608,63.957653,2.103825,7.65,3,0,13.808743,3.916393,22.186,-213600,0.178982,18.728794
2026-07-24T13:46:52.625006+00:00,228,g228_2281_4804,hit_first_temporal_robustness,loto7-hit-first-2026.07.22-v1,17.504013,12.486335,11.55554,12.608683,63.26093,2.081967,6.557,1,0,13.530055,3.879235,13.588,-237200,0.160858,18.728794
2026-07-24T13:47:50.720173+00:00,229,g229_2291_7446,hit_first_temporal_robustness,loto7-hit-first-2026.07.22-v1,18.050163,12.759545,11.888875,12.880422,66.21721,2.169399,6.011,1,0,14.311475,3.849727,13.333,-237900,0.193989,18.728794
2026-07-24T13:48:10.485101+00:00,230,g230_2302_3289,hit_first_temporal_robustness,loto7-hit-first-2026.07.22-v1,15.551265,11.557385,10.88888,11.52173,52.073772,1.983607,5.464,0,0,12.032787,4.672131,12.641,-239800,0.112392,18.728794
2026-07-24T13:49:09.049797+00:00,231,g231_0231_9820,hit_first_temporal_robustness,loto7-hit-first-2026.07.22-v1,17.604029,12.349725,11.666655,12.391293,65.389342,2.120219,5.464,1,0,14.163934,3.891257,14.9,-233600,0.266504,18.728794
2026-07-24T13:49:20.044439+00:00,232,g232_2321_4352,hit_first_temporal_robustness,loto7-hit-first-2026.07.22-v1,15.021947,11.202175,10.333325,11.141295,50.168033,1.945355,4.918,0,0,11.688525,4.765574,12.75,-239500,0.12,18.728794
2026-07-24T14:13:09.331496+00:00,233,g233_2334_7599,hit_first_temporal_robustness,loto7-hit-first-2026.07.22-v1,17.892903,12.26775,9.88889,12.880425,69.68716,2.114754,4.918,2,0,15.021858,3.718579,14.608,-234400,0.27182,18.728794
2026-07-24T14:13:30.180774+00:00,234,g234_0234_3132,hit_first_temporal_robustness,loto7-hit-first-2026.07.22-v1,14.868079,11.147535,9.11111,11.684773,49.33743,1.945355,4.372,1,0,11.63388,4.85082,15.009,-233300,0.264563,18.728794
2026-07-24T14:21:57.548820+00:00,235,g235_0235_3511,hit_first_temporal_robustness,loto7-hit-first-2026.07.22-v1,18.160037,12.75957,11.666655,12.82609,67.558743,2.15847,6.557,0,0,14.617486,3.813661,13.479,-237500,0.083784,18.728794
2026-07-24T14:23:32.134597+00:00,236,g236_2362_3606,hit_first_temporal_robustness,loto7-hit-first-2026.07.22-v1,12.65619,10.02731,9.45652,9.893712,36.933062,1.775956,3.825,0,0,9.923497,5.706557,11.148,-243900,0.137255,18.728794
2026-07-24T14:26:03.262320+00:00,237,g237_0237_3923,hit_first_temporal_robustness,loto7-hit-first-2026.07.22-v1,14.735159,10.68305,9.77777,10.923905,51.639342,1.907104,3.825,0,0,12.04918,4.737705,10.783,-244900,0.111486,18.728794
2026-07-24T14:26:38.157526+00:00,238,g238_0238_8003,hit_first_temporal_robustness,loto7-hit-first-2026.07.22-v1,12.371254,9.754085,9.021735,9.61352,36.680329,1.721311,3.825,0,0,9.819672,5.691803,11.002,-244300,0.165563,18.728794
2026-07-24T14:27:13.395648+00:00,239,g239_0239_6096,hit_first_temporal_robustness,loto7-hit-first-2026.07.22-v1,15.675592,11.77595,10.77777,11.684773,51.680328,2.005464,5.464,1,0,11.967213,4.693989,15.665,-231500,0.183721,18.728794
2026-07-24T14:39:18.527098+00:00,240,g240_2401_9723,hit_first_temporal_robustness,loto7-hit-first-2026.07.22-v1,18.399287,12.814215,11.333325,12.71738,69.965849,2.169399,6.557,0,0,15.005464,3.67377,13.843,-236500,0.1,18.728794
2026-07-24T14:39:29.746835+00:00,241,g241_0241_3047,hit_first_temporal_robustness,loto7-hit-first-2026.07.22-v1,14.917522,11.09289,10.652165,11.099023,49.684429,1.934426,4.372,1,0,11.672131,4.822404,13.151,-238400,0.191136,18.728794
2026-07-24T14:39:33.152916+00:00,242,g242_0242_7587,hit_first_temporal_robustness,loto7-hit-first-2026.07.22-v1,14.889738,11.448085,10.33332,11.521742,46.668034,1.874317,6.557,1,0,11.065574,4.94153,16.685,-228700,0.131004,18.728794
2026-07-24T14:41:08.301519+00:00,243,g243_0243_2553,hit_first_temporal_robustness,loto7-hit-first-2026.07.22-v1,18.152093,12.841515,11.333325,13.206508,66.715851,2.142077,6.011,3,0,14.382514,3.816393,16.976,-227900,0.212446,18.728794
2026-07-24T14:49:35.729202+00:00,244,g244_2443_7071,hit_first_temporal_robustness,loto7-hit-first-2026.07.22-v1,15.217128,11.065565,9.555555,11.52173,53.241807,1.983607,3.825,0,0,12.327869,4.654098,11.658,-242500,0.096875,18.728794
2026-07-24T17:58:49.410447+00:00,1,g001_0011_9746,hit_first_temporal_robustness,loto7-hit-first-2026.07.22-v1,14.895518,11.250005,9.782605,11.467382,48.618207,1.923913,5.435,0,0,11.5,4.884239,13.623,-238400,0.101064,17.572023
2026-07-24T17:59:43.289393+00:00,2,g002_0002_6664,hit_first_temporal_robustness,loto7-hit-first-2026.07.22-v1,17.511958,12.33696,10.54348,12.717382,65.065216,2.152174,4.891,1,0,14.092391,3.901087,14.203,-236800,0.125,17.572023
2026-07-24T18:12:34.935616+00:00,3,g003_0003_7615,hit_first_temporal_robustness,loto7-hit-first-2026.07.22-v1,18.063725,13.01631,11.086955,12.934767,65.131795,2.13587,7.065,2,0,14.13587,3.9125,19.13,-223200,0.13447,18.063725
2026-07-24T18:13:05.896662+00:00,4,g004_0004_3867,hit_first_temporal_robustness,loto7-hit-first-2026.07.22-v1,17.532331,12.581515,9.891305,12.880422,63.883153,2.103261,6.522,1,0,13.847826,3.944565,19.094,-223300,0.206831,18.063725
2026-07-24T18:16:54.163720+00:00,5,g005_0005_3068,hit_first_temporal_robustness,loto7-hit-first-2026.07.22-v1,17.586697,12.554365,9.891305,13.04348,64.421197,2.130435,5.435,2,1,14.01087,3.948913,154.167,149500,0.888367,18.063725
2026-07-24T18:17:24.815410+00:00,6,g006_0006_3449,hit_first_temporal_robustness,loto7-hit-first-2026.07.22-v1,18.110742,13.12501,9.891305,13.913055,64.623642,2.125,7.609,2,0,13.88587,3.863587,16.812,-229600,0.148707,18.110742
2026-07-24T18:17:30.100587+00:00,7,g007_0073_9921,hit_first_temporal_robustness,loto7-hit-first-2026.07.22-v1,15.015222,11.358705,10.652165,11.413032,48.423916,1.913043,5.978,0,0,11.298913,4.816304,14.348,-236400,0.088384,18.110742
2026-07-24T18:18:24.189158+00:00,8,g008_0082_3152,hit_first_temporal_robustness,loto7-hit-first-2026.07.22-v1,13.222832,10.652185,9.45652,10.760858,37.18478,1.782609,5.435,1,0,10.0,5.708696,19.167,-223100,0.153119,18.110742
2026-07-24T18:20:48.691038+00:00,9,g009_0009_2516,hit_first_temporal_robustness,loto7-hit-first-2026.07.22-v1,15.224321,11.277175,9.23913,11.902175,51.629075,1.940217,4.891,1,0,12.043478,4.736413,16.341,-230900,0.274945,18.110742
2026-07-24T18:21:19.434141+00:00,10,g010_0102_3624,hit_first_temporal_robustness,loto7-hit-first-2026.07.22-v1,17.658707,12.58154,11.956515,12.282597,64.21196,2.13587,5.978,1,0,13.88587,3.918478,18.333,-225400,0.215415,18.110742
2026-07-24T18:22:12.763524+00:00,11,g011_0111_1259,hit_first_temporal_robustness,loto7-hit-first-2026.07.22-v1,15.017112,11.141295,9.673915,11.46738,50.682066,1.978261,3.804,1,0,11.853261,4.773913,14.855,-235000,0.168293,18.110742
2026-07-24T18:22:43.487208+00:00,12,g012_0012_2381,hit_first_temporal_robustness,loto7-hit-first-2026.07.22-v1,14.728657,10.978245,9.78261,10.869557,49.569296,1.967391,3.804,0,0,11.657609,4.830978,13.442,-238900,0.080863,18.110742
2026-07-24T18:23:14.249754+00:00,13,g013_0131_2268,hit_first_temporal_robustness,loto7-hit-first-2026.07.22-v1,17.777998,12.771755,10.326085,13.26086,64.2038,2.173913,5.978,1,0,13.869565,3.911957,15.507,-233200,0.140187,18.110742
2026-07-24T18:23:44.948890+00:00,14,g014_0144_4530,hit_first_temporal_robustness,loto7-hit-first-2026.07.22-v1,15.034641,11.08695,10.86956,11.086948,50.737771,1.956522,4.348,0,0,11.842391,4.761413,12.355,-241900,0.096774,18.110742
2026-07-24T18:23:54.368605+00:00,15,g015_0015_2416,hit_first_temporal_robustness,loto7-hit-first-2026.07.22-v1,17.365623,12.690215,11.086955,12.663045,60.759512,2.092391,7.065,1,0,12.875,3.907065,14.674,-235500,0.120988,18.110742
2026-07-24T18:24:48.704040+00:00,16,g016_0016_9035,hit_first_temporal_robustness,loto7-hit-first-2026.07.22-v1,15.536138,11.90217,10.10869,12.391305,49.089672,1.956522,7.065,0,0,11.619565,4.877174,15.652,-232800,0.097222,18.110742
2026-07-24T18:25:19.572431+00:00,17,g017_0017_7458,hit_first_temporal_robustness,loto7-hit-first-2026.07.22-v1,17.368895,12.41849,10.0,12.717395,63.498645,2.11413,5.435,2,0,13.755435,3.952717,20.29,-220000,0.194643,18.110742
2026-07-24T18:25:36.728919+00:00,18,g018_0018_1140,hit_first_temporal_robustness,loto7-hit-first-2026.07.22-v1,12.490205,9.83694,8.91304,9.836952,37.108697,1.73913,3.804,0,0,9.961957,5.701087,12.899,-240400,0.140449,18.110742
2026-07-24T18:27:06.274422+00:00,19,g019_0192_8150,hit_first_temporal_robustness,loto7-hit-first-2026.07.22-v1,14.713711,10.73368,9.782605,10.81521,51.197011,1.918478,3.804,0,0,11.913043,4.733152,11.775,-243500,0.101538,18.110742
2026-07-24T18:28:36.050679+00:00,20,g020_0201_9755,hit_first_temporal_robustness,loto7-hit-first-2026.07.22-v1,17.092791,11.766295,10.434785,11.902165,65.933421,2.092391,4.348,0,0,14.222826,3.846196,13.261,-239400,0.081967,18.110742
2026-07-24T18:31:01.420078+00:00,21,g021_0212_7111,hit_first_temporal_robustness,loto7-hit-first-2026.07.22-v1,12.095926,9.34783,8.91304,9.40217,37.111411,1.706522,2.717,0,0,9.918478,5.680435,11.159,-245200,0.162338,18.110742
2026-07-24T18:33:27.271112+00:00,22,g022_0222_3602,hit_first_temporal_robustness,loto7-hit-first-2026.07.22-v1,17.574328,12.255445,11.30434,12.010875,66.498644,2.092391,5.978,0,0,14.358696,3.834239,13.043,-240000,0.086111,18.110742
2026-07-24T18:33:32.685492+00:00,23,g023_0234_3544,hit_first_temporal_robustness,loto7-hit-first-2026.07.22-v1,16.564542,12.0924,11.630425,12.065207,57.21603,2.070652,5.435,1,0,12.0,3.971196,12.754,-240800,0.139205,18.110742
2026-07-24T18:33:42.322183+00:00,24,g024_0024_4612,hit_first_temporal_robustness,loto7-hit-first-2026.07.22-v1,17.080449,12.391325,10.978255,12.173917,60.673915,2.076087,5.978,2,0,12.875,3.918478,16.413,-230700,0.145695,18.110742
2026-07-24T18:34:13.215696+00:00,25,g025_0025_9910,hit_first_temporal_robustness,loto7-hit-first-2026.07.22-v1,17.848111,12.77176,11.521735,12.771728,64.535327,2.152174,5.978,2,0,13.880435,3.872826,19.058,-223400,0.207224,18.110742
2026-07-24T18:34:18.615287+00:00,26,g026_0261_1054,hit_first_temporal_robustness,loto7-hit-first-2026.07.22-v1,16.615343,12.201075,11.52173,11.956513,57.180702,2.048913,6.522,0,0,11.994565,3.97337,15.181,-234100,0.085919,18.110742
2026-07-24T18:36:44.572492+00:00,27,g027_0272_3314,hit_first_temporal_robustness,loto7-hit-first-2026.07.22-v1,11.968073,9.375005,8.586955,9.456515,35.838312,1.711957,2.717,0,0,9.744565,5.769022,11.304,-244800,0.160256,18.110742
2026-07-24T18:45:29.784091+00:00,28,g028_0028_7295,hit_first_temporal_robustness,loto7-hit-first-2026.07.22-v1,12.435739,9.72827,8.47826,9.728255,37.802985,1.75,3.261,0,0,9.98913,5.621196,11.304,-244800,0.157051,18.110742
2026-07-24T18:46:23.449717+00:00,29,g029_0029_6977,hit_first_temporal_robustness,loto7-hit-first-2026.07.22-v1,14.850131,11.00543,9.565215,10.869557,50.767659,1.918478,4.348,1,0,11.820652,4.747283,13.768,-238000,0.286842,18.110742
2026-07-24T18:50:13.177544+00:00,30,g030_0303_5186,hit_first_temporal_robustness,loto7-hit-first-2026.07.22-v1,18.03967,13.043475,11.84782,12.663032,64.41848,2.163043,7.065,1,0,14.054348,3.969565,19.348,-222600,0.132959,18.110742
2026-07-24T18:50:18.601934+00:00,31,g031_0314_1896,hit_first_temporal_robustness,loto7-hit-first-2026.07.22-v1,16.63437,12.364125,10.86956,11.630425,57.142665,2.059783,6.522,1,0,12.0,3.980978,15.652,-232800,0.164352,18.110742
2026-07-24T18:50:28.235689+00:00,32,g032_0321_7239,hit_first_temporal_robustness,loto7-hit-first-2026.07.22-v1,16.614135,11.82066,10.108695,12.119553,60.766306,2.016304,5.435,1,0,12.896739,3.916304,13.188,-239600,0.167582,18.110742
2026-07-24T18:51:58.259738+00:00,33,g033_0033_7439,hit_first_temporal_robustness,loto7-hit-first-2026.07.22-v1,17.376362,12.03805,10.65217,12.119555,66.432064,2.081522,5.435,0,0,14.331522,3.830435,12.971,-240200,0.089385,18.110742
2026-07-24T18:52:15.644788+00:00,34,g034_0034_9316,hit_first_temporal_robustness,loto7-hit-first-2026.07.22-v1,17.936418,13.097835,10.86956,13.315215,63.005432,2.130435,8.152,0,0,13.527174,3.911957,15.833,-232300,0.06865,18.110742
2026-07-24T18:58:05.140651+00:00,35,g035_0035_4850,hit_first_temporal_robustness,loto7-hit-first-2026.07.22-v1,15.524057,11.84784,10.10869,12.010858,49.805705,1.98913,5.978,1,0,11.755435,4.845109,15.833,-232300,0.249428,18.110742
2026-07-24T18:58:58.101719+00:00,36,g036_0036_7591,hit_first_temporal_robustness,loto7-hit-first-2026.07.22-v1,14.616443,10.59783,10.0,10.652168,51.197014,1.956522,2.717,0,0,11.896739,4.725543,12.717,-240900,0.099715,18.110742
2026-07-24T18:59:07.505694+00:00,37,g037_0037_5596,hit_first_temporal_robustness,loto7-hit-first-2026.07.22-v1,17.23683,12.500015,11.304345,12.608683,60.694296,2.119565,5.978,1,0,12.842391,3.900543,16.594,-230200,0.131004,18.110742
2026-07-24T18:59:38.046454+00:00,38,g038_0038_6959,hit_first_temporal_robustness,loto7-hit-first-2026.07.22-v1,14.900816,11.08696,9.67391,11.032597,50.421197,1.902174,4.891,1,0,11.771739,4.770652,15.616,-232900,0.2529,18.110742
2026-07-24T19:00:30.867476+00:00,39,g039_0392_5765,hit_first_temporal_robustness,loto7-hit-first-2026.07.22-v1,14.94252,11.0326,9.782605,10.59782,51.653536,1.945652,4.348,0,0,11.978261,4.702717,12.138,-242500,0.143284,18.110742
2026-07-24T19:00:48.271372+00:00,40,g040_0402_4202,hit_first_temporal_robustness,loto7-hit-first-2026.07.22-v1,17.537226,12.66304,10.434785,12.826087,62.991851,2.108696,7.065,0,0,13.483696,3.893478,14.71,-235400,0.073892,18.110742
2026-07-24T19:04:37.079041+00:00,41,g041_0041_5670,hit_first_temporal_robustness,loto7-hit-first-2026.07.22-v1,12.331114,9.51087,9.021735,9.510865,38.104621,1.73913,2.717,0,0,10.103261,5.634239,11.884,-243200,0.128049,18.110742
2026-07-24T19:05:30.666700+00:00,42,g042_0421_3858,hit_first_temporal_robustness,loto7-hit-first-2026.07.22-v1,18.413732,13.478275,11.52173,13.152178,64.7894,2.173913,8.696,0,0,14.038043,3.9125,16.232,-231200,0.100446,18.413732
2026-07-24T19:05:35.980620+00:00,43,g043_0433_5247,hit_first_temporal_robustness,loto7-hit-first-2026.07.22-v1,14.693613,11.11413,9.02174,11.521728,48.093753,1.929348,4.891,0,0,11.233696,4.829891,12.536,-241400,0.115607,18.413732
2026-07-24T19:05:45.398157+00:00,44,g044_0044_7560,hit_first_temporal_robustness,loto7-hit-first-2026.07.22-v1,17.331788,12.663035,10.978255,12.717392,60.633156,2.119565,6.522,1,0,12.858696,3.916304,17.899,-226600,0.220648,18.413732
2026-07-24T19:09:34.470906+00:00,45,g045_0045_9734,hit_first_temporal_robustness,loto7-hit-first-2026.07.22-v1,17.421331,12.14674,10.434785,12.44564,65.903537,2.13587,4.891,0,0,14.277174,3.875543,11.812,-243400,0.092025,18.413732
2026-07-24T19:09:51.690570+00:00,46,g046_0046_6452,hit_first_temporal_robustness,loto7-hit-first-2026.07.22-v1,17.523244,12.66306,11.086955,12.717382,62.460602,2.152174,5.978,1,0,13.456522,3.95163,17.138,-228700,0.103594,18.413732
2026-07-24T19:10:22.256595+00:00,47,g047_0047_5721,hit_first_temporal_robustness,loto7-hit-first-2026.07.22-v1,11.746192,9.157605,8.47826,8.91304,35.880433,1.701087,2.174,0,0,9.673913,5.730435,12.029,-242800,0.159639,18.413732
2026-07-24T19:19:06.167510+00:00,48,g048_0484_2656,hit_first_temporal_robustness,loto7-hit-first-2026.07.22-v1,17.750285,12.282625,10.108695,12.771752,68.111412,2.076087,5.978,1,0,14.690217,3.773913,15.507,-233200,0.254673,18.413732
2026-07-24T19:19:15.545331+00:00,49,g049_0492_1537,hit_first_temporal_robustness,loto7-hit-first-2026.07.22-v1,14.437374,10.65219,10.217385,10.380427,49.177986,1.891304,3.261,2,0,11.478261,4.799457,17.21,-228500,0.229474,18.413732
2026-07-24T19:20:44.572405+00:00,50,g050_0050_4940,hit_first_temporal_robustness,loto7-hit-first-2026.07.22-v1,12.269434,9.565225,8.91304,9.293475,37.455163,1.717391,3.261,0,0,9.929348,5.639674,11.486,-244300,0.126183,18.413732
2026-07-24T19:26:32.274796+00:00,51,g051_0514_6779,hit_first_temporal_robustness,loto7-hit-first-2026.07.22-v1,15.055159,11.168475,9.347825,11.304337,51.328802,1.951087,4.348,1,0,11.956522,4.73587,14.457,-236100,0.310777,18.413732
2026-07-24T19:27:26.015044+00:00,52,g052_0524_8896,hit_first_temporal_robustness,loto7-hit-first-2026.07.22-v1,11.943474,9.239125,9.13043,9.239125,36.369569,1.717391,2.174,0,0,9.836957,5.741304,11.957,-243000,0.127273,18.413732
2026-07-24T19:27:43.379356+00:00,53,g053_0053_2939,hit_first_temporal_robustness,loto7-hit-first-2026.07.22-v1,12.180441,9.483705,8.26087,9.619557,37.266308,1.701087,3.261,0,0,9.88587,5.644565,11.993,-242900,0.120846,18.413732
2026-07-24T19:28:00.559306+00:00,54,g054_0054_6383,hit_first_temporal_robustness,loto7-hit-first-2026.07.22-v1,17.35787,12.44564,11.19565,12.282597,62.763584,2.097826,6.522,0,0,13.451087,3.908696,13.406,-239000,0.081081,18.413732
2026-07-24T19:36:50.505893+00:00,55,g055_0553_5339,hit_first_temporal_robustness,loto7-hit-first-2026.07.22-v1,15.212357,11.0326,9.782605,11.08695,53.764948,1.956522,3.804,1,0,12.38587,4.611413,12.138,-242500,0.325373,18.413732
2026-07-24T19:38:19.635977+00:00,56,g056_0562_9527,hit_first_temporal_robustness,loto7-hit-first-2026.07.22-v1,15.658146,11.766295,10.760865,12.010872,51.195656,1.961957,6.522,0,0,11.934783,4.743478,15.326,-233700,0.070922,18.413732
2026-07-24T19:38:25.010991+00:00,57,g057_0572_5256,hit_first_temporal_robustness,loto7-hit-first-2026.07.22-v1,16.808964,12.3913,11.413035,12.608697,57.089678,2.054348,7.065,0,0,12.0,3.988043,12.355,-241900,0.111437,18.413732
2026-07-24T19:38:55.835605+00:00,58,g058_0581_5926,hit_first_temporal_robustness,loto7-hit-first-2026.07.22-v1,17.927445,12.93478,10.434785,13.478275,64.209234,2.152174,6.522,2,0,13.815217,3.88587,19.457,-222300,0.20298,18.413732
2026-07-24T19:39:12.881850+00:00,59,g059_0059_6058,hit_first_temporal_robustness,loto7-hit-first-2026.07.22-v1,15.122966,11.4674,10.978255,11.413032,48.479619,1.945652,5.435,1,0,11.483696,4.895109,15.217,-234000,0.169048,18.413732
2026-07-24T19:39:22.249647+00:00,60,g060_0604_8001,hit_first_temporal_robustness,loto7-hit-first-2026.07.22-v1,15.098917,11.358705,10.10869,11.68477,49.369563,1.913043,5.978,0,0,11.559783,4.811957,15.217,-234000,0.114286,18.413732
2026-07-24T19:39:31.763827+00:00,61,g061_0061_9219,hit_first_temporal_robustness,loto7-hit-first-2026.07.22-v1,14.362781,10.625015,9.782605,10.489125,48.839672,1.907609,3.261,1,0,11.461957,4.836957,13.804,-237900,0.286089,18.413732
2026-07-24T19:40:24.984304+00:00,62,g062_0062_4123,hit_first_temporal_robustness,loto7-hit-first-2026.07.22-v1,14.716027,10.86956,9.8913,10.652165,50.377717,1.902174,3.804,2,0,11.782609,4.781522,17.21,-228500,0.229474,18.413732
2026-07-24T19:42:50.042855+00:00,63,g063_0063_4493,hit_first_temporal_robustness,loto7-hit-first-2026.07.22-v1,12.151228,9.565225,8.369565,9.402168,36.577447,1.717391,3.261,0,0,9.820652,5.705978,11.812,-243400,0.162577,18.413732
2026-07-24T19:44:19.327091+00:00,64,g064_0642_9285,hit_first_temporal_robustness,loto7-hit-first-2026.07.22-v1,17.346743,12.010875,10.21739,12.445653,66.282609,2.076087,5.435,0,0,14.277174,3.825,13.514,-238700,0.080429,18.413732
2026-07-24T19:50:10.559881+00:00,65,g065_0065_5682,hit_first_temporal_robustness,loto7-hit-first-2026.07.22-v1,17.479903,12.2011,9.78261,12.88045,66.108697,2.081522,5.978,0,0,14.336957,3.876087,12.899,-240400,0.08427,18.413732
2026-07-24T19:51:04.042347+00:00,66,g066_0663_4934,hit_first_temporal_robustness,loto7-hit-first-2026.07.22-v1,15.673642,12.038045,10.652165,12.28261,49.209243,1.951087,7.609,0,0,11.630435,4.866304,15.58,-233000,0.111628,18.413732
2026-07-24T19:51:57.153380+00:00,67,g067_0673_4403,hit_first_temporal_robustness,loto7-hit-first-2026.07.22-v1,12.614548,9.89132,9.13043,9.782602,37.86277,1.76087,3.261,1,0,10.01087,5.62337,14.058,-237200,0.157216,18.413732
2026-07-24T19:53:26.269123+00:00,68,g068_0068_1219,hit_first_temporal_robustness,loto7-hit-first-2026.07.22-v1,17.482484,12.336975,11.413035,12.01086,64.922555,2.086957,5.978,1,0,14.125,3.935326,14.384,-236300,0.198992,18.413732
2026-07-24T19:53:57.312817+00:00,69,g069_0069_4769,hit_first_temporal_robustness,loto7-hit-first-2026.07.22-v1,17.284107,12.30979,11.41304,11.847818,63.324725,2.13587,5.435,0,0,13.75,3.97337,14.71,-235400,0.093596,18.413732
2026-07-24T19:54:02.660977+00:00,70,g070_0070_7680,hit_first_temporal_robustness,loto7-hit-first-2026.07.22-v1,16.222688,11.73913,11.30434,11.630427,57.052987,2.054348,4.891,0,0,12.0,3.992935,12.174,-242400,0.130952,18.413732
2026-07-24T19:54:07.997103+00:00,71,g071_0712_2524,hit_first_temporal_robustness,loto7-hit-first-2026.07.22-v1,12.059512,9.538045,8.26087,9.673908,35.611415,1.744565,2.717,0,0,9.625,5.743478,9.964,-248500,0.181818,18.413732
2026-07-24T19:55:01.167420+00:00,72,g072_0723_4629,hit_first_temporal_robustness,loto7-hit-first-2026.07.22-v1,17.65232,12.52719,10.978255,12.663045,64.854617,2.13587,5.435,2,0,14.070652,3.919022,18.877,-223900,0.209213,18.413732
2026-07-24T19:57:25.680440+00:00,73,g073_0073_8741,hit_first_temporal_robustness,loto7-hit-first-2026.07.22-v1,15.344435,11.494575,9.8913,11.576075,51.177992,1.951087,5.435,1,0,11.956522,4.755978,15.181,-234100,0.295943,18.413732
2026-07-24T20:06:11.996042+00:00,74,g074_0074_3002,hit_first_temporal_robustness,loto7-hit-first-2026.07.22-v1,17.156118,11.95653,10.65217,11.739123,65.256789,2.043478,5.435,1,0,14.190217,3.921196,13.949,-237500,0.153247,18.413732
2026-07-24T23:05:59.699591+00:00,75,g075_0075_3523,hit_first_temporal_robustness,loto7-hit-first-2026.07.22-v1,14.587778,10.733705,9.78261,10.489128,50.328802,1.951087,3.261,0,0,11.815217,4.803261,12.174,-242400,0.092262,18.413732
2026-07-24T23:11:43.968803+00:00,76,g076_0076_1968,hit_first_temporal_robustness,loto7-hit-first-2026.07.22-v1,17.649448,12.63586,11.52173,12.228252,64.152176,2.11413,6.522,1,0,13.978261,3.969565,17.101,-228800,0.103814,18.413732
2026-07-24T23:11:49.173262+00:00,77,g077_0773_5076,hit_first_temporal_robustness,loto7-hit-first-2026.07.22-v1,14.616844,10.92391,10.54347,10.923905,48.157607,1.891304,4.891,0,0,11.255435,4.831522,13.732,-238100,0.110818,18.413732
2026-07-24T23:17:35.000327+00:00,78,g078_0078_7159,hit_first_temporal_robustness,loto7-hit-first-2026.07.22-v1,17.031785,11.630425,10.326085,11.847817,66.42663,2.065217,4.348,0,0,14.38587,3.856522,9.493,-249800,0.114504,18.413732
2026-07-24T23:17:40.275356+00:00,79,g079_0079_7474,hit_first_temporal_robustness,loto7-hit-first-2026.07.22-v1,16.437081,12.03803,11.195645,11.630425,57.191572,2.016304,6.522,0,0,12.0,3.974457,13.514,-238700,0.096515,18.413732
2026-07-24T23:30:20.250572+00:00,80,g080_0801_2799,hit_first_temporal_robustness,loto7-hit-first-2026.07.22-v1,17.338182,12.010875,10.86956,12.173903,66.001359,2.086957,4.891,1,0,14.326087,3.885326,16.123,-231500,0.244944,18.413732
2026-07-24T23:30:25.537649+00:00,81,g081_0081_3413,hit_first_temporal_robustness,loto7-hit-first-2026.07.22-v1,16.538596,12.146755,10.65217,12.119555,57.293475,2.048913,5.978,1,0,12.0,3.96087,13.514,-238700,0.184987,18.413732
2026-07-24T23:30:30.833199+00:00,82,g082_0824_3554,hit_first_temporal_robustness,loto7-hit-first-2026.07.22-v1,16.26427,11.793485,9.891305,12.336945,57.370927,2.032609,5.435,0,0,12.0,3.950543,12.645,-241100,0.114613,18.413732
2026-07-24T23:36:17.000865+00:00,83,g083_0083_4284,hit_first_temporal_robustness,loto7-hit-first-2026.07.22-v1,17.259102,11.875,9.891305,12.282597,66.813863,2.081522,4.891,0,0,14.483696,3.850543,11.413,-244500,0.095238,18.413732
2026-07-24T23:42:01.806180+00:00,84,g084_0084_5177,hit_first_temporal_robustness,loto7-hit-first-2026.07.22-v1,17.387504,12.092395,10.21739,12.17392,66.445656,2.092391,5.435,0,0,14.407609,3.86413,13.514,-238700,0.080429,18.413732
2026-07-24T23:42:07.066566+00:00,85,g085_0851_8520,hit_first_temporal_robustness,loto7-hit-first-2026.07.22-v1,16.788039,12.33695,11.739125,12.391305,57.260873,2.043478,7.065,0,0,12.0,3.965217,13.478,-238800,0.115591,18.413732
2026-07-24T23:42:59.495269+00:00,86,g086_0863_1570,hit_first_temporal_robustness,loto7-hit-first-2026.07.22-v1,17.919972,12.93478,10.65217,13.423928,64.025815,2.141304,7.065,1,0,13.913043,3.955978,18.913,-223800,0.208812,18.413732
2026-07-24T23:43:16.350320+00:00,87,g087_0871_5897,hit_first_temporal_robustness,loto7-hit-first-2026.07.22-v1,15.443606,11.766295,9.67391,12.119553,49.789406,1.940217,6.522,1,0,11.657609,4.80163,16.667,-230000,0.236957,18.413732
2026-07-24T23:44:08.925315+00:00,88,g088_0884_3140,hit_first_temporal_robustness,loto7-hit-first-2026.07.22-v1,17.108422,11.73913,11.195645,11.63043,65.997282,2.054348,4.891,0,0,14.244565,3.847826,11.775,-243500,0.092308,18.413732
2026-07-24T23:44:18.269854+00:00,89,g089_0089_6900,hit_first_temporal_robustness,loto7-hit-first-2026.07.22-v1,17.480706,12.85326,10.65217,13.04348,60.660328,2.11413,7.609,0,0,12.880435,3.922826,14.42,-236200,0.100503,18.413732
2026-07-24T23:46:40.994539+00:00,90,g090_0090_6445,hit_first_temporal_robustness,loto7-hit-first-2026.07.22-v1,17.773908,12.74456,10.978255,12.608685,64.61413,2.13587,6.522,1,0,14.070652,3.951087,16.196,-231300,0.185682,18.413732
2026-07-24T23:49:04.231365+00:00,91,g091_0091_7528,hit_first_temporal_robustness,loto7-hit-first-2026.07.22-v1,18.213582,13.23369,11.52173,13.47826,64.108696,2.125,7.609,3,0,13.972826,3.972826,20.942,-218200,0.188581,18.413732
2026-07-24T23:49:13.617817+00:00,92,g092_0092_8112,hit_first_temporal_robustness,loto7-hit-first-2026.07.22-v1,17.383829,12.79891,10.543475,12.77174,60.485056,2.11413,7.065,1,0,12.896739,3.953804,16.812,-229600,0.234914,18.413732
2026-07-24T23:49:43.843708+00:00,93,g093_0093_1282,hit_first_temporal_robustness,loto7-hit-first-2026.07.22-v1,15.54252,11.902165,10.652165,11.793482,49.436139,1.967391,6.522,1,0,11.652174,4.846196,16.92,-229300,0.233405,18.413732
2026-07-24T23:50:36.375920+00:00,94,g094_0094_2779,hit_first_temporal_robustness,loto7-hit-first-2026.07.22-v1,15.446865,11.847815,10.10869,12.119553,48.903531,1.978261,6.522,0,0,11.597826,4.891848,14.203,-236800,0.107143,18.413732
2026-07-24T23:56:22.930958+00:00,95,g095_0095_7497,hit_first_temporal_robustness,loto7-hit-first-2026.07.22-v1,15.101896,11.059775,10.326085,11.0326,52.100543,1.961957,3.804,1,0,12.097826,4.698913,15.254,-233900,0.258907,18.413732
2026-07-25T00:05:01.646023+00:00,96,g096_0964_6857,hit_first_temporal_robustness,loto7-hit-first-2026.07.22-v1,17.603267,12.41849,10.760865,12.22825,65.820652,2.125,5.978,0,0,14.25,3.873913,14.493,-236000,0.09,18.413732
2026-07-25T00:05:54.077862+00:00,97,g097_0097_4003,hit_first_temporal_robustness,loto7-hit-first-2026.07.22-v1,17.726215,12.69021,11.84782,12.282597,64.213312,2.11413,7.065,0,0,13.945652,3.946196,17.283,-228300,0.100629,18.413732
2026-07-25T00:08:16.077138+00:00,98,g098_0984_4544,hit_first_temporal_robustness,loto7-hit-first-2026.07.22-v1,12.797553,10.27174,9.565215,10.05434,36.355975,1.76087,4.891,0,0,9.875,5.76087,14.058,-237200,0.14433,18.413732
2026-07-25T00:08:46.384841+00:00,99,g099_0994_6487,hit_first_temporal_robustness,loto7-hit-first-2026.07.22-v1,15.428522,11.711945,11.195645,11.576075,49.453803,1.951087,6.522,0,0,11.679348,4.856522,15.543,-233100,0.111888,18.413732
2026-07-25T00:21:28.707524+00:00,100,g100_0100_8662,hit_first_temporal_robustness,loto7-hit-first-2026.07.22-v1,11.981112,9.32065,8.586955,9.076083,36.80571,1.733696,2.174,0,0,9.88587,5.705978,11.775,-243500,0.153846,18.413732
2026-07-25T00:25:15.829185+00:00,101,g101_0101_2744,hit_first_temporal_robustness,loto7-hit-first-2026.07.22-v1,17.662504,12.554355,11.84782,11.956515,64.918478,2.184783,5.435,0,0,14.108696,3.928261,15.217,-234000,0.119048,18.413732
2026-07-25T00:27:38.636119+00:00,102,g102_0102_2951,hit_first_temporal_robustness,loto7-hit-first-2026.07.22-v1,11.948913,9.29348,8.804345,9.184777,36.369562,1.695652,2.717,0,0,9.771739,5.71087,12.645,-241100,0.151862,18.413732
2026-07-25T00:28:31.380157+00:00,103,g103_0103_2741,hit_first_temporal_robustness,loto7-hit-first-2026.07.22-v1,17.325004,12.201095,10.108695,12.22825,65.081524,2.092391,5.435,1,0,14.027174,3.868478,15.326,-233700,0.257683,18.413732
2026-07-25T00:29:23.910543+00:00,104,g104_1042_2695,hit_first_temporal_robustness,loto7-hit-first-2026.07.22-v1,14.614952,10.62501,9.782605,10.543473,51.296199,1.929348,3.261,0,0,11.907609,4.717391,11.558,-244100,0.087774,18.413732
2026-07-25T00:31:46.763000+00:00,105,g105_1054_9260,hit_first_temporal_robustness,loto7-hit-first-2026.07.22-v1,17.646476,12.41849,9.78261,12.6087,66.578806,2.125,5.978,0,0,14.396739,3.841304,12.645,-241100,0.08596,18.413732
2026-07-25T00:40:28.562136+00:00,106,g106_1063_9952,hit_first_temporal_robustness,loto7-hit-first-2026.07.22-v1,15.193886,11.413045,9.673915,11.630425,50.351905,1.967391,4.891,1,0,11.836957,4.810326,15.833,-232300,0.162471,18.413732
2026-07-25T00:41:57.118534+00:00,107,g107_0107_9255,hit_first_temporal_robustness,loto7-hit-first-2026.07.22-v1,12.096876,9.42935,8.91304,9.293475,36.680704,1.722826,2.717,0,0,9.831522,5.697283,11.377,-244600,0.127389,18.413732
2026-07-25T00:44:20.811974+00:00,108,g108_0108_7211,hit_first_temporal_robustness,loto7-hit-first-2026.07.22-v1,17.30666,12.010875,10.760865,11.739123,66.294834,2.076087,5.435,0,0,14.326087,3.846196,11.413,-244500,0.095238,18.413732
2026-07-25T00:45:13.513243+00:00,109,g109_0109_6047,hit_first_temporal_robustness,loto7-hit-first-2026.07.22-v1,17.383836,12.30979,11.19565,11.902165,64.430708,2.13587,5.435,0,0,13.972826,3.929891,15.109,-234300,0.071942,18.413732
2026-07-25T00:45:22.856588+00:00,110,g110_0110_7334,hit_first_temporal_robustness,loto7-hit-first-2026.07.22-v1,17.110322,12.47282,10.326085,12.554353,60.467393,2.070652,7.065,0,0,12.869565,3.943478,14.891,-234900,0.075426,18.413732
2026-07-25T00:47:46.600179+00:00,111,g111_1114_6268,hit_first_temporal_robustness,loto7-hit-first-2026.07.22-v1,17.109365,11.711945,10.86956,11.684775,66.392661,2.092391,3.804,1,0,14.342391,3.840761,13.877,-237700,0.284595,18.413732
2026-07-25T00:47:51.919595+00:00,112,g112_0112_7526,hit_first_temporal_robustness,loto7-hit-first-2026.07.22-v1,16.425273,12.06522,10.0,12.173905,57.1875,2.097826,4.891,1,0,12.0,3.975,14.71,-235400,0.12069,18.413732
2026-07-25T00:48:08.794493+00:00,113,g113_0113_3590,hit_first_temporal_robustness,loto7-hit-first-2026.07.22-v1,17.472156,12.52719,11.739125,12.554335,62.574726,2.125,5.978,1,0,13.472826,3.944022,16.087,-231600,0.135135,18.413732
2026-07-25T01:06:28.324314+00:00,114,g114_1142_5607,hit_first_temporal_robustness,loto7-hit-first-2026.07.22-v1,15.294298,11.494575,10.869555,11.24999,50.285322,1.951087,5.435,1,0,11.875,4.836957,14.638,-235600,0.170792,18.413732
2026-07-25T01:07:20.878759+00:00,115,g115_0115_8468,hit_first_temporal_robustness,loto7-hit-first-2026.07.22-v1,17.012091,11.847825,10.108695,12.01086,64.686143,2.086957,4.348,1,0,14.01087,3.913587,15.29,-233800,0.258294,18.413732
2026-07-25T01:07:26.198433+00:00,116,g116_0116_8895,hit_first_temporal_robustness,loto7-hit-first-2026.07.22-v1,16.380712,11.983705,11.19565,11.576078,57.073372,2.048913,5.435,1,0,12.0,3.990217,16.123,-231500,0.148315,18.413732
2026-07-25T01:08:18.760362+00:00,117,g117_0117_4224,hit_first_temporal_robustness,loto7-hit-first-2026.07.22-v1,17.291711,12.14674,11.630425,12.01086,64.172556,2.125,4.348,2,0,13.896739,3.928804,19.493,-222200,0.202602,18.413732
2026-07-25T01:09:11.456928+00:00,118,g118_0118_5251,hit_first_temporal_robustness,loto7-hit-first-2026.07.22-v1,17.334512,11.9837,10.760865,12.22825,66.17663,2.070652,5.435,0,0,14.195652,3.801087,12.826,-240600,0.090395,18.413732
2026-07-25T01:09:41.770383+00:00,119,g119_1194_5122,hit_first_temporal_robustness,loto7-hit-first-2026.07.22-v1,17.888174,12.798905,11.84782,13.09783,64.093748,2.146739,6.522,1,0,13.853261,3.919022,19.42,-222400,0.203358,18.413732
2026-07-25T01:11:10.812291+00:00,120,g120_0120_3741,hit_first_temporal_robustness,loto7-hit-first-2026.07.22-v1,17.728137,12.554365,11.195645,12.663047,65.24864,2.130435,5.978,1,0,14.125,3.891848,16.667,-230000,0.236957,18.413732
2026-07-25T07:22:17.809979+00:00,121,g121_1214_1387,hit_first_temporal_robustness,loto7-hit-first-2026.07.22-v1,15.436559,11.657625,10.326085,12.010858,50.088314,1.951087,5.978,1,0,11.717391,4.789674,15.833,-232300,0.162471,18.413732
2026-07-25T07:22:48.536000+00:00,122,g122_1223_9882,hit_first_temporal_robustness,loto7-hit-first-2026.07.22-v1,15.423769,11.766295,10.652165,11.793468,49.199727,1.961957,6.522,0,0,11.586957,4.847283,16.123,-231500,0.094382,18.413732
2026-07-25T07:25:13.242718+00:00,123,g123_1231_1911,hit_first_temporal_robustness,loto7-hit-first-2026.07.22-v1,18.242532,13.07066,11.52173,13.260867,65.800271,2.11413,7.609,2,0,14.266304,3.884239,16.232,-231200,0.158482,18.413732
2026-07-25T07:31:04.227178+00:00,124,g124_1242_4288,hit_first_temporal_robustness,loto7-hit-first-2026.07.22-v1,17.842383,12.744555,11.41304,12.554337,65.016305,2.190217,4.891,3,0,14.125,3.922826,18.551,-224800,0.136719,18.413732
2026-07-25T07:39:51.699449+00:00,125,g125_0125_6545,hit_first_temporal_robustness,loto7-hit-first-2026.07.22-v1,17.432338,12.228265,10.978255,11.902165,65.660323,2.119565,5.435,0,0,14.222826,3.882609,11.522,-244200,0.09434,18.413732
2026-07-25T07:41:21.115170+00:00,126,g126_1264_7039,hit_first_temporal_robustness,loto7-hit-first-2026.07.22-v1,17.628812,12.47284,11.521735,12.065207,65.282605,2.13587,5.978,0,0,14.119565,3.884783,13.804,-237900,0.081365,18.413732
2026-07-25T07:41:51.627613+00:00,127,g127_0127_2264,hit_first_temporal_robustness,loto7-hit-first-2026.07.22-v1,18.16318,13.097825,12.173905,13.206535,64.360056,2.163043,7.609,0,0,13.896739,3.903804,16.123,-231500,0.089888,18.413732
2026-07-25T07:45:39.801993+00:00,128,g128_0128_3857,hit_first_temporal_robustness,loto7-hit-first-2026.07.22-v1,18.20259,13.15219,11.52173,12.989115,65.156253,2.097826,8.152,2,0,14.184783,3.932065,18.442,-225100,0.214145,18.413732
2026-07-25T07:48:05.556602+00:00,129,g129_0129_1388,hit_first_temporal_robustness,loto7-hit-first-2026.07.22-v1,17.265627,12.010875,10.108695,11.902162,66.210599,2.076087,5.435,0,0,14.336957,3.8625,11.92,-243100,0.06079,18.413732
2026-07-25T07:48:36.469925+00:00,130,g130_0130_2339,hit_first_temporal_robustness,loto7-hit-first-2026.07.22-v1,17.904357,13.09784,10.543475,13.315217,62.945651,2.108696,8.152,1,0,13.652174,3.978261,18.732,-224300,0.210832,18.413732
2026-07-25T07:48:41.755846+00:00,131,g131_0131_3020,hit_first_temporal_robustness,loto7-hit-first-2026.07.22-v1,15.061557,11.49458,9.565215,11.956508,48.153528,1.918478,5.978,1,0,11.288043,4.847283,14.384,-236300,0.173804,18.413732
2026-07-25T07:52:30.537109+00:00,132,g132_0132_7097,hit_first_temporal_robustness,loto7-hit-first-2026.07.22-v1,16.957203,11.739135,9.891305,11.956513,65.137226,2.032609,4.891,1,0,14.146739,3.916848,12.826,-240600,0.200565,18.413732
2026-07-25T07:54:55.608347+00:00,133,g133_1332_6991,hit_first_temporal_robustness,loto7-hit-first-2026.07.22-v1,16.996325,11.548905,10.0,11.684775,67.099186,2.048913,4.348,0,0,14.467391,3.804891,11.558,-244100,0.094044,18.413732
2026-07-25T07:58:45.385267+00:00,134,g134_1342_4353,hit_first_temporal_robustness,loto7-hit-first-2026.07.22-v1,17.747153,12.55436,10.978255,12.445642,65.873637,2.152174,5.978,0,0,14.266304,3.874457,13.478,-238800,0.080645,18.413732
2026-07-25T08:01:10.722655+00:00,135,g135_0135_4073,hit_first_temporal_robustness,loto7-hit-first-2026.07.22-v1,17.74402,12.77174,11.95651,12.228252,63.798912,2.097826,7.609,0,0,13.891304,3.976087,16.014,-231800,0.067873,18.413732
2026-07-25T08:01:20.148808+00:00,136,g136_1363_6624,hit_first_temporal_robustness,loto7-hit-first-2026.07.22-v1,17.406109,12.69021,10.978255,13.043477,60.79484,2.125,6.522,1,0,12.880435,3.904891,16.413,-230700,0.240618,18.413732
2026-07-25T08:02:13.164124+00:00,137,g137_0137_5428,hit_first_temporal_robustness,loto7-hit-first-2026.07.22-v1,18.281389,13.206525,12.49999,13.043492,64.716031,2.163043,7.609,1,0,14.021739,3.914674,19.638,-221800,0.201107,18.413732
2026-07-25T08:02:43.673194+00:00,138,g138_0138_3309,hit_first_temporal_robustness,loto7-hit-first-2026.07.22-v1,18.166715,13.125005,11.521735,13.26087,64.66168,2.146739,7.609,1,0,13.86413,3.84837,18.225,-225700,0.2167,18.413732
2026-07-25T08:04:13.204137+00:00,139,g139_0139_7850,hit_first_temporal_robustness,loto7-hit-first-2026.07.22-v1,17.282203,12.228265,10.65217,11.847818,64.485058,2.130435,4.891,1,0,13.983696,3.927717,17.283,-228300,0.228512,18.413732
2026-07-25T08:05:06.463659+00:00,140,g140_0140_6636,hit_first_temporal_robustness,loto7-hit-first-2026.07.22-v1,17.711561,12.554365,11.086955,12.82609,64.974183,2.130435,5.978,1,0,14.048913,3.892935,16.775,-229700,0.235421,18.413732
2026-07-25T08:05:23.617377+00:00,141,g141_0141_8944,hit_first_temporal_robustness,loto7-hit-first-2026.07.22-v1,17.142666,12.146745,11.304345,12.119555,62.812499,2.092391,4.891,2,0,13.451087,3.902174,17.138,-228700,0.230444,18.413732
2026-07-25T08:05:32.972195+00:00,142,g142_1424_4610,hit_first_temporal_robustness,loto7-hit-first-2026.07.22-v1,14.898642,11.22283,10.217385,11.195642,48.817932,1.918478,5.435,0,0,11.451087,4.834783,13.261,-239400,0.114754,18.413732
2026-07-25T08:05:50.005221+00:00,143,g143_0143_2356,hit_first_temporal_robustness,loto7-hit-first-2026.07.22-v1,11.900137,9.320655,8.04348,9.293473,36.169832,1.701087,2.717,0,0,9.73913,5.722283,10.942,-245800,0.165563,18.413732
2026-07-25T08:08:14.768750+00:00,144,g144_0144_1251,hit_first_temporal_robustness,loto7-hit-first-2026.07.22-v1,18.189133,13.09783,11.52173,13.53261,64.750001,2.141304,7.065,2,1,14.097826,3.945652,156.232,155200,0.876623,18.413732
2026-07-25T08:08:31.796397+00:00,145,g145_0145_2270,hit_first_temporal_robustness,loto7-hit-first-2026.07.22-v1,15.112365,11.467395,10.76086,11.413035,48.547552,1.978261,4.891,1,0,11.48913,4.888587,15.362,-233600,0.257075,18.413732
2026-07-25T08:10:00.529057+00:00,146,g146_1464_7878,hit_first_temporal_robustness,loto7-hit-first-2026.07.22-v1,14.882879,11.005435,9.8913,11.141292,50.50815,1.907609,4.891,0,0,11.880435,4.809783,11.196,-245100,0.097087,18.413732
2026-07-25T08:10:53.534730+00:00,147,g147_1472_2974,hit_first_temporal_robustness,loto7-hit-first-2026.07.22-v1,17.032056,11.847815,10.326085,12.173907,64.516302,2.119565,3.804,1,0,13.98913,3.926087,14.384,-236300,0.151134,18.413732
2026-07-25T08:19:37.195059+00:00,148,g148_0148_7010,hit_first_temporal_robustness,loto7-hit-first-2026.07.22-v1,18.013843,13.016285,11.30434,12.608685,64.850541,2.146739,6.522,3,0,14.103261,3.934783,21.775,-215900,0.181364,18.413732
2026-07-25T08:21:05.862868+00:00,149,g149_0149_1527,hit_first_temporal_robustness,loto7-hit-first-2026.07.22-v1,17.484245,12.28262,11.086955,12.445638,65.059777,2.108696,5.435,1,0,14.11413,3.911957,14.239,-236700,0.152672,18.413732
2026-07-25T08:26:55.443378+00:00,150,g150_1503_2409,hit_first_temporal_robustness,loto7-hit-first-2026.07.22-v1,12.415765,9.67392,8.91304,9.61956,37.766303,1.73913,3.261,0,0,10.005435,5.633696,11.884,-243200,0.152439,18.413732
2026-07-25T08:27:48.926666+00:00,151,g151_1511_3184,hit_first_temporal_robustness,loto7-hit-first-2026.07.22-v1,17.540902,12.44566,10.434785,12.934785,64.419834,2.141304,5.435,1,0,13.951087,3.921196,17.428,-227900,0.226611,18.413732
2026-07-25T08:31:47.067899+00:00,152,g152_0152_5870,hit_first_temporal_robustness,loto7-hit-first-2026.07.22-v1,18.718222,13.61415,11.19565,13.858708,66.296197,2.179348,8.696,1,0,14.320652,3.843478,14.746,-235300,0.120393,18.718222
2026-07-25T08:31:58.067166+00:00,153,g153_1532_8549,hit_first_temporal_robustness,loto7-hit-first-2026.07.22-v1,16.785868,12.01087,10.869565,12.173903,60.478259,2.108696,4.891,0,0,12.907609,3.959783,12.464,-241600,0.081395,18.718222
2026-07-25T08:34:46.673213+00:00,154,g154_0154_6147,hit_first_temporal_robustness,loto7-hit-first-2026.07.22-v1,15.200824,11.5761,10.434775,11.684785,48.605979,1.956522,5.978,0,0,11.516304,4.893478,14.457,-236100,0.105263,18.718222
2026-07-25T08:39:12.897700+00:00,155,g155_1554_3350,hit_first_temporal_robustness,loto7-hit-first-2026.07.22-v1,17.258146,11.71195,10.869555,11.84782,67.684782,2.081522,4.348,0,0,14.619565,3.797826,10.0,-248400,0.097826,18.718222
2026-07-25T08:49:27.875504+00:00,156,g156_1562_6736,hit_first_temporal_robustness,loto7-hit-first-2026.07.22-v1,17.764132,12.82609,10.43478,13.097825,63.793473,2.097826,7.065,2,0,13.913043,3.986957,16.775,-229700,0.12959,18.718222
2026-07-25T08:52:15.930514+00:00,157,g157_1574_6320,hit_first_temporal_robustness,loto7-hit-first-2026.07.22-v1,14.519842,10.543485,9.130435,10.489125,51.502722,1.913043,3.261,0,0,12.01087,4.738043,10.725,-246400,0.128378,18.718222
2026-07-25T08:53:17.558177+00:00,158,g158_0158_4722,hit_first_temporal_robustness,loto7-hit-first-2026.07.22-v1,15.145658,11.25001,10.652165,10.923905,51.076089,1.902174,5.435,1,0,11.891304,4.73913,14.783,-235200,0.267157,18.718222
2026-07-25T08:57:43.334189+00:00,159,g159_0159_8705,hit_first_temporal_robustness,loto7-hit-first-2026.07.22-v1,17.770377,12.635865,12.06521,12.608695,64.470109,2.103261,6.522,1,1,14.027174,3.95,151.884,143200,0.901718,18.718222
2026-07-25T09:17:29.005534+00:00,160,g160_0160_1207,hit_first_temporal_robustness,loto7-hit-first-2026.07.22-v1,16.969553,11.331505,10.108695,11.684775,68.266306,2.038043,3.804,0,0,14.722826,3.768478,10.181,-247900,0.099644,18.718222
2026-07-25T09:18:22.287612+00:00,161,g161_1614_5094,hit_first_temporal_robustness,loto7-hit-first-2026.07.22-v1,15.373228,11.684775,10.652165,11.684785,49.395377,1.923913,6.522,1,0,11.701087,4.874457,16.812,-229600,0.148707,18.718222
2026-07-25T09:18:39.580381+00:00,162,g162_0162_7388,hit_first_temporal_robustness,loto7-hit-first-2026.07.22-v1,18.004489,13.179355,11.956515,12.934785,62.702449,2.157609,7.609,1,0,13.532609,3.954891,16.812,-229600,0.12931,18.718222
2026-07-25T09:31:36.527371+00:00,163,g163_1632_6401,hit_first_temporal_robustness,loto7-hit-first-2026.07.22-v1,17.494971,11.983695,10.434785,12.173903,68.107336,2.103261,4.891,0,0,14.722826,3.789674,11.63,-243900,0.124611,18.718222
2026-07-25T12:18:18.305264+00:00,164,g164_1643_8833,hit_first_temporal_robustness,loto7-hit-first-2026.07.22-v1,14.831929,11.195655,10.217385,11.467377,48.014943,1.913043,5.435,0,0,11.288043,4.865761,13.514,-238700,0.112601,18.718222
2026-07-25T12:31:47.352674+00:00,165,g165_0165_7926,hit_first_temporal_robustness,loto7-hit-first-2026.07.22-v1,12.89402,10.35326,9.239125,10.434775,36.554348,1.777174,4.891,0,0,9.847826,5.721739,14.058,-237200,0.14433,18.718222
2026-07-25T12:32:05.508324+00:00,166,g166_0166_1558,hit_first_temporal_robustness,loto7-hit-first-2026.07.22-v1,14.565345,10.733685,9.782605,10.652168,49.908968,1.896739,3.804,1,0,11.603261,4.760326,13.333,-239200,0.296196,18.718222
2026-07-25T12:38:13.963673+00:00,167,g167_1672_5140,hit_first_temporal_robustness,loto7-hit-first-2026.07.22-v1,11.832061,9.239125,8.04348,9.18478,36.190214,1.717391,2.174,0,0,9.771739,5.734783,11.812,-243400,0.153374,18.718222
2026-07-25T12:39:09.820470+00:00,168,g168_1684_8259,hit_first_temporal_robustness,loto7-hit-first-2026.07.22-v1,12.014812,9.320655,8.586955,8.91304,37.338318,1.701087,2.717,0,0,9.923913,5.652717,11.848,-243300,0.16208,18.718222
2026-07-25T12:39:15.480739+00:00,169,g169_1693_4051,hit_first_temporal_robustness,loto7-hit-first-2026.07.22-v1,16.813856,12.52717,10.652165,12.282613,57.1875,2.081522,7.065,0,0,12.0,3.975,15.761,-232500,0.091954,18.718222
2026-07-25T12:39:47.784990+00:00,170,g170_1703_1339,hit_first_temporal_robustness,loto7-hit-first-2026.07.22-v1,17.753793,12.66303,11.630425,12.77173,64.266302,2.141304,6.522,0,0,13.86413,3.901087,16.341,-230900,0.10643,18.718222
2026-07-25T12:39:53.422453+00:00,171,g171_0171_8742,hit_first_temporal_robustness,loto7-hit-first-2026.07.22-v1,15.0674,11.49458,10.434775,11.68477,47.842392,1.918478,5.978,1,0,11.211957,4.853261,14.819,-235100,0.168704,18.718222
2026-07-25T12:40:11.553831+00:00,172,g172_1722_9293,hit_first_temporal_robustness,loto7-hit-first-2026.07.22-v1,16.894567,11.902175,10.21739,12.228265,62.782611,2.086957,4.891,0,0,13.472826,3.916304,13.37,-239100,0.089431,18.718222
2026-07-25T12:41:07.583152+00:00,173,g173_1734_2095,hit_first_temporal_robustness,loto7-hit-first-2026.07.22-v1,15.24335,11.630445,9.8913,11.684787,49.0856,1.978261,5.435,1,0,11.619565,4.877717,18.442,-225100,0.243615,18.718222
2026-07-25T12:41:40.125793+00:00,174,g174_1742_3777,hit_first_temporal_robustness,loto7-hit-first-2026.07.22-v1,18.132342,13.07066,11.739125,13.315215,64.45924,2.125,8.152,0,0,13.809783,3.85,13.478,-238800,0.075269,18.718222
2026-07-25T12:43:14.078478+00:00,175,g175_0175_7315,hit_first_temporal_robustness,loto7-hit-first-2026.07.22-v1,15.396745,11.548925,11.08695,11.576075,50.364129,1.961957,5.435,1,0,11.820652,4.801087,15.072,-234400,0.262019,18.718222
2026-07-25T12:44:48.191942+00:00,176,g176_1763_8503,hit_first_temporal_robustness,loto7-hit-first-2026.07.22-v1,13.034381,10.57066,9.021735,10.760873,36.218752,1.766304,5.435,1,0,9.836957,5.761413,18.261,-225600,0.220238,18.718222
2026-07-25T12:48:48.969516+00:00,177,g177_1772_2340,hit_first_temporal_robustness,loto7-hit-first-2026.07.22-v1,17.852308,12.826085,11.84782,12.771743,63.936142,2.119565,7.065,1,0,13.945652,3.983152,15.471,-233300,0.140515,18.718222
2026-07-25T12:49:44.939616+00:00,178,g178_0178_2215,hit_first_temporal_robustness,loto7-hit-first-2026.07.22-v1,15.070252,11.467405,10.869555,11.304337,48.169838,1.934783,5.978,0,0,11.467391,4.928804,13.587,-238500,0.106667,18.718222
2026-07-25T12:51:19.264770+00:00,179,g179_0179_4757,hit_first_temporal_robustness,loto7-hit-first-2026.07.22-v1,17.186955,12.01087,10.978255,11.57608,65.119563,2.108696,4.891,0,0,14.119565,3.906522,14.964,-234700,0.084746,18.718222
2026-07-25T12:55:19.711008+00:00,180,g180_1801_7517,hit_first_temporal_robustness,loto7-hit-first-2026.07.22-v1,16.809648,11.44022,10.54348,11.195647,66.145379,2.125,2.717,0,0,14.320652,3.863587,10.688,-246500,0.101695,18.718222
2026-07-25T12:56:15.640170+00:00,181,g181_0181_9193,hit_first_temporal_robustness,loto7-hit-first-2026.07.22-v1,17.512507,12.36414,10.0,13.09783,64.858696,2.125,5.435,1,0,14.021739,3.895652,16.812,-229600,0.234914,18.718222
2026-07-25T13:09:48.190481+00:00,182,g182_0182_8690,hit_first_temporal_robustness,loto7-hit-first-2026.07.22-v1,17.501894,12.472815,11.52173,12.445655,63.557068,2.103261,6.522,0,0,13.847826,3.988043,14.348,-236400,0.075758,18.718222
2026-07-25T13:10:06.435233+00:00,183,g183_0183_7476,hit_first_temporal_robustness,loto7-hit-first-2026.07.22-v1,17.574996,12.60869,10.86956,12.989133,63.206519,2.097826,7.065,0,0,13.521739,3.882609,13.116,-239800,0.099448,18.718222
2026-07-25T13:14:06.469771+00:00,184,g184_0184_3224,hit_first_temporal_robustness,loto7-hit-first-2026.07.22-v1,15.275544,11.331525,9.8913,10.923905,52.413041,1.951087,4.891,1,0,12.152174,4.682609,14.928,-234800,0.300971,18.718222
2026-07-25T13:15:02.533188+00:00,185,g185_0185_9541,hit_first_temporal_robustness,loto7-hit-first-2026.07.22-v1,17.879338,12.771725,10.76087,13.097828,65.065215,2.163043,6.522,0,0,14.059783,3.88587,13.841,-237800,0.099476,18.718222
2026-07-25T13:15:58.666938+00:00,186,g186_0186_8083,hit_first_temporal_robustness,loto7-hit-first-2026.07.22-v1,17.336419,12.14675,10.86956,12.01086,65.228259,2.070652,5.978,0,0,14.108696,3.886957,13.333,-239200,0.081522,18.718222
2026-07-25T13:16:54.973930+00:00,187,g187_0187_8567,hit_first_temporal_robustness,loto7-hit-first-2026.07.22-v1,15.241312,11.52175,9.45652,11.902178,49.913039,1.956522,5.435,1,0,11.766304,4.83587,14.348,-236400,0.174242,18.718222
2026-07-25T13:44:25.833416+00:00,188,g188_1884_9078,hit_first_temporal_robustness,loto7-hit-first-2026.07.22-v1,14.883695,11.141305,9.130435,11.576075,49.652177,1.934783,4.891,0,0,11.701087,4.840217,15.0,-234600,0.101449,18.718222
2026-07-25T13:44:35.730115+00:00,189,g189_0189_4181,hit_first_temporal_robustness,loto7-hit-first-2026.07.22-v1,14.94511,11.250005,10.10869,11.576075,48.722827,1.934783,4.891,1,0,11.48913,4.865217,15.326,-233700,0.115839,18.718222
2026-07-25T13:45:08.169452+00:00,190,g190_1902_1864,hit_first_temporal_robustness,loto7-hit-first-2026.07.22-v1,16.93736,11.7663,10.326085,11.79347,64.596468,2.070652,4.348,1,0,13.880435,3.864674,12.355,-241900,0.175953,18.718222
2026-07-25T13:47:41.099567+00:00,191,g191_0191_5242,hit_first_temporal_robustness,loto7-hit-first-2026.07.22-v1,17.886832,12.71741,10.434785,13.043465,65.846465,2.141304,5.978,2,0,14.244565,3.867935,14.855,-235000,0.170732,18.718222
2026-07-25T13:50:14.699211+00:00,192,g192_0192_4112,hit_first_temporal_robustness,loto7-hit-first-2026.07.22-v1,17.439684,12.39132,10.76087,12.608685,63.918478,2.108696,5.435,2,0,13.934783,3.980435,14.891,-234900,0.167883,18.718222
2026-07-25T13:52:47.812725+00:00,193,g193_1932_7910,hit_first_temporal_robustness,loto7-hit-first-2026.07.22-v1,17.342656,12.14673,10.76087,12.11956,65.247278,2.179348,3.804,1,0,14.163043,3.909783,17.645,-227300,0.223819,18.718222
2026-07-25T14:02:02.062935+00:00,194,g194_0194_8713,hit_first_temporal_robustness,loto7-hit-first-2026.07.22-v1,17.144291,11.929345,9.891305,11.739123,65.937502,2.092391,4.891,0,0,14.336957,3.898913,12.428,-241700,0.116618,18.718222
2026-07-25T14:15:28.110894+00:00,195,g195_1954_4231,hit_first_temporal_robustness,loto7-hit-first-2026.07.22-v1,15.386402,11.82064,9.999995,12.010858,48.706519,1.972826,6.522,0,0,11.570652,4.905435,17.391,-228000,0.083333,18.718222
2026-07-25T14:17:02.295270+00:00,196,g196_1963_4602,hit_first_temporal_robustness,loto7-hit-first-2026.07.22-v1,15.328673,11.494575,9.999995,11.847812,50.607338,1.940217,5.978,0,0,11.842391,4.778804,14.384,-236300,0.100756,18.718222
2026-07-25T14:17:20.548992+00:00,197,g197_1972_7290,hit_first_temporal_robustness,loto7-hit-first-2026.07.22-v1,13.114544,10.652185,9.891295,10.652165,35.88451,1.771739,5.978,0,0,9.788043,5.783152,15.688,-232700,0.12933,18.718222
2026-07-25T14:18:54.999805+00:00,198,g198_0198_9418,hit_first_temporal_robustness,loto7-hit-first-2026.07.22-v1,17.932738,12.77173,11.52173,12.880437,65.251358,2.141304,6.522,1,0,14.179348,3.916848,15.036,-234500,0.171084,18.718222
2026-07-25T14:20:28.887002+00:00,199,g199_1993_6844,hit_first_temporal_robustness,loto7-hit-first-2026.07.22-v1,12.327717,9.51087,9.021735,9.565215,38.005436,1.75,2.174,1,0,10.059783,5.627174,11.884,-243200,0.216463,18.718222
2026-07-25T14:26:38.202526+00:00,200,g200_2004_1888,hit_first_temporal_robustness,loto7-hit-first-2026.07.22-v1,12.45109,9.67392,9.34782,9.619557,37.771738,1.73913,3.261,0,0,10.048913,5.653261,11.341,-244700,0.178914,18.718222
2026-07-25T17:44:04.356560+00:00,201,g201_2011_8491,hit_first_temporal_robustness,loto7-hit-first-2026.07.22-v1,17.063441,11.82064,10.326085,11.902165,65.346467,2.13587,3.804,0,0,14.206522,3.916848,12.355,-241900,0.146628,18.718222
2026-07-25T17:45:55.130960+00:00,202,g202_0202_6354,hit_first_temporal_robustness,loto7-hit-first-2026.07.22-v1,14.638594,10.67936,9.782605,10.543473,51.152172,1.918478,3.261,1,0,11.945652,4.754348,11.775,-243500,0.335385,18.718222
2026-07-25T17:46:18.550564+00:00,203,g203_0203_6913,hit_first_temporal_robustness,loto7-hit-first-2026.07.22-v1,17.783706,12.690235,11.956515,12.663032,64.244562,2.157609,5.435,2,1,13.869565,3.906522,154.058,149200,0.888993,18.718222
2026-07-25T17:46:41.793264+00:00,204,g204_2043_3139,hit_first_temporal_robustness,loto7-hit-first-2026.07.22-v1,16.774992,11.630425,10.43478,11.79347,63.836956,2.076087,3.804,1,0,13.788043,3.922826,15.109,-234300,0.261391,18.718222
2026-07-25T17:46:45.843269+00:00,205,g205_2051_3247,hit_first_temporal_robustness,loto7-hit-first-2026.07.22-v1,12.011822,9.320655,8.91304,9.13043,36.786683,1.701087,2.717,0,0,9.798913,5.667935,9.964,-248500,0.152727,18.718222
2026-07-25T17:49:40.607962+00:00,206,g206_0206_8426,hit_first_temporal_robustness,loto7-hit-first-2026.07.22-v1,17.52758,12.336955,11.19565,12.06521,65.482338,2.173913,4.891,0,0,14.217391,3.903804,11.957,-243000,0.090909,18.718222
2026-07-25T17:49:53.632483+00:00,207,g207_0207_9988,hit_first_temporal_robustness,loto7-hit-first-2026.07.22-v1,12.710863,10.19021,9.45652,10.05434,36.146735,1.777174,4.348,0,0,9.815217,5.76087,13.696,-238200,0.132275,18.718222
2026-07-25T17:50:17.037418+00:00,208,g208_2081_1989,hit_first_temporal_robustness,loto7-hit-first-2026.07.22-v1,17.80448,12.74456,11.19565,12.826087,64.485054,2.11413,6.522,2,0,13.902174,3.889674,18.478,-225000,0.213725,18.718222
2026-07-25T17:50:40.491217+00:00,209,g209_0209_9976,hit_first_temporal_robustness,loto7-hit-first-2026.07.22-v1,17.911824,13.07066,11.956515,12.554335,62.993208,2.125,8.152,0,0,13.673913,3.982065,17.609,-227400,0.063786,18.718222
2026-07-25T17:52:31.656806+00:00,210,g210_2103_5178,hit_first_temporal_robustness,loto7-hit-first-2026.07.22-v1,12.471869,9.83695,9.239125,9.456515,37.120922,1.706522,4.348,0,0,9.961957,5.699457,11.703,-243700,0.154799,18.718222
2026-07-25T17:52:55.024459+00:00,211,g211_2113_2202,hit_first_temporal_robustness,loto7-hit-first-2026.07.22-v1,12.135327,9.56522,8.586955,9.565213,36.048915,1.75,2.717,0,0,9.75,5.743478,12.862,-240500,0.140845,18.718222
2026-07-25T17:53:35.626720+00:00,212,g212_0212_4852,hit_first_temporal_robustness,loto7-hit-first-2026.07.22-v1,17.322421,12.146745,10.86956,11.84782,65.283967,2.103261,5.435,0,0,14.11413,3.882065,13.261,-239400,0.084699,18.718222
2026-07-25T17:54:43.943076+00:00,213,g213_2133_4944,hit_first_temporal_robustness,loto7-hit-first-2026.07.22-v1,18.138316,13.016305,10.978255,13.152175,65.703807,2.157609,7.065,1,0,14.211957,3.871739,15.543,-233100,0.142191,18.718222
2026-07-25T17:57:39.935040+00:00,214,g214_0214_1958,hit_first_temporal_robustness,loto7-hit-first-2026.07.22-v1,17.507604,12.282605,11.086955,12.663032,65.032606,2.163043,4.891,0,0,14.157609,3.93587,14.094,-237100,0.097686,18.718222
2026-07-25T18:00:35.950194+00:00,215,g215_2151_7244,hit_first_temporal_robustness,loto7-hit-first-2026.07.22-v1,15.355443,11.63045,9.999995,11.739117,50.054345,1.945652,5.978,1,0,11.804348,4.834783,17.138,-228700,0.150106,18.718222
2026-07-25T18:07:21.100636+00:00,216,g216_2161_6839,hit_first_temporal_robustness,loto7-hit-first-2026.07.22-v1,16.887096,11.793485,9.565215,11.847815,64.44701,2.032609,5.435,0,0,14.054348,3.965761,14.312,-236500,0.075949,18.718222
2026-07-25T18:07:28.475132+00:00,217,g217_0217_6037,hit_first_temporal_robustness,loto7-hit-first-2026.07.22-v1,16.878943,12.11957,11.19565,12.01086,60.582883,2.097826,5.435,0,0,12.86413,3.925543,14.022,-237300,0.118863,18.718222
2026-07-25T18:07:52.205232+00:00,218,g218_2184_2395,hit_first_temporal_robustness,loto7-hit-first-2026.07.22-v1,18.187907,13.152175,12.2826,13.20652,64.139942,2.184783,7.065,1,0,13.815217,3.895109,14.783,-235200,0.120098,18.718222
2026-07-25T18:09:01.198933+00:00,219,g219_0219_2614,hit_first_temporal_robustness,loto7-hit-first-2026.07.22-v1,17.908846,12.798935,11.41304,12.228252,65.691579,2.157609,5.978,2,0,14.228261,3.880978,18.406,-225200,0.120079,18.718222
2026-07-25T18:09:42.292755+00:00,220,g220_0220_7296,hit_first_temporal_robustness,loto7-hit-first-2026.07.22-v1,17.738173,12.71738,10.978255,13.09784,63.860055,2.152174,6.522,0,0,13.875,3.960326,16.087,-231600,0.101351,18.718222
2026-07-25T18:16:29.686932+00:00,221,g221_0221_2805,hit_first_temporal_robustness,loto7-hit-first-2026.07.22-v1,15.409092,11.68477,10.76086,11.576075,49.797556,1.945652,6.522,0,0,11.771739,4.853804,14.203,-236800,0.102041,18.718222
2026-07-25T18:17:38.829278+00:00,222,g222_2222_1955,hit_first_temporal_robustness,loto7-hit-first-2026.07.22-v1,17.637101,12.445665,10.326085,12.717392,65.729616,2.130435,5.978,0,0,14.222826,3.87337,14.964,-234700,0.09201,18.718222
2026-07-25T18:18:48.253224+00:00,223,g223_2231_6174,hit_first_temporal_robustness,loto7-hit-first-2026.07.22-v1,17.376217,12.20108,10.76087,12.228252,65.072009,2.179348,4.348,0,0,14.081522,3.895109,12.645,-241100,0.108883,18.718222
2026-07-25T18:39:05.654014+00:00,224,g224_2243_4364,hit_first_temporal_robustness,loto7-hit-first-2026.07.22-v1,12.635727,10.05434,8.586955,10.217382,36.846466,1.75,4.348,0,0,9.934783,5.72337,11.413,-244500,0.15873,18.718222
2026-07-25T18:59:20.798422+00:00,225,g225_0225_7321,hit_first_temporal_robustness,loto7-hit-first-2026.07.22-v1,17.040885,11.76629,10.65217,11.739123,65.436141,2.125,3.804,0,0,14.222826,3.9125,12.391,-241800,0.096491,18.718222
2026-07-25T18:59:44.432010+00:00,226,g226_0226_7978,hit_first_temporal_robustness,loto7-hit-first-2026.07.22-v1,15.584777,11.874995,11.413035,11.68477,49.570648,1.961957,6.522,1,0,11.668478,4.83587,16.63,-230100,0.154684,18.718222
2026-07-25T18:59:57.796247+00:00,227,g227_2272_8743,hit_first_temporal_robustness,loto7-hit-first-2026.07.22-v1,17.882609,12.98913,10.434785,13.641305,63.184783,2.152174,7.065,1,0,13.543478,3.895652,15.833,-232300,0.1373,18.718222
2026-07-25T19:00:21.195298+00:00,228,g228_2282_8822,hit_first_temporal_robustness,loto7-hit-first-2026.07.22-v1,11.942937,9.375005,8.478255,9.293473,35.869563,1.690217,2.717,1,0,9.684783,5.736957,13.804,-237900,0.212598,18.718222
2026-07-25T19:00:28.346781+00:00,229,g229_2294_2222,hit_first_temporal_robustness,loto7-hit-first-2026.07.22-v1,14.389119,10.624985,9.999995,10.489125,48.929345,1.896739,3.804,0,0,11.429348,4.809783,13.261,-239400,0.081967,18.718222
2026-07-25T19:05:00.232073+00:00,230,g230_0230_3249,hit_first_temporal_robustness,loto7-hit-first-2026.07.22-v1,15.243623,11.548925,9.347825,12.173915,49.506794,1.961957,5.435,1,0,11.711957,4.864674,14.783,-235200,0.267157,18.718222
2026-07-25T19:05:41.341652+00:00,231,g231_2312_6211,hit_first_temporal_robustness,loto7-hit-first-2026.07.22-v1,17.919577,12.85328,11.956515,12.98912,64.070654,2.168478,5.978,2,0,13.896739,3.942391,20.58,-219200,0.191901,18.718222
2026-07-25T19:15:37.390428+00:00,232,g232_2324_8940,hit_first_temporal_robustness,loto7-hit-first-2026.07.22-v1,14.63805,10.652185,10.217385,10.706515,50.793477,1.934783,3.261,0,0,11.961957,4.809783,9.71,-249200,0.130597,18.718222
2026-07-25T19:16:45.881125+00:00,233,g233_2331_2824,hit_first_temporal_robustness,loto7-hit-first-2026.07.22-v1,17.478134,12.2011,10.86956,12.391307,65.808423,2.081522,5.978,0,0,14.217391,3.860326,13.406,-239000,0.097297,18.718222
2026-07-25T19:17:26.887444+00:00,234,g234_2344_6727,hit_first_temporal_robustness,loto7-hit-first-2026.07.22-v1,17.87814,12.798935,10.760865,13.315217,64.6019,2.157609,5.978,2,0,14.038043,3.9375,19.783,-221400,0.199634,18.718222
2026-07-25T19:17:31.018443+00:00,235,g235_0235_5059,hit_first_temporal_robustness,loto7-hit-first-2026.07.22-v1,16.475126,12.065205,11.413035,11.684775,57.142665,2.021739,6.522,0,0,12.0,3.980978,12.826,-240600,0.129944,18.718222
2026-07-25T19:19:22.651238+00:00,236,g236_0236_4306,hit_first_temporal_robustness,loto7-hit-first-2026.07.22-v1,18.246872,12.961955,11.739125,13.152162,66.561138,2.146739,7.065,1,0,14.353261,3.82337,15.217,-234000,0.164286,18.718222
2026-07-25T19:19:26.804990+00:00,237,g237_2373_2766,hit_first_temporal_robustness,loto7-hit-first-2026.07.22-v1,16.578387,12.119555,11.73912,11.956513,57.207878,2.032609,6.522,0,0,12.0,3.972283,13.986,-237400,0.080311,18.718222
2026-07-25T19:22:23.527524+00:00,238,g238_2383_6675,hit_first_temporal_robustness,loto7-hit-first-2026.07.22-v1,17.757887,12.41849,11.19565,12.44564,66.75815,2.125,5.978,0,0,14.413043,3.825,12.5,-241500,0.110145,18.718222
2026-07-25T19:36:34.843488+00:00,239,g239_2394_1946,hit_first_temporal_robustness,loto7-hit-first-2026.07.22-v1,14.673639,10.97826,9.67391,11.0326,48.910325,1.902174,4.891,0,0,11.619565,4.901087,11.522,-244200,0.138365,18.718222
2026-07-25T19:41:05.142161+00:00,240,g240_0240_1891,hit_first_temporal_robustness,loto7-hit-first-2026.07.22-v1,17.541584,12.47284,10.86956,12.445642,64.47554,2.13587,5.978,0,0,14.038043,3.954348,17.174,-228600,0.07384,18.718222
2026-07-25T19:41:09.223377+00:00,241,g241_2411_5838,hit_first_temporal_robustness,loto7-hit-first-2026.07.22-v1,16.48491,12.01086,11.195645,12.22825,57.142665,2.01087,6.522,0,0,12.0,3.980978,13.37,-239100,0.124661,18.718222
2026-07-25T19:41:32.693815+00:00,242,g242_2421_9968,hit_first_temporal_robustness,loto7-hit-first-2026.07.22-v1,17.781522,12.63587,11.73912,12.663048,64.777173,2.081522,7.065,1,0,13.858696,3.830435,16.486,-230500,0.131868,18.718222
2026-07-25T19:42:13.322480+00:00,243,g243_0243_6254,hit_first_temporal_robustness,loto7-hit-first-2026.07.22-v1,17.018751,11.820655,11.19565,11.956512,64.138588,2.048913,4.891,1,0,13.918478,3.943478,15.797,-232400,0.112385,18.718222
2026-07-25T22:46:30.575775+00:00,244,g244_0244_1309,hit_first_temporal_robustness,loto7-hit-first-2026.07.22-v1,15.67472,11.902165,10.217385,11.95651,50.910328,1.967391,6.522,1,0,11.853261,4.743478,15.58,-233000,0.165116,18.718222
2026-07-25T23:00:21.267315+00:00,245,g245_0245_1311,hit_first_temporal_robustness,loto7-hit-first-2026.07.22-v1,17.27568,11.875,10.108695,12.11957,67.001363,2.081522,4.891,0,0,14.483696,3.825543,10.399,-247300,0.094077,18.718222
2026-07-25T23:02:58.050668+00:00,246,g246_0246_7952,hit_first_temporal_robustness,loto7-hit-first-2026.07.22-v1,17.454897,12.391315,11.30434,12.71738,63.505432,2.119565,5.978,0,0,13.826087,3.984783,14.312,-236500,0.091139,18.718222
2026-07-25T23:03:55.497740+00:00,247,g247_2474_2041,hit_first_temporal_robustness,loto7-hit-first-2026.07.22-v1,14.71942,10.815205,10.10869,10.760865,50.487772,1.934783,3.804,0,0,11.815217,4.782065,10.87,-246000,0.126667,18.718222
2026-07-25T23:04:14.214326+00:00,248,g248_0248_4523,hit_first_temporal_robustness,loto7-hit-first-2026.07.22-v1,17.182345,12.255445,10.108695,12.500003,62.948372,2.103261,5.435,1,0,13.527174,3.919565,16.051,-231700,0.24605,18.718222
2026-07-25T23:23:59.321941+00:00,249,g249_2493_5451,hit_first_temporal_robustness,loto7-hit-first-2026.07.22-v1,14.758699,10.679355,9.999995,10.706515,51.983694,1.951087,2.717,1,0,12.076087,4.704348,12.645,-241100,0.312321,18.718222
2026-07-25T23:25:35.373135+00:00,250,g250_2502_2109,hit_first_temporal_robustness,loto7-hit-first-2026.07.22-v1,17.594573,12.2011,11.956515,12.065207,66.494567,2.081522,5.978,0,0,14.326087,3.819565,11.268,-244900,0.106109,18.718222
2026-07-25T23:27:11.637251+00:00,251,g251_0251_4906,hit_first_temporal_robustness,loto7-hit-first-2026.07.22-v1,17.544708,12.28262,10.76087,12.282597,66.120925,2.108696,5.435,1,0,14.255435,3.836413,16.051,-231700,0.24605,18.718222
2026-07-25T23:28:47.857952+00:00,252,g252_2523_2273,hit_first_temporal_robustness,loto7-hit-first-2026.07.22-v1,17.528944,12.30979,11.086955,12.445642,65.316577,2.13587,5.435,0,0,14.130435,3.885326,12.971,-240200,0.111732,18.718222
2026-07-25T23:29:45.407405+00:00,253,g253_2534_3514,hit_first_temporal_robustness,loto7-hit-first-2026.07.22-v1,17.340905,12.33697,10.434785,12.282598,63.963313,2.108696,5.978,0,0,13.918478,3.966848,16.304,-231000,0.084444,18.718222
2026-07-25T23:33:50.058717+00:00,254,g254_0254_4327,hit_first_temporal_robustness,loto7-hit-first-2026.07.22-v1,17.983153,12.71739,10.54348,13.315233,66.396737,2.097826,7.065,1,0,14.375,3.855435,14.42,-236200,0.123116,18.718222
2026-07-25T23:43:12.150300+00:00,255,g255_0255_1386,hit_first_temporal_robustness,loto7-hit-first-2026.07.22-v1,15.765352,12.03804,10.978255,12.336972,49.800274,1.983696,7.065,0,0,11.777174,4.855978,14.203,-236800,0.096939,18.718222
2026-07-25T23:43:45.243603+00:00,256,g256_0256_7810,hit_first_temporal_robustness,loto7-hit-first-2026.07.22-v1,15.852312,12.173915,9.999995,12.717405,50.044834,1.978261,7.609,0,0,11.777174,4.82337,15.435,-233400,0.089202,18.718222
2026-07-25T23:45:21.324591+00:00,257,g257_2574_9675,hit_first_temporal_robustness,loto7-hit-first-2026.07.22-v1,15.581527,11.630445,10.10869,11.793468,52.163042,1.978261,5.435,1,0,12.076087,4.680435,16.558,-230300,0.238512,18.718222
2026-07-25T23:45:54.330050+00:00,258,g258_2584_9413,hit_first_temporal_robustness,loto7-hit-first-2026.07.22-v1,14.960326,11.16848,9.999995,10.760862,50.51087,1.918478,4.891,1,0,11.788043,4.766304,17.101,-228800,0.262712,18.718222
2026-07-25T23:50:00.103648+00:00,259,g259_0259_7988,hit_first_temporal_robustness,loto7-hit-first-2026.07.22-v1,17.324188,12.065225,10.760865,12.336945,65.372279,2.076087,4.891,2,0,14.201087,3.91087,15.616,-232900,0.164733,18.718222
2026-07-25T23:50:18.822327+00:00,260,g260_2602_4136,hit_first_temporal_robustness,loto7-hit-first-2026.07.22-v1,17.292941,12.309795,11.52173,12.173903,62.93478,2.092391,5.435,2,0,13.548913,3.931522,17.5,-227700,0.225673,18.718222
2026-07-25T23:51:54.702835+00:00,261,g261_2612_8569,hit_first_temporal_robustness,loto7-hit-first-2026.07.22-v1,15.241037,11.440225,9.782605,11.141295,51.133153,1.940217,5.435,1,0,11.972826,4.769565,15.181,-234100,0.169451,18.718222
2026-07-25T23:53:30.387107+00:00,262,g262_0262_4019,hit_first_temporal_robustness,loto7-hit-first-2026.07.22-v1,17.48519,12.28261,10.978255,12.499992,65.091032,2.141304,4.891,1,0,14.119565,3.910326,17.138,-228700,0.230444,18.718222
2026-07-25T23:57:35.139322+00:00,263,g263_0263_5895,hit_first_temporal_robustness,loto7-hit-first-2026.07.22-v1,17.888724,12.85326,11.086955,13.315233,64.066578,2.13587,6.522,2,0,13.978261,3.980978,19.058,-223400,0.207224,18.718222
2026-07-25T23:58:32.568429+00:00,264,g264_0264_7070,hit_first_temporal_robustness,loto7-hit-first-2026.07.22-v1,17.758166,12.690235,10.434785,13.152188,64.619563,2.157609,5.978,1,0,13.967391,3.902174,16.993,-229100,0.232409,18.718222
2026-07-26T00:04:48.308912+00:00,265,g265_0265_5254,hit_first_temporal_robustness,loto7-hit-first-2026.07.22-v1,17.821463,12.79891,12.282595,12.554337,63.730977,2.11413,7.065,1,0,13.88587,3.982609,17.572,-227500,0.224742,18.718222
2026-07-26T00:06:28.361124+00:00,266,g266_0266_2117,hit_first_temporal_robustness,loto7-hit-first-2026.07.22-v1,18.123376,13.26088,11.086955,13.043477,63.885868,2.141304,8.152,1,0,13.918478,3.977174,19.384,-222500,0.203738,18.718222
2026-07-26T00:10:33.737842+00:00,267,g267_0267_6375,hit_first_temporal_robustness,loto7-hit-first-2026.07.22-v1,17.730306,12.55436,11.086955,12.93477,65.031251,2.141304,5.435,2,0,14.146739,3.930978,18.152,-225900,0.217565,18.718222
2026-07-26T00:11:31.051018+00:00,268,g268_0268_7162,hit_first_temporal_robustness,loto7-hit-first-2026.07.22-v1,15.636814,11.98369,10.869555,12.119553,49.243204,1.983696,6.522,1,0,11.657609,4.874457,15.58,-233000,0.113953,18.718222
2026-07-26T00:17:46.625700+00:00,269,g269_2691_6207,hit_first_temporal_robustness,loto7-hit-first-2026.07.22-v1,15.462772,11.902175,10.978255,11.902175,48.247284,1.934783,7.065,1,0,11.483696,4.926087,16.92,-229300,0.130621,18.718222
2026-07-26T00:17:52.475380+00:00,270,g270_2701_7014,hit_first_temporal_robustness,loto7-hit-first-2026.07.22-v1,16.226906,11.82066,9.891305,11.847815,57.394022,2.016304,5.435,1,0,11.98913,3.942391,11.703,-243700,0.151703,18.718222
2026-07-26T00:19:28.070679+00:00,271,g271_2711_7950,hit_first_temporal_robustness,loto7-hit-first-2026.07.22-v1,18.422697,13.315225,11.304345,13.586972,65.672552,2.173913,8.152,0,0,14.206522,3.87337,17.174,-228600,0.084388,18.718222
2026-07-26T00:20:25.155737+00:00,272,g272_0272_1909,hit_first_temporal_robustness,loto7-hit-first-2026.07.22-v1,15.362089,11.33152,11.195645,11.304337,51.778534,1.972826,4.891,0,0,11.983696,4.688587,11.377,-244600,0.111465,18.718222
2026-07-26T00:20:35.381732+00:00,273,g273_2732_7677,hit_first_temporal_robustness,loto7-hit-first-2026.07.22-v1,17.53437,12.771735,12.173905,12.880422,60.745921,2.119565,6.522,2,0,12.847826,3.896196,17.645,-227300,0.223819,18.718222
2026-07-26T00:20:53.969376+00:00,274,g274_0274_2680,hit_first_temporal_robustness,loto7-hit-first-2026.07.22-v1,14.73532,10.95108,10.217385,11.141295,49.152175,1.929348,4.348,0,0,11.581522,4.851087,12.138,-242500,0.092537,18.718222
2026-07-26T00:21:04.144159+00:00,275,g275_2751_6565,hit_first_temporal_robustness,loto7-hit-first-2026.07.22-v1,12.045923,9.375,8.04348,9.673907,36.790759,1.722826,2.174,1,0,9.831522,5.682609,11.087,-245400,0.232026,18.718222
2026-07-26T00:21:14.400760+00:00,276,g276_0276_3153,hit_first_temporal_robustness,loto7-hit-first-2026.07.22-v1,17.419422,12.69021,11.84782,12.66303,60.688857,2.125,6.522,1,0,12.880435,3.919022,17.065,-228900,0.231423,18.718222
2026-07-26T00:22:50.088712+00:00,277,g277_0277_2844,hit_first_temporal_robustness,loto7-hit-first-2026.07.22-v1,17.166167,11.847825,10.326085,12.065207,65.987775,2.086957,4.348,1,0,14.25,3.85163,15.616,-232900,0.2529,18.718222
2026-07-26T00:23:47.358309+00:00,278,g278_0278_6766,hit_first_temporal_robustness,loto7-hit-first-2026.07.22-v1,17.640908,12.58154,11.304345,12.391298,64.425269,2.13587,5.978,1,0,13.945652,3.917935,17.862,-226700,0.221095,18.718222
2026-07-26T00:27:53.035021+00:00,279,g279_2791_1297,hit_first_temporal_robustness,loto7-hit-first-2026.07.22-v1,18.188177,12.85326,12.06521,12.499987,67.256798,2.13587,6.522,2,0,14.505435,3.80163,16.304,-231000,0.184444,18.718222
2026-07-26T00:27:58.852958+00:00,280,g280_2802_7443,hit_first_temporal_robustness,loto7-hit-first-2026.07.22-v1,11.970789,9.320655,9.021735,9.184777,36.224183,1.701087,2.717,0,0,9.75,5.720109,10.543,-246900,0.171821,18.718222
2026-07-26T00:28:56.443355+00:00,281,g281_0281_2695,hit_first_temporal_robustness,loto7-hit-first-2026.07.22-v1,15.0034,11.304355,10.32608,11.521728,48.816575,1.934783,5.435,0,0,11.570652,4.890761,15.471,-233300,0.088993,18.718222
2026-07-26T00:30:32.397022+00:00,282,g282_0282_4288,hit_first_temporal_robustness,loto7-hit-first-2026.07.22-v1,17.820661,12.60871,10.978255,12.934783,65.641301,2.141304,5.978,1,0,14.217391,3.882609,18.043,-226200,0.218876,18.718222
2026-07-26T00:30:42.642099+00:00,283,g283_2833_7797,hit_first_temporal_robustness,loto7-hit-first-2026.07.22-v1,16.579065,11.76629,10.326085,12.119557,60.622283,2.125,3.804,0,0,12.869565,3.922826,12.065,-242700,0.09009,18.718222
2026-07-26T00:32:18.351806+00:00,284,g284_0284_2365,hit_first_temporal_robustness,loto7-hit-first-2026.07.22-v1,18.34457,13.20653,11.739125,13.641305,65.239126,2.141304,7.609,2,0,14.163043,3.91087,17.899,-226600,0.220648,18.718222
2026-07-26T00:33:54.863679+00:00,285,g285_0285_9927,hit_first_temporal_robustness,loto7-hit-first-2026.07.22-v1,17.372151,12.0924,11.630425,11.79347,65.618205,2.070652,5.435,1,0,14.163043,3.860326,12.5,-241500,0.228986,18.718222
2026-07-26T00:47:41.632291+00:00,286,g286_2863_2359,hit_first_temporal_robustness,loto7-hit-first-2026.07.22-v1,16.948638,11.657605,10.65217,11.57608,65.470113,2.048913,4.348,1,0,14.233696,3.913043,17.101,-228800,0.230932,18.718222
2026-07-26T00:48:00.331768+00:00,287,g287_0287_3000,hit_first_temporal_robustness,loto7-hit-first-2026.07.22-v1,16.824183,11.82065,10.54348,11.684775,63.040762,2.070652,4.891,0,0,13.5,3.894565,12.065,-242700,0.114114,18.718222
2026-07-26T00:52:05.922861+00:00,288,g288_0288_9549,hit_first_temporal_robustness,loto7-hit-first-2026.07.22-v1,17.374731,11.90218,10.760865,12.119555,67.279889,2.054348,5.435,0,0,14.527174,3.808696,10.978,-245700,0.132013,18.718222
2026-07-26T06:51:37.911982+00:00,289,g289_2891_2916,hit_first_temporal_robustness,loto7-hit-first-2026.07.22-v1,13.00272,10.407615,9.99999,10.108688,37.043477,1.755435,5.435,0,0,9.945652,5.702174,13.297,-239300,0.119891,18.718222
2026-07-26T06:52:34.468185+00:00,290,g290_0290_7900,hit_first_temporal_robustness,loto7-hit-first-2026.07.22-v1,14.786412,11.005435,9.999995,10.597817,50.108696,1.907609,4.891,0,0,11.798913,4.825,13.623,-238400,0.101064,18.718222
2026-07-26T06:54:09.741171+00:00,291,g291_0291_9658,hit_first_temporal_robustness,loto7-hit-first-2026.07.22-v1,17.61223,12.445655,11.41304,12.391307,65.002713,2.163043,5.435,0,0,14.097826,3.911957,12.536,-241400,0.095376,18.718222
2026-07-26T07:03:30.437850+00:00,292,g292_2924_3634,hit_first_temporal_robustness,loto7-hit-first-2026.07.22-v1,15.319441,11.657625,9.45652,11.902175,49.74321,1.951087,5.978,1,0,11.695652,4.825543,16.703,-229900,0.210412,18.718222
2026-07-26T07:04:27.698951+00:00,293,g293_2933_8900,hit_first_temporal_robustness,loto7-hit-first-2026.07.22-v1,15.300277,11.494575,10.217385,11.195642,50.932066,1.951087,5.435,1,0,11.913043,4.768478,15.833,-232300,0.162471,18.718222
2026-07-26T07:04:46.480366+00:00,294,g294_0294_1097,hit_first_temporal_robustness,loto7-hit-first-2026.07.22-v1,17.600554,12.74458,10.869565,12.880437,62.641305,2.168478,5.978,1,0,13.5,3.947826,19.094,-223300,0.206831,18.718222
2026-07-26T07:11:01.361711+00:00,295,g295_0295_4805,hit_first_temporal_robustness,loto7-hit-first-2026.07.22-v1,17.905722,12.798935,10.978255,13.04348,65.029893,2.157609,5.978,2,0,14.168478,3.941304,18.804,-224100,0.134875,18.718222
2026-07-26T07:17:14.612211+00:00,296,g296_2962_4096,hit_first_temporal_robustness,loto7-hit-first-2026.07.22-v1,14.862901,10.95108,10.43478,10.706512,50.775813,1.929348,4.348,0,0,11.934783,4.799457,11.123,-245300,0.136808,18.718222
2026-07-26T07:18:49.928521+00:00,297,g297_0297_7291,hit_first_temporal_robustness,loto7-hit-first-2026.07.22-v1,17.99239,12.961955,10.65217,12.880435,65.211954,2.157609,6.522,2,0,14.157609,3.911957,19.058,-223400,0.207224,18.718222
2026-07-26T07:21:23.591969+00:00,298,g298_0298_7332,hit_first_temporal_robustness,loto7-hit-first-2026.07.22-v1,12.026766,9.402175,8.369565,9.402168,36.474185,1.717391,2.717,0,0,9.793478,5.707065,11.703,-243700,0.164087,18.718222
2026-07-26T07:25:27.367653+00:00,299,g299_0299_7658,hit_first_temporal_robustness,loto7-hit-first-2026.07.22-v1,18.120646,12.934775,10.326085,13.315217,66.423909,2.173913,6.522,1,0,14.396739,3.861957,14.094,-237100,0.125964,18.718222
2026-07-26T07:27:02.626372+00:00,300,g300_0300_6252,hit_first_temporal_robustness,loto7-hit-first-2026.07.22-v1,17.613325,12.500015,10.86956,12.445655,65.002713,2.130435,5.435,2,0,14.097826,3.911957,19.312,-222700,0.204503,18.718222
2026-07-26T07:27:35.437596+00:00,301,g301_0301_3658,hit_first_temporal_robustness,loto7-hit-first-2026.07.22-v1,18.259382,13.315225,12.717385,12.989145,63.626363,2.173913,8.152,0,0,13.733696,3.925543,18.478,-225000,0.078431,18.718222
2026-07-26T07:28:08.321237+00:00,302,g302_0302_6926,hit_first_temporal_robustness,loto7-hit-first-2026.07.22-v1,17.702453,12.69023,10.54348,12.93477,64.236414,2.168478,5.435,2,0,13.902174,3.922826,20.362,-219800,0.19395,18.718222
2026-07-26T07:30:44.317052+00:00,303,g303_3033_4893,hit_first_temporal_robustness,loto7-hit-first-2026.07.22-v1,15.305989,11.6848,10.10869,11.684773,49.157606,1.956522,5.978,1,0,11.641304,4.878261,16.087,-231600,0.15991,18.718222
2026-07-26T07:32:20.133681+00:00,304,g304_3043_4328,hit_first_temporal_robustness,loto7-hit-first-2026.07.22-v1,17.338178,11.983695,11.086955,12.173903,66.017668,2.103261,4.891,0,0,14.26087,3.852717,11.703,-243700,0.099071,18.718222
2026-07-26T07:45:58.561400+00:00,305,g305_0305_6177,hit_first_temporal_robustness,loto7-hit-first-2026.07.22-v1,14.72458,10.842375,9.565215,10.760862,50.783966,1.940217,3.804,0,0,11.918478,4.790761,10.145,-248000,0.135714,18.718222
2026-07-26T07:47:33.438151+00:00,306,g306_3062_2482,hit_first_temporal_robustness,loto7-hit-first-2026.07.22-v1,17.621075,12.445675,10.760865,12.826087,65.091032,2.086957,5.978,2,0,14.13587,3.917935,19.203,-223000,0.222642,18.718222
2026-07-26T07:47:51.934257+00:00,307,g307_0307_3455,hit_first_temporal_robustness,loto7-hit-first-2026.07.22-v1,16.972964,11.875005,10.86956,12.119555,63.365493,2.059783,4.891,1,0,13.505435,3.853804,11.522,-244200,0.154088,18.718222
2026-07-26T07:54:05.499277+00:00,308,g308_3081_9091,hit_first_temporal_robustness,loto7-hit-first-2026.07.22-v1,17.552724,12.445665,11.956515,12.336942,64.038044,2.119565,5.435,2,0,13.945652,3.969565,17.899,-226600,0.220648,18.718222
2026-07-26T07:54:11.217491+00:00,309,g309_0309_3878,hit_first_temporal_robustness,loto7-hit-first-2026.07.22-v1,15.156518,11.603255,10.32608,11.576093,48.190218,1.907609,6.522,1,0,11.288043,4.842391,15.507,-233200,0.165888,18.718222
2026-07-26T08:07:54.012117+00:00,310,g310_3101_5139,hit_first_temporal_robustness,loto7-hit-first-2026.07.22-v1,18.267669,13.01631,10.108695,13.695665,67.040764,2.125,7.609,1,0,14.521739,3.838043,16.087,-231600,0.135135,18.718222
2026-07-26T08:21:31.508212+00:00,311,g311_0311_2369,hit_first_temporal_robustness,loto7-hit-first-2026.07.22-v1,15.985182,12.09238,10.43478,12.28261,52.118204,2.027174,6.522,0,0,12.157609,4.724457,15.145,-234200,0.133971,18.718222
2026-07-26T08:27:45.046761+00:00,312,g312_3121_1338,hit_first_temporal_robustness,loto7-hit-first-2026.07.22-v1,15.204625,11.38588,10.76086,11.30434,50.171191,1.929348,5.435,1,0,11.842391,4.836957,15.435,-233400,0.255869,18.718222
2026-07-26T08:37:05.764818+00:00,313,g313_0313_4386,hit_first_temporal_robustness,loto7-hit-first-2026.07.22-v1,15.067801,11.385875,9.8913,11.73912,48.9769,1.951087,5.435,0,0,11.61413,4.889674,14.819,-235100,0.102689,18.718222
2026-07-26T08:37:38.734451+00:00,314,g314_0314_2442,hit_first_temporal_robustness,loto7-hit-first-2026.07.22-v1,15.476624,11.820645,10.978255,11.576078,49.347827,1.951087,6.522,1,0,11.630435,4.847826,16.087,-231600,0.135135,18.718222
2026-07-26T08:57:14.276521+00:00,315,g315_0315_1729,hit_first_temporal_robustness,loto7-hit-first-2026.07.22-v1,17.781801,12.391315,10.21739,12.98913,67.317934,2.119565,5.978,0,0,14.586957,3.831522,13.623,-238400,0.106383,18.718222
2026-07-26T12:06:38.190582+00:00,316,g316_0316_7156,hit_first_temporal_robustness,loto7-hit-first-2026.07.22-v1,14.921875,11.22283,10.76086,11.19564,48.615486,1.929348,4.891,1,0,11.527174,4.897283,14.529,-235900,0.27182,18.718222
2026-07-26T12:06:48.329146+00:00,317,g317_3174_9640,hit_first_temporal_robustness,loto7-hit-first-2026.07.22-v1,17.571471,12.88044,12.06521,12.445655,60.964672,2.097826,7.609,1,0,12.869565,3.877174,18.986,-223600,0.188931,18.718222
2026-07-26T12:20:28.371377+00:00,318,g318_0318_5019,hit_first_temporal_robustness,loto7-hit-first-2026.07.22-v1,14.973231,11.222825,9.8913,10.869557,50.216029,1.951087,4.891,0,0,11.826087,4.82337,11.341,-244700,0.121406,18.718222
2026-07-26T12:20:38.642920+00:00,319,g319_0319_9003,hit_first_temporal_robustness,loto7-hit-first-2026.07.22-v1,17.647688,12.880435,12.608685,12.771728,60.900815,2.130435,7.065,1,0,12.929348,3.913587,17.391,-228000,0.227083,18.718222
2026-07-26T12:34:15.328648+00:00,320,g320_3203_4732,hit_first_temporal_robustness,loto7-hit-first-2026.07.22-v1,11.828665,9.2663,8.152175,9.239128,35.813858,1.722826,2.174,0,0,9.679348,5.741848,11.123,-245300,0.159609,18.718222
2026-07-26T12:40:27.841244+00:00,321,g321_3214_7959,hit_first_temporal_robustness,loto7-hit-first-2026.07.22-v1,18.077847,12.853255,11.84782,12.989117,65.740489,2.146739,7.065,0,0,14.211957,3.866848,9.928,-248600,0.072993,18.718222
2026-07-26T12:41:24.901351+00:00,322,g322_0322_4644,hit_first_temporal_robustness,loto7-hit-first-2026.07.22-v1,17.157334,11.95652,10.326085,12.22825,64.942936,2.108696,4.348,1,0,14.059783,3.902174,18.659,-224500,0.21165,18.718222
2026-07-26T12:43:59.246629+00:00,323,g323_3233_8811,hit_first_temporal_robustness,loto7-hit-first-2026.07.22-v1,15.674448,12.01086,11.195645,11.630425,49.755435,1.98913,6.522,1,0,11.744565,4.846739,17.065,-228900,0.150743,18.718222
2026-07-26T12:44:04.942831+00:00,324,g324_0324_8370,hit_first_temporal_robustness,loto7-hit-first-2026.07.22-v1,14.621327,11.00543,10.10869,10.706515,48.240491,1.918478,4.348,1,0,11.282609,4.833152,13.116,-239800,0.168508,18.718222
2026-07-26T12:57:40.716621+00:00,325,g325_3253_6768,hit_first_temporal_robustness,loto7-hit-first-2026.07.22-v1,18.234235,12.989125,11.304345,13.152175,66.59239,2.173913,7.065,0,0,14.423913,3.852174,13.587,-238500,0.106667,18.718222
2026-07-26T12:58:13.731990+00:00,326,g326_3261_5409,hit_first_temporal_robustness,loto7-hit-first-2026.07.22-v1,17.644828,12.554335,11.41304,12.391307,64.567935,2.119565,6.522,0,0,13.945652,3.898913,13.659,-238300,0.082228,18.718222
2026-07-26T12:58:19.412522+00:00,327,g327_3273_9257,hit_first_temporal_robustness,loto7-hit-first-2026.07.22-v1,15.106238,11.521725,11.19564,11.521728,47.627717,1.913043,6.522,0,0,11.206522,4.879348,12.717,-240900,0.11396,18.718222
2026-07-26T12:58:52.157905+00:00,328,g328_0328_4614,hit_first_temporal_robustness,loto7-hit-first-2026.07.22-v1,17.697026,12.663065,11.304345,12.55435,64.220105,2.130435,5.978,2,0,13.869565,3.909783,18.406,-225200,0.163386,18.718222
2026-07-26T13:02:55.645546+00:00,329,g329_0329_7302,hit_first_temporal_robustness,loto7-hit-first-2026.07.22-v1,15.787775,12.146745,10.54347,12.5,49.415758,1.940217,8.152,0,0,11.717391,4.879348,14.312,-236500,0.101266,18.718222
2026-07-26T13:03:05.735848+00:00,330,g330_0330_5915,hit_first_temporal_robustness,loto7-hit-first-2026.07.22-v1,15.126627,11.711955,10.54347,11.249987,47.347827,1.896739,7.065,1,0,11.266304,4.944565,14.746,-235300,0.174447,18.718222
2026-07-26T13:03:38.472641+00:00,331,g331_3313_8184,hit_first_temporal_robustness,loto7-hit-first-2026.07.22-v1,12.307615,9.538055,8.91304,9.510862,37.766303,1.711957,3.261,0,0,10.005435,5.633696,10.217,-247800,0.177305,18.718222
2026-07-26T13:04:35.305136+00:00,332,g332_0332_8348,hit_first_temporal_robustness,loto7-hit-first-2026.07.22-v1,15.04661,11.413055,10.217385,11.0326,49.161686,1.934783,5.435,1,0,11.608696,4.8625,14.964,-234700,0.171913,18.718222
2026-07-26T13:05:32.108810+00:00,333,g333_3333_4774,hit_first_temporal_robustness,loto7-hit-first-2026.07.22-v1,15.439273,11.65762,9.565215,12.065207,50.658967,1.972826,5.978,0,0,11.86413,4.782065,13.587,-238500,0.106667,18.718222
2026-07-26T13:06:04.866672+00:00,334,g334_3343_6795,hit_first_temporal_robustness,loto7-hit-first-2026.07.22-v1,15.384637,11.711945,11.195645,11.739117,48.819295,1.951087,6.522,0,0,11.559783,4.885326,12.645,-241100,0.08596,18.718222
2026-07-26T13:10:08.834814+00:00,335,g335_3354_8787,hit_first_temporal_robustness,loto7-hit-first-2026.07.22-v1,17.919169,12.744585,12.06521,12.554335,65.262228,2.146739,5.978,2,0,14.184783,3.917935,20.725,-218800,0.190559,18.718222
2026-07-26T13:10:27.282718+00:00,336,g336_0336_9967,hit_first_temporal_robustness,loto7-hit-first-2026.07.22-v1,18.078404,13.342405,11.95651,12.880422,62.36549,2.146739,8.696,0,0,13.445652,3.959239,16.848,-229500,0.066667,18.718222
2026-07-26T13:10:37.372363+00:00,337,g337_3373_1912,hit_first_temporal_robustness,loto7-hit-first-2026.07.22-v1,15.013997,11.27718,9.8913,11.521728,49.460595,1.929348,5.435,0,0,11.538043,4.789674,11.051,-245500,0.091803,18.718222
2026-07-26T13:19:55.991573+00:00,338,g338_0338_9331,hit_first_temporal_robustness,loto7-hit-first-2026.07.22-v1,17.540889,12.527165,11.739125,12.391295,63.457879,2.092391,6.522,1,0,13.820652,3.988587,17.609,-227400,0.100823,18.718222
2026-07-26T13:22:31.164414+00:00,339,g339_0339_6765,hit_first_temporal_robustness,loto7-hit-first-2026.07.22-v1,17.675149,12.663065,10.760865,12.608683,64.370924,2.130435,5.978,2,0,14.032609,3.965761,16.268,-231100,0.242762,18.718222
2026-07-26T13:26:36.431090+00:00,340,g340_0340_4124,hit_first_temporal_robustness,loto7-hit-first-2026.07.22-v1,17.862903,12.47282,10.978255,12.500003,67.536685,2.081522,6.522,1,0,14.559783,3.789674,15.181,-234100,0.145585,18.718222
2026-07-26T13:40:15.562946+00:00,341,g341_0341_6390,hit_first_temporal_robustness,loto7-hit-first-2026.07.22-v1,17.322144,11.82065,10.760865,11.684773,67.84647,2.070652,4.891,0,0,14.673913,3.80163,11.449,-244400,0.098101,18.718222
2026-07-26T13:41:12.486429+00:00,342,g342_0342_9626,hit_first_temporal_robustness,loto7-hit-first-2026.07.22-v1,17.680578,12.581535,12.1739,12.391298,64.126359,2.157609,5.978,0,0,13.902174,3.9375,16.087,-231600,0.094595,18.718222
2026-07-26T13:45:16.651650+00:00,343,g343_0343_9592,hit_first_temporal_robustness,loto7-hit-first-2026.07.22-v1,15.451235,11.82067,10.543475,12.06522,48.854619,1.983696,5.978,1,0,11.581522,4.890761,18.877,-223900,0.209213,18.718222
2026-07-26T13:45:49.499153+00:00,344,g344_0344_7936,hit_first_temporal_robustness,loto7-hit-first-2026.07.22-v1,14.107746,10.19022,8.913045,10.489125,50.028537,1.875,2.717,0,0,11.777174,4.825543,9.13,-250800,0.150794,18.718222
2026-07-26T13:49:53.167946+00:00,345,g345_0345_5558,hit_first_temporal_robustness,loto7-hit-first-2026.07.22-v1,17.816847,12.744565,12.391295,12.717392,63.782607,2.092391,7.609,0,0,13.891304,3.978261,17.862,-226700,0.077079,18.718222
2026-07-26T13:51:28.779212+00:00,346,g346_0346_7476,hit_first_temporal_robustness,loto7-hit-first-2026.07.22-v1,12.080713,9.51088,8.804345,9.239125,36.100547,1.706522,3.261,0,0,9.755435,5.73913,13.442,-238900,0.134771,18.718222
2026-07-26T13:52:01.717606+00:00,347,g347_0347_2488,hit_first_temporal_robustness,loto7-hit-first-2026.07.22-v1,17.584507,12.60869,10.43478,12.77174,63.910324,2.097826,7.065,0,0,13.820652,3.928261,15.688,-232700,0.071594,18.718222
2026-07-26T13:52:58.874751+00:00,348,g348_3482_6217,hit_first_temporal_robustness,loto7-hit-first-2026.07.22-v1,18.257748,13.260875,10.97826,13.260867,65.055707,2.173913,7.609,1,0,14.0,3.859239,17.174,-228600,0.175105,18.718222
2026-07-26T13:53:17.355283+00:00,349,g349_0349_7400,hit_first_temporal_robustness,loto7-hit-first-2026.07.22-v1,17.271073,12.336975,10.54348,12.445655,62.982333,2.086957,5.978,1,0,13.538043,3.920109,15.181,-234100,0.143198,18.718222
2026-07-26T13:57:21.266533+00:00,350,g350_0350_3260,hit_first_temporal_robustness,loto7-hit-first-2026.07.22-v1,17.958149,12.79891,10.978255,13.260867,65.293475,2.13587,7.065,0,0,14.173913,3.908696,17.065,-228900,0.106157,18.718222
2026-07-26T14:01:24.865313+00:00,351,g351_0351_7647,hit_first_temporal_robustness,loto7-hit-first-2026.07.22-v1,17.893352,12.635885,12.06521,12.49999,65.830168,2.146739,5.978,1,0,14.26087,3.877717,13.551,-238600,0.163102,18.718222
2026-07-26T14:04:00.079917+00:00,352,g352_3524_1865,hit_first_temporal_robustness,loto7-hit-first-2026.07.22-v1,17.177038,11.847825,9.891305,12.06522,66.444293,2.076087,4.891,0,0,14.347826,3.836413,11.304,-244800,0.096154,18.718222
2026-07-26T14:04:33.009771+00:00,353,g353_0353_7779,hit_first_temporal_robustness,loto7-hit-first-2026.07.22-v1,12.29457,9.67392,9.021735,9.45652,36.663044,1.73913,3.261,0,0,9.820652,5.694565,12.681,-241000,0.142857,18.718222
2026-07-26T14:05:30.121064+00:00,354,g354_3541_6620,hit_first_temporal_robustness,loto7-hit-first-2026.07.22-v1,15.087098,11.494575,9.999995,11.739117,48.322015,1.951087,5.435,1,0,11.461957,4.905978,19.42,-222400,0.231343,18.718222
2026-07-26T14:06:03.056268+00:00,355,g355_0355_3661,hit_first_temporal_robustness,loto7-hit-first-2026.07.22-v1,15.694445,11.92937,9.45652,12.71739,50.612773,1.983696,5.978,2,0,11.788043,4.752717,20.0,-220800,0.197464,18.718222
2026-07-26T14:07:00.194929+00:00,356,g356_0356_1963,hit_first_temporal_robustness,loto7-hit-first-2026.07.22-v1,18.081385,13.043475,12.2826,13.043492,64.03125,2.163043,7.065,1,0,13.923913,3.960326,17.609,-227400,0.22428,18.718222
2026-07-26T14:07:05.984832+00:00,357,g357_3572_1241,hit_first_temporal_robustness,loto7-hit-first-2026.07.22-v1,14.791711,11.277175,9.999995,11.195642,47.542123,1.940217,4.891,1,0,11.173913,4.875543,13.986,-237400,0.204663,18.718222
2026-07-26T14:13:19.154673+00:00,358,g358_0358_2806,hit_first_temporal_robustness,loto7-hit-first-2026.07.22-v1,17.928797,12.744555,11.630425,12.717395,65.510872,2.157609,6.522,0,0,14.25,3.915217,13.37,-239100,0.102981,18.718222
2026-07-26T17:26:07.657175+00:00,359,g359_3594_9149,hit_first_temporal_robustness,loto7-hit-first-2026.07.22-v1,15.191988,11.4674,10.869555,11.46738,49.191579,1.945652,5.435,1,0,11.652174,4.878804,14.891,-234900,0.172749,18.718222
2026-07-26T17:27:36.399973+00:00,360,g360_3603_8401,hit_first_temporal_robustness,loto7-hit-first-2026.07.22-v1,17.392665,12.11957,11.52173,11.902165,65.589675,2.097826,5.435,0,0,14.163043,3.86413,14.783,-235200,0.088235,18.718222
2026-07-26T17:31:22.996053+00:00,361,g361_0361_8261,hit_first_temporal_robustness,loto7-hit-first-2026.07.22-v1,17.671336,12.472835,11.739125,12.49999,65.012229,2.146739,5.435,1,0,14.157609,3.938587,17.319,-228200,0.228033,18.718222
2026-07-26T17:49:37.729065+00:00,362,g362_3623_6679,hit_first_temporal_robustness,loto7-hit-first-2026.07.22-v1,11.914263,9.293475,8.47826,9.076083,36.414401,1.728261,2.174,0,0,9.853261,5.742935,12.246,-242200,0.147929,18.718222
2026-07-26T17:50:30.454179+00:00,363,g363_0363_2944,hit_first_temporal_robustness,loto7-hit-first-2026.07.22-v1,18.128125,13.016305,11.84782,12.989133,65.101902,2.157609,7.065,1,0,14.076087,3.888587,15.471,-233300,0.140515,18.718222
2026-07-26T17:50:47.551952+00:00,364,g364_0364_1921,hit_first_temporal_robustness,loto7-hit-first-2026.07.22-v1,17.813321,13.07066,10.86956,12.934783,62.421198,2.13587,7.609,1,0,13.418478,3.93913,17.283,-228300,0.102725,18.718222
2026-07-26T17:53:11.948925+00:00,365,g365_3653_4809,hit_first_temporal_robustness,loto7-hit-first-2026.07.22-v1,17.369157,12.173915,11.304345,12.228252,64.75679,2.119565,4.891,1,0,14.038043,3.916848,15.0,-234600,0.171498,18.718222
2026-07-26T17:53:42.347801+00:00,366,g366_3664_3251,hit_first_temporal_robustness,loto7-hit-first-2026.07.22-v1,12.688719,10.29891,9.021735,9.782602,35.838312,1.766304,4.891,0,0,9.744565,5.769022,16.522,-230400,0.122807,18.718222
2026-07-26T17:57:28.890086+00:00,367,g367_3671_9673,hit_first_temporal_robustness,loto7-hit-first-2026.07.22-v1,18.201636,13.097835,12.2826,12.98913,64.918479,2.130435,8.152,0,0,14.141304,3.943478,17.717,-227100,0.063395,18.718222
2026-07-26T18:03:16.431383+00:00,368,g368_0368_9069,hit_first_temporal_robustness,loto7-hit-first-2026.07.22-v1,15.309652,11.38588,9.999995,11.793468,51.243205,1.929348,5.435,1,0,11.98913,4.7625,16.196,-231300,0.277405,18.718222
2026-07-26T18:04:08.879425+00:00,369,g369_3691_2715,hit_first_temporal_robustness,loto7-hit-first-2026.07.22-v1,18.202716,13.097825,11.956515,13.097827,65.059784,2.173913,7.065,1,0,14.065217,3.88913,17.862,-226700,0.168357,18.718222
2026-07-26T18:04:25.723060+00:00,370,g370_0370_4222,hit_first_temporal_robustness,loto7-hit-first-2026.07.22-v1,14.574585,10.788035,10.10869,10.217385,49.881795,1.907609,3.804,1,0,11.695652,4.807065,14.203,-236800,0.278061,18.718222
2026-07-26T18:04:42.701040+00:00,371,g371_0371_1376,hit_first_temporal_robustness,loto7-hit-first-2026.07.22-v1,16.82853,11.82065,10.21739,11.956513,63.019022,2.081522,4.348,1,0,13.48913,3.892391,13.913,-237600,0.283854,18.718222
2026-07-26T18:05:12.896299+00:00,372,g372_3722_7992,hit_first_temporal_robustness,loto7-hit-first-2026.07.22-v1,12.356659,9.592395,9.34782,9.34782,37.724184,1.755435,2.717,0,0,9.961957,5.619022,11.884,-243200,0.121951,18.718222
2026-07-26T18:07:35.001151+00:00,373,g373_3734_9380,hit_first_temporal_robustness,loto7-hit-first-2026.07.22-v1,17.328125,12.173915,10.86956,11.847817,65.150818,2.119565,4.891,1,0,14.125,3.904891,16.558,-230300,0.238512,18.718222
2026-07-26T18:13:22.522029+00:00,374,g374_3742_2714,hit_first_temporal_robustness,loto7-hit-first-2026.07.22-v1,17.946749,12.771755,11.84782,12.554337,65.521743,2.173913,5.978,1,0,14.255435,3.916304,18.261,-225600,0.21627,18.718222
2026-07-26T18:13:52.891952+00:00,375,g375_3752_4589,hit_first_temporal_robustness,loto7-hit-first-2026.07.22-v1,14.615478,10.760855,10.10869,10.706515,49.894027,1.923913,3.804,0,0,11.711957,4.813043,12.572,-241300,0.092219,18.718222
2026-07-26T18:15:21.928109+00:00,376,g376_3763_4356,hit_first_temporal_robustness,loto7-hit-first-2026.07.22-v1,18.311008,12.96196,10.97826,13.42391,67.485056,2.125,7.065,2,0,14.423913,3.733152,16.993,-229100,0.130064,18.718222
2026-07-26T18:15:52.332470+00:00,377,g377_0377_7133,hit_first_temporal_robustness,loto7-hit-first-2026.07.22-v1,18.248781,13.260875,11.19565,13.369565,64.661684,2.173913,7.609,1,0,13.896739,3.863587,16.703,-229900,0.106291,18.718222
2026-07-26T18:19:37.463364+00:00,378,g378_0378_2540,hit_first_temporal_robustness,loto7-hit-first-2026.07.22-v1,11.994703,9.34783,8.26087,9.402168,36.620927,1.706522,2.717,0,0,9.826087,5.702717,11.703,-243700,0.154799,18.718222
2026-07-26T18:19:42.683718+00:00,379,g379_3793_2066,hit_first_temporal_robustness,loto7-hit-first-2026.07.22-v1,12.586272,10.10869,9.45652,9.999993,35.536685,1.73913,4.348,1,0,9.695652,5.786413,17.174,-228600,0.263713,18.718222
2026-07-26T18:25:29.295786+00:00,380,g380_0380_3964,hit_first_temporal_robustness,loto7-hit-first-2026.07.22-v1,14.627298,10.842375,9.45652,10.43478,50.289402,1.940217,3.804,0,0,11.826087,4.813587,13.116,-239800,0.116022,18.718222
2026-07-26T18:29:15.287608+00:00,381,g381_3813_6825,hit_first_temporal_robustness,loto7-hit-first-2026.07.22-v1,17.278129,12.03805,9.891305,12.608695,65.471464,2.081522,5.435,0,0,14.195652,3.895109,14.058,-237200,0.128866,18.718222
2026-07-26T18:31:38.549073+00:00,382,g382_0382_1481,hit_first_temporal_robustness,loto7-hit-first-2026.07.22-v1,18.126489,12.934775,11.19565,13.26087,65.8519,2.163043,7.065,0,0,14.288043,3.8875,14.312,-236500,0.078481,18.718222
2026-07-26T18:31:47.900987+00:00,383,g383_0383_9478,hit_first_temporal_robustness,loto7-hit-first-2026.07.22-v1,16.787904,12.03804,10.21739,12.173905,60.83016,2.125,4.348,1,0,12.869565,3.895109,14.348,-236400,0.179293,18.718222
2026-07-26T18:37:36.115644+00:00,384,g384_0384_1354,hit_first_temporal_robustness,loto7-hit-first-2026.07.22-v1,18.043353,12.826105,12.06521,12.554337,65.933422,2.184783,5.978,1,0,14.320652,3.891848,16.558,-230300,0.238512,18.718222
2026-07-26T18:39:59.935626+00:00,385,g385_0385_2534,hit_first_temporal_robustness,loto7-hit-first-2026.07.22-v1,18.452727,13.50545,12.391295,13.206525,64.228258,2.168478,8.152,2,0,13.983696,3.961957,20.326,-219900,0.108734,18.718222
2026-07-26T18:41:28.590369+00:00,386,g386_3864_6211,hit_first_temporal_robustness,loto7-hit-first-2026.07.22-v1,14.550128,10.76086,9.67391,11.0326,49.19701,1.902174,3.804,1,0,11.630435,4.867935,16.92,-229300,0.233405,18.718222
2026-07-26T18:47:12.275824+00:00,387,g387_0387_3432,hit_first_temporal_robustness,loto7-hit-first-2026.07.22-v1,17.731531,12.55436,10.21739,12.771743,65.934784,2.152174,5.978,0,0,14.331522,3.896739,13.587,-238500,0.08,18.718222
2026-07-26T18:47:29.280965+00:00,388,g388_0388_4854,hit_first_temporal_robustness,loto7-hit-first-2026.07.22-v1,17.209654,12.309795,10.21739,12.445642,62.81929,2.103261,5.978,0,0,13.48913,3.919022,13.333,-239200,0.076087,18.718222
2026-07-26T18:47:34.553911+00:00,389,g389_3894_5025,hit_first_temporal_robustness,loto7-hit-first-2026.07.22-v1,16.854211,12.472825,11.73912,12.228265,57.167122,2.038043,7.609,0,0,12.0,3.977717,15.797,-232400,0.098624,18.718222
2026-07-26T18:53:22.113104+00:00,390,g390_0390_4875,hit_first_temporal_robustness,loto7-hit-first-2026.07.22-v1,15.01603,11.086955,10.43478,11.249987,50.703803,1.934783,4.348,1,0,11.929348,4.806522,13.333,-239200,0.192935,18.718222
2026-07-26T19:02:01.167312+00:00,391,g391_3911_4330,hit_first_temporal_robustness,loto7-hit-first-2026.07.22-v1,17.738048,12.472835,11.086955,12.499987,66.201089,2.146739,5.435,1,0,14.407609,3.896739,14.13,-237000,0.182051,18.718222
2026-07-26T19:02:10.527550+00:00,392,g392_3923_1914,hit_first_temporal_robustness,loto7-hit-first-2026.07.22-v1,17.402447,12.853265,10.43478,12.717377,60.442935,2.092391,7.609,1,0,12.869565,3.946739,16.087,-231600,0.135135,18.718222
2026-07-26T19:03:02.854469+00:00,393,g393_0393_8978,hit_first_temporal_robustness,loto7-hit-first-2026.07.22-v1,15.079078,11.385875,9.8913,11.793468,49.024456,1.961957,4.891,1,0,11.603261,4.878261,17.174,-228600,0.261603,18.718222
2026-07-26T19:04:30.933521+00:00,394,g394_0394_3145,hit_first_temporal_robustness,loto7-hit-first-2026.07.22-v1,15.362913,11.494575,10.326085,11.521728,51.080161,1.951087,5.435,1,0,11.907609,4.746196,16.522,-230400,0.239035,18.718222
2026-07-26T19:10:19.386382+00:00,395,g395_0395_4707,hit_first_temporal_robustness,loto7-hit-first-2026.07.22-v1,17.522013,12.25544,11.086955,12.06521,66.084239,2.125,5.435,0,0,14.320652,3.871739,12.319,-242000,0.141176,18.718222
2026-07-26T19:11:11.902675+00:00,396,g396_0396_4181,hit_first_temporal_robustness,loto7-hit-first-2026.07.22-v1,15.174049,11.331525,9.8913,11.521728,50.680703,1.951087,4.891,1,0,11.842391,4.769022,13.297,-239300,0.188011,18.718222
2026-07-26T19:11:42.200746+00:00,397,g397_3973_3593,hit_first_temporal_robustness,loto7-hit-first-2026.07.22-v1,17.461968,12.3098,10.760865,12.445652,64.907606,2.081522,5.978,1,0,13.907609,3.83587,15.58,-233000,0.165116,18.718222
2026-07-26T19:15:28.148877+00:00,398,g398_3983_8806,hit_first_temporal_robustness,loto7-hit-first-2026.07.22-v1,15.153129,11.4674,10.10869,11.141295,49.802988,1.956522,4.891,2,0,11.75,4.842935,18.478,-225000,0.154902,18.718222
2026-07-26T19:17:52.143452+00:00,399,g399_0399_6132,hit_first_temporal_robustness,loto7-hit-first-2026.07.22-v1,17.692943,12.60871,11.956515,12.2826,64.364133,2.152174,5.435,2,0,13.978261,3.941304,16.594,-230200,0.150655,18.718222
2026-07-26T19:26:30.974493+00:00,400,g400_0400_4609,hit_first_temporal_robustness,loto7-hit-first-2026.07.22-v1,15.489547,11.76632,10.76086,11.95651,49.574732,1.972826,5.978,1,0,11.701087,4.850543,17.21,-228500,0.145263,18.718222
2026-07-26T22:35:11.784278+00:00,401,g401_4014_6264,hit_first_temporal_robustness,loto7-hit-first-2026.07.22-v1,11.827441,9.103255,8.152175,9.239125,36.942937,1.701087,1.63,1,0,9.907609,5.697826,11.812,-243400,0.248466,18.718222
2026-07-26T22:41:30.135630+00:00,402,g402_4022_8642,hit_first_temporal_robustness,loto7-hit-first-2026.07.22-v1,17.874729,12.445655,10.97826,12.77173,67.519019,2.173913,4.891,1,0,14.597826,3.809783,16.522,-230400,0.239035,18.718222
2026-07-26T22:42:03.033368+00:00,403,g403_0403_2825,hit_first_temporal_robustness,loto7-hit-first-2026.07.22-v1,17.301366,12.173925,10.434785,12.282598,64.709237,2.086957,5.435,1,0,13.902174,3.859783,17.5,-227700,0.225673,18.718222
2026-07-26T22:44:37.788226+00:00,404,g404_0404_6672,hit_first_temporal_robustness,loto7-hit-first-2026.07.22-v1,15.215767,11.548925,10.10869,11.630422,49.271741,1.940217,5.435,2,0,11.641304,4.863043,18.442,-225100,0.214145,18.718222
2026-07-26T23:04:22.461236+00:00,405,g405_0405_6236,hit_first_temporal_robustness,loto7-hit-first-2026.07.22-v1,17.583838,12.28262,11.739125,12.391295,65.599183,2.097826,5.978,0,0,14.222826,3.890761,13.333,-239200,0.076087,18.718222
2026-07-26T23:04:28.307770+00:00,406,g406_4061_6390,hit_first_temporal_robustness,loto7-hit-first-2026.07.22-v1,16.135186,11.657605,10.0,11.902165,57.466032,2.038043,4.891,0,0,11.994565,3.935326,11.341,-244700,0.115016,18.718222
2026-07-26T23:05:25.733105+00:00,407,g407_4074_4760,hit_first_temporal_robustness,loto7-hit-first-2026.07.22-v1,13.138728,10.516315,9.891295,10.489123,37.273094,1.744565,5.978,0,0,9.940217,5.669022,14.094,-237100,0.143959,18.718222
2026-07-26T23:05:58.669151+00:00,408,g408_0408_1255,hit_first_temporal_robustness,loto7-hit-first-2026.07.22-v1,17.616838,12.52716,10.86956,12.82609,64.3913,2.11413,6.522,0,0,13.869565,3.886957,14.855,-235000,0.097561,18.718222
2026-07-26T23:06:31.839000+00:00,409,g409_0409_4416,hit_first_temporal_robustness,loto7-hit-first-2026.07.22-v1,18.058557,13.125,12.1739,12.717382,63.710595,2.168478,7.609,0,0,13.804348,3.947283,17.935,-226500,0.090909,18.718222
2026-07-26T23:06:50.266832+00:00,410,g410_0410_7243,hit_first_temporal_robustness,loto7-hit-first-2026.07.22-v1,18.075691,13.23371,11.19565,13.369578,63.120925,2.13587,8.152,1,0,13.538043,3.90163,16.123,-231500,0.110112,18.718222
2026-07-26T23:07:47.016551+00:00,411,g411_4111_7846,hit_first_temporal_robustness,loto7-hit-first-2026.07.22-v1,15.506246,11.84782,9.999995,11.847827,49.910328,1.956522,6.522,1,0,11.728261,4.818478,15.399,-233500,0.143529,18.718222
2026-07-26T23:07:57.212724+00:00,412,g412_4122_5038,hit_first_temporal_robustness,loto7-hit-first-2026.07.22-v1,16.792261,12.065225,10.65217,11.956527,60.596466,2.086957,5.435,0,0,12.907609,3.944022,13.08,-239900,0.110803,18.718222
2026-07-26T23:08:15.676830+00:00,413,g413_0413_1235,hit_first_temporal_robustness,loto7-hit-first-2026.07.22-v1,17.195507,12.255425,11.630425,11.847818,62.645378,2.059783,6.522,0,0,13.5,3.947283,14.312,-236500,0.101266,18.718222
2026-07-26T23:08:48.584302+00:00,414,g414_4141_9657,hit_first_temporal_robustness,loto7-hit-first-2026.07.22-v1,17.911141,12.934785,11.304345,12.880422,64.067935,2.163043,5.978,3,0,13.809783,3.902174,19.674,-221700,0.200737,18.718222
2026-07-26T23:12:52.400909+00:00,415,g415_0415_4760,hit_first_temporal_robustness,loto7-hit-first-2026.07.22-v1,16.937491,11.440205,9.78261,11.793468,67.315221,2.059783,3.804,0,0,14.548913,3.81413,10.652,-246600,0.122449,18.718222
2026-07-26T23:13:49.060192+00:00,416,g416_0416_6951,hit_first_temporal_robustness,loto7-hit-first-2026.07.22-v1,17.35191,12.119575,10.86956,12.228265,65.312504,2.076087,5.435,1,0,14.081522,3.863043,16.051,-231700,0.110609,18.718222
2026-07-26T23:23:08.758610+00:00,417,g417_4172_9066,hit_first_temporal_robustness,loto7-hit-first-2026.07.22-v1,14.955436,11.331525,9.8913,11.358688,48.690218,1.940217,5.435,0,0,11.554348,4.9,13.442,-238900,0.113208,18.718222
2026-07-26T23:23:41.641317+00:00,418,g418_0418_7142,hit_first_temporal_robustness,loto7-hit-first-2026.07.22-v1,15.546609,11.65762,10.10869,11.847815,51.558423,1.983696,5.435,1,0,11.967391,4.710326,16.63,-230100,0.237473,18.718222
2026-07-26T23:26:15.661137+00:00,419,g419_0419_6182,hit_first_temporal_robustness,loto7-hit-first-2026.07.22-v1,17.708972,12.39131,10.54348,12.880437,66.459241,2.152174,5.435,0,0,14.418478,3.867391,12.029,-242800,0.120482,18.718222
2026-07-26T23:30:18.927346+00:00,420,g420_0420_8304,hit_first_temporal_robustness,loto7-hit-first-2026.07.22-v1,14.841991,10.788055,9.8913,10.489125,52.403534,1.961957,3.261,0,0,12.157609,4.686413,9.493,-249800,0.152672,18.718222
2026-07-26T23:36:32.767358+00:00,421,g421_0421_4129,hit_first_temporal_robustness,loto7-hit-first-2026.07.22-v1,15.331521,11.413045,9.999995,11.467382,51.663041,1.967391,4.891,1,0,12.038043,4.729348,14.384,-236300,0.274559,18.718222
2026-07-26T23:37:05.709644+00:00,422,g422_4222_4723,hit_first_temporal_robustness,loto7-hit-first-2026.07.22-v1,17.73751,12.66306,11.086955,13.097815,64.146736,2.152174,5.978,1,0,13.853261,3.911957,15.109,-234300,0.117506,18.718222
2026-07-26T23:43:19.192770+00:00,423,g423_0423_2840,hit_first_temporal_robustness,loto7-hit-first-2026.07.22-v1,15.324191,11.548925,10.54347,11.52173,50.138584,1.961957,5.435,1,0,11.777174,4.81087,15.036,-234500,0.262651,18.718222
2026-07-26T23:43:37.649660+00:00,424,g424_0424_7496,hit_first_temporal_robustness,loto7-hit-first-2026.07.22-v1,17.970924,13.04348,12.391295,12.989133,62.904888,2.152174,7.609,0,0,13.538043,3.930435,15.87,-232200,0.068493,18.718222
2026-07-26T23:45:13.130842+00:00,425,g425_4253_8108,hit_first_temporal_robustness,loto7-hit-first-2026.07.22-v1,17.575688,12.41849,10.978255,12.500005,65.044835,2.13587,5.435,1,0,14.125,3.919022,16.775,-229700,0.235421,18.718222
2026-07-26T23:51:26.697957+00:00,426,g426_4263_5246,hit_first_temporal_robustness,loto7-hit-first-2026.07.22-v1,17.47677,12.30979,10.21739,12.336945,65.620924,2.13587,5.435,0,0,14.282609,3.915761,15.036,-234500,0.072289,18.718222
2026-07-26T23:52:23.679582+00:00,427,g427_0427_8872,hit_first_temporal_robustness,loto7-hit-first-2026.07.22-v1,18.024183,12.961955,11.086955,13.043477,64.986412,2.157609,6.522,2,0,14.032609,3.883696,19.239,-222900,0.205273,18.718222
2026-07-27T00:12:15.346915+00:00,428,g428_4282_7719,hit_first_temporal_robustness,loto7-hit-first-2026.07.22-v1,17.813312,12.3913,10.217385,12.826087,67.828803,2.054348,7.065,0,0,14.679348,3.806522,12.754,-240800,0.113636,18.718222
2026-07-27T00:21:39.574230+00:00,429,g429_0429_3431,hit_first_temporal_robustness,loto7-hit-first-2026.07.22-v1,15.553404,11.684795,10.326085,12.119553,50.936142,1.978261,5.978,0,0,11.945652,4.783152,13.514,-238700,0.107239,18.718222
2026-07-27T00:31:00.931346+00:00,430,g430_0430_9246,hit_first_temporal_robustness,loto7-hit-first-2026.07.22-v1,18.254078,13.125,11.41304,13.478275,65.361417,2.179348,7.065,1,0,14.211957,3.917391,18.732,-224300,0.210832,18.718222
2026-07-27T00:40:20.848913+00:00,431,g431_4314_7191,hit_first_temporal_robustness,loto7-hit-first-2026.07.22-v1,15.40326,11.38587,10.217385,11.358688,52.527173,1.983696,4.891,0,0,12.168478,4.675,14.601,-235700,0.08933,18.718222
