{
  "base_latest_draw_no": 687,
  "bayesian_source_posterior": {
    "alpha": {
      "full": 2.217142857,
      "recent": 2.241142857,
      "regime": 2.225142857,
      "super": 2.0
    },
    "evaluated_draws": {
      "full": 1,
      "recent": 1,
      "regime": 1,
      "super": 0
    },
    "prior_strength": 2.0,
    "utility_sum": {
      "full": 0.217142857,
      "recent": 0.241142857,
      "regime": 0.225142857,
      "super": 0.0
    },
    "weights": {
      "full": 0.25533035,
      "recent": 0.258094235,
      "regime": 0.256251645,
      "super": 0.230323769
    }
  },
  "beam_baseline_portfolio": {
    "average_pair_overlap": 2.3,
    "candidate_pool_counts": {
      "full": 210,
      "recent": 215,
      "regime": 189,
      "super": 0
    },
    "max_number_usage": 4,
    "max_pair_overlap": 4,
    "number_usage": {
      "1": 3,
      "12": 2,
      "14": 1,
      "15": 1,
      "16": 2,
      "17": 2,
      "18": 1,
      "22": 4,
      "24": 2,
      "29": 2,
      "33": 1,
      "34": 1,
      "35": 2,
      "36": 3,
      "6": 2,
      "7": 2,
      "8": 1,
      "9": 3
    },
    "objective_score": 578.78875,
    "pair_coverage_count": 86,
    "post_selection_number_replacements": 0,
    "source_counts": {
      "full": 1,
      "recent": 2,
      "regime": 2
    },
    "source_quotas": {
      "full": 1,
      "recent": 2,
      "regime": 2,
      "super": 0
    },
    "triple_coverage_count": 166,
    "unique_number_count": 18
  },
  "change_point": {
    "aggregate_distance": 0.039277021,
    "js_divergence": 0.018048419,
    "level": "low",
    "recent_features": [
      0.496955747,
      0.497252747,
      0.208333333,
      0.214285714
    ],
    "recent_window": 52,
    "reference_features": [
      0.521829522,
      0.489010989,
      0.190705128,
      0.190934066
    ],
    "reference_window": 104,
    "score": 0.406226
  },
  "conformal_number_pool": {
    "alpha": 0.2,
    "calibration_draw_count": 104,
    "calibration_score_count": 728,
    "empirical_main_number_coverage": 0.642857,
    "future_data_used": false,
    "half_life": 104.0,
    "number_scores": {
      "1": 0.028973818,
      "10": 0.026611836,
      "11": 0.02558241,
      "12": 0.032077568,
      "13": 0.027799284,
      "14": 0.027931916,
      "15": 0.029655746,
      "16": 0.025835117,
      "17": 0.028317827,
      "18": 0.030505139,
      "19": 0.026913876,
      "2": 0.023204306,
      "20": 0.026313993,
      "21": 0.022628488,
      "22": 0.035187851,
      "23": 0.024119697,
      "24": 0.023533568,
      "25": 0.022218157,
      "26": 0.027629463,
      "27": 0.023787808,
      "28": 0.024165767,
      "29": 0.031313855,
      "3": 0.022835574,
      "30": 0.025869545,
      "31": 0.02617286,
      "32": 0.026481183,
      "33": 0.026157824,
      "34": 0.031287065,
      "35": 0.028566078,
      "36": 0.028605269,
      "37": 0.023441143,
      "4": 0.02622049,
      "5": 0.023460398,
      "6": 0.027275896,
      "7": 0.028526308,
      "8": 0.028644301,
      "9": 0.032148575
    },
    "numbers": [
      1,
      4,
      6,
      7,
      8,
      9,
      10,
      12,
      13,
      14,
      15,
      17,
      18,
      19,
      20,
      22,
      26,
      29,
      31,
      32,
      33,
      34,
      35,
      36
    ],
    "pool_size": 24,
    "ranked_numbers": [
      22,
      9,
      12,
      29,
      34,
      18,
      15,
      1,
      8,
      36,
      35,
      7,
      17,
      14,
      13,
      26,
      6,
      19,
      10,
      32,
      20,
      4,
      31,
      33,
      30,
      16,
      11,
      28,
      23,
      27,
      24,
      5,
      37,
      2,
      3,
      21,
      25
    ],
    "threshold": 0.805556
  },
  "dynamic_source_weights": {
    "full": 0.215256588,
    "recent": 0.514701803,
    "regime": 0.270041609,
    "super": 0.0
  },
  "generation4_portfolio": {
    "average_pair_overlap": 2.2,
    "candidate_pool_counts": {
      "full": 210,
      "recent": 215,
      "regime": 189,
      "super": 0
    },
    "max_number_usage": 4,
    "max_pair_overlap": 3,
    "number_usage": {
      "1": 3,
      "12": 2,
      "14": 1,
      "15": 1,
      "16": 2,
      "17": 3,
      "18": 1,
      "20": 1,
      "22": 4,
      "24": 1,
      "29": 2,
      "33": 1,
      "34": 1,
      "35": 2,
      "36": 3,
      "6": 2,
      "7": 2,
      "8": 1,
      "9": 2
    },
    "objective_components": {
      "conformal": 32.0,
      "dpp_logdet": 5.751312,
      "entropy": 2.837155,
      "hypergraph": 101.686779,
      "hypergraph_pair": 74.238688,
      "hypergraph_triple": 78.42312,
      "overlap_penalty": 4.166667,
      "quality": 7.052876,
      "total": 49.622387
    },
    "objective_score": 49.622387,
    "post_selection_number_replacements": 0,
    "selector": "dpp_hypergraph_beam_search_v1",
    "source_counts": {
      "full": 1,
      "recent": 2,
      "regime": 2
    },
    "source_quotas": {
      "full": 1,
      "recent": 2,
      "regime": 2,
      "super": 0
    },
    "unique_number_count": 19
  },
  "kind": "loto7_generation4_complete",
  "notes": [
    "All conformal calibration targets use only earlier draws.",
    "Final tickets are original model candidates; no post-selection number replacement is allowed.",
    "Historical diagnostics do not guarantee future lottery winnings."
  ],
  "null_strategy_league": {
    "available": true,
    "model_percentile": 0.472222,
    "passed": false,
    "pbo": 0.55,
    "summary_path": "outputs/generation4/null_strategy_league_summary.json"
  },
  "prediction_draw_no": 688,
  "production_refresh": {
    "latest_strict_gate_adoption_allowed": false,
    "model_adoption_changed": false,
    "reason": "always_publish_latest_draw_plus_one"
  },
  "shadow_strategy_names": [
    "beam_baseline",
    "full",
    "generation4",
    "random_control",
    "recent",
    "regime"
  ],
  "source_quotas": {
    "full": 1,
    "recent": 2,
    "regime": 2,
    "super": 0
  },
  "super_recent_independent": false
}
