{
  "base_latest_draw_no": 685,
  "bayesian_source_posterior": {
    "alpha": {
      "full": 2.0,
      "recent": 2.0,
      "regime": 2.0,
      "super": 2.0
    },
    "evaluated_draws": {
      "full": 0,
      "recent": 0,
      "regime": 0,
      "super": 0
    },
    "prior_strength": 2.0,
    "utility_sum": {
      "full": 0.0,
      "recent": 0.0,
      "regime": 0.0,
      "super": 0.0
    },
    "weights": {
      "full": 0.25,
      "recent": 0.25,
      "regime": 0.25,
      "super": 0.25
    }
  },
  "beam_baseline_portfolio": {
    "average_pair_overlap": 2.2,
    "candidate_pool_counts": {
      "full": 212,
      "recent": 213,
      "regime": 184,
      "super": 0
    },
    "max_number_usage": 4,
    "max_pair_overlap": 4,
    "number_usage": {
      "1": 2,
      "10": 2,
      "12": 2,
      "13": 1,
      "16": 2,
      "17": 2,
      "19": 1,
      "20": 1,
      "22": 4,
      "24": 1,
      "26": 1,
      "29": 1,
      "33": 3,
      "35": 2,
      "36": 2,
      "6": 3,
      "7": 1,
      "8": 1,
      "9": 3
    },
    "objective_score": 592.212279,
    "pair_coverage_count": 90,
    "post_selection_number_replacements": 0,
    "source_counts": {
      "full": 1,
      "recent": 2,
      "regime": 2
    },
    "source_quotas": {
      "full": 1,
      "recent": 2,
      "regime": 2,
      "super": 0
    },
    "triple_coverage_count": 170,
    "unique_number_count": 19
  },
  "change_point": {
    "aggregate_distance": 0.038863462,
    "js_divergence": 0.016674655,
    "level": "low",
    "recent_features": [
      0.498366498,
      0.489010989,
      0.205128205,
      0.222527473
    ],
    "recent_window": 52,
    "reference_features": [
      0.518711019,
      0.491758242,
      0.189102564,
      0.193681319
    ],
    "reference_window": 104,
    "score": 0.390101
  },
  "conformal_number_pool": {
    "alpha": 0.2,
    "calibration_draw_count": 104,
    "calibration_score_count": 728,
    "empirical_main_number_coverage": 0.645604,
    "future_data_used": false,
    "half_life": 104.0,
    "number_scores": {
      "1": 0.028392266,
      "10": 0.026959261,
      "11": 0.02591458,
      "12": 0.032498422,
      "13": 0.028162661,
      "14": 0.028294937,
      "15": 0.029133669,
      "16": 0.025211398,
      "17": 0.028686033,
      "18": 0.029987266,
      "19": 0.027263221,
      "2": 0.02350809,
      "20": 0.026654566,
      "21": 0.022919548,
      "22": 0.034689804,
      "23": 0.023494509,
      "24": 0.022922058,
      "25": 0.021560238,
      "26": 0.027991272,
      "27": 0.024098005,
      "28": 0.024478904,
      "29": 0.030778132,
      "3": 0.022279324,
      "30": 0.026206285,
      "31": 0.026511537,
      "32": 0.025873328,
      "33": 0.026499149,
      "34": 0.030786881,
      "35": 0.028007786,
      "36": 0.028025973,
      "37": 0.023753809,
      "4": 0.026570495,
      "5": 0.023762634,
      "6": 0.027633667,
      "7": 0.028902303,
      "8": 0.029016893,
      "9": 0.032571096
    },
    "numbers": [
      1,
      4,
      6,
      7,
      8,
      9,
      10,
      12,
      13,
      14,
      15,
      17,
      18,
      19,
      20,
      22,
      26,
      29,
      30,
      31,
      33,
      34,
      35,
      36
    ],
    "pool_size": 24,
    "ranked_numbers": [
      22,
      9,
      12,
      34,
      29,
      18,
      15,
      8,
      7,
      17,
      1,
      14,
      13,
      36,
      35,
      26,
      6,
      19,
      10,
      20,
      4,
      31,
      33,
      30,
      11,
      32,
      16,
      28,
      27,
      5,
      37,
      2,
      23,
      24,
      21,
      3,
      25
    ],
    "threshold": 0.805556
  },
  "dynamic_source_weights": {
    "full": 0.210526316,
    "recent": 0.526315789,
    "regime": 0.263157895,
    "super": 0.0
  },
  "generation4_portfolio": {
    "average_pair_overlap": 1.9,
    "candidate_pool_counts": {
      "full": 212,
      "recent": 213,
      "regime": 184,
      "super": 0
    },
    "max_number_usage": 4,
    "max_pair_overlap": 3,
    "number_usage": {
      "1": 2,
      "10": 2,
      "12": 2,
      "13": 1,
      "16": 1,
      "17": 2,
      "18": 1,
      "19": 1,
      "20": 1,
      "22": 4,
      "24": 1,
      "26": 1,
      "29": 1,
      "33": 3,
      "35": 2,
      "36": 2,
      "6": 2,
      "7": 2,
      "8": 2,
      "9": 2
    },
    "objective_components": {
      "conformal": 33.0,
      "dpp_logdet": 5.713548,
      "entropy": 2.906664,
      "hypergraph": 102.684502,
      "hypergraph_pair": 75.73652,
      "hypergraph_triple": 76.994234,
      "overlap_penalty": 3.416667,
      "quality": 7.00069,
      "total": 50.935999
    },
    "objective_score": 50.935999,
    "post_selection_number_replacements": 0,
    "selector": "dpp_hypergraph_beam_search_v1",
    "source_counts": {
      "full": 1,
      "recent": 2,
      "regime": 2
    },
    "source_quotas": {
      "full": 1,
      "recent": 2,
      "regime": 2,
      "super": 0
    },
    "unique_number_count": 20
  },
  "kind": "loto7_generation4_complete",
  "notes": [
    "All conformal calibration targets use only earlier draws.",
    "Final tickets are original model candidates; no post-selection number replacement is allowed.",
    "Historical diagnostics do not guarantee future lottery winnings."
  ],
  "null_strategy_league": {
    "available": true,
    "model_percentile": 0.455556,
    "passed": false,
    "pbo": 0.5,
    "summary_path": "outputs/generation4/null_strategy_league_summary.json"
  },
  "prediction_draw_no": 686,
  "shadow_strategy_names": [
    "beam_baseline",
    "full",
    "generation4",
    "random_control",
    "recent",
    "regime"
  ],
  "source_quotas": {
    "full": 1,
    "recent": 2,
    "regime": 2,
    "super": 0
  },
  "super_recent_independent": false
}
