{
  "base_latest_draw_no": 686,
  "bayesian_source_posterior": {
    "alpha": {
      "full": 2.217142857,
      "recent": 2.241142857,
      "regime": 2.225142857,
      "super": 2.0
    },
    "evaluated_draws": {
      "full": 1,
      "recent": 1,
      "regime": 1,
      "super": 0
    },
    "prior_strength": 2.0,
    "utility_sum": {
      "full": 0.217142857,
      "recent": 0.241142857,
      "regime": 0.225142857,
      "super": 0.0
    },
    "weights": {
      "full": 0.25533035,
      "recent": 0.258094235,
      "regime": 0.256251645,
      "super": 0.230323769
    }
  },
  "beam_baseline_portfolio": {
    "average_pair_overlap": 2.2,
    "candidate_pool_counts": {
      "full": 213,
      "recent": 213,
      "regime": 189,
      "super": 0
    },
    "max_number_usage": 4,
    "max_pair_overlap": 4,
    "number_usage": {
      "1": 3,
      "10": 1,
      "12": 2,
      "14": 1,
      "16": 1,
      "17": 2,
      "18": 2,
      "20": 1,
      "22": 4,
      "24": 1,
      "29": 1,
      "33": 2,
      "34": 1,
      "35": 3,
      "36": 2,
      "6": 2,
      "7": 2,
      "8": 1,
      "9": 3
    },
    "objective_score": 588.2905,
    "pair_coverage_count": 90,
    "post_selection_number_replacements": 0,
    "source_counts": {
      "full": 1,
      "recent": 2,
      "regime": 2
    },
    "source_quotas": {
      "full": 1,
      "recent": 2,
      "regime": 2,
      "super": 0
    },
    "triple_coverage_count": 171,
    "unique_number_count": 19
  },
  "change_point": {
    "aggregate_distance": 0.042009119,
    "js_divergence": 0.017300413,
    "level": "low",
    "recent_features": [
      0.496361746,
      0.491758242,
      0.205128205,
      0.222527473
    ],
    "recent_window": 52,
    "reference_features": [
      0.519453519,
      0.489010989,
      0.1875,
      0.192307692
    ],
    "reference_window": 104,
    "score": 0.406343
  },
  "conformal_number_pool": {
    "alpha": 0.2,
    "calibration_draw_count": 104,
    "calibration_score_count": 728,
    "empirical_main_number_coverage": 0.644231,
    "future_data_used": false,
    "half_life": 104.0,
    "number_scores": {
      "1": 0.029161957,
      "10": 0.026785779,
      "11": 0.025748774,
      "12": 0.032288214,
      "13": 0.027981201,
      "14": 0.028113724,
      "15": 0.028944646,
      "16": 0.026002179,
      "17": 0.028502227,
      "18": 0.030703561,
      "19": 0.027088848,
      "2": 0.023356365,
      "20": 0.026484604,
      "21": 0.02277435,
      "22": 0.034466567,
      "23": 0.023344374,
      "24": 0.022774594,
      "25": 0.021423302,
      "26": 0.027810573,
      "27": 0.023943119,
      "28": 0.024322617,
      "29": 0.03058008,
      "3": 0.022982493,
      "30": 0.02603817,
      "31": 0.026342523,
      "32": 0.026652584,
      "33": 0.026328717,
      "34": 0.031490739,
      "35": 0.028751479,
      "36": 0.027846544,
      "37": 0.023597456,
      "4": 0.026395467,
      "5": 0.023611846,
      "6": 0.027454964,
      "7": 0.028714438,
      "8": 0.028830894,
      "9": 0.032360032
    },
    "numbers": [
      1,
      4,
      6,
      7,
      8,
      9,
      10,
      12,
      13,
      14,
      15,
      17,
      18,
      19,
      20,
      22,
      26,
      29,
      31,
      32,
      33,
      34,
      35,
      36
    ],
    "pool_size": 24,
    "ranked_numbers": [
      22,
      9,
      12,
      34,
      18,
      29,
      1,
      15,
      8,
      35,
      7,
      17,
      14,
      13,
      36,
      26,
      6,
      19,
      10,
      32,
      20,
      4,
      31,
      33,
      30,
      16,
      11,
      28,
      27,
      5,
      37,
      2,
      23,
      3,
      24,
      21,
      25
    ],
    "threshold": 0.805556
  },
  "dynamic_source_weights": {
    "full": 0.215256588,
    "recent": 0.514701803,
    "regime": 0.270041609,
    "super": 0.0
  },
  "generation4_portfolio": {
    "average_pair_overlap": 2.0,
    "candidate_pool_counts": {
      "full": 213,
      "recent": 213,
      "regime": 189,
      "super": 0
    },
    "max_number_usage": 4,
    "max_pair_overlap": 3,
    "number_usage": {
      "1": 3,
      "10": 1,
      "12": 2,
      "14": 1,
      "16": 1,
      "17": 2,
      "18": 2,
      "19": 1,
      "20": 1,
      "22": 4,
      "24": 1,
      "29": 1,
      "33": 2,
      "34": 1,
      "35": 3,
      "36": 2,
      "6": 1,
      "7": 2,
      "8": 2,
      "9": 2
    },
    "objective_components": {
      "conformal": 33.0,
      "dpp_logdet": 5.508306,
      "entropy": 2.891714,
      "hypergraph": 102.273958,
      "hypergraph_pair": 76.282107,
      "hypergraph_triple": 74.262431,
      "overlap_penalty": 3.5,
      "quality": 6.891204,
      "total": 50.074239
    },
    "objective_score": 50.074239,
    "post_selection_number_replacements": 0,
    "selector": "dpp_hypergraph_beam_search_v1",
    "source_counts": {
      "full": 1,
      "recent": 2,
      "regime": 2
    },
    "source_quotas": {
      "full": 1,
      "recent": 2,
      "regime": 2,
      "super": 0
    },
    "unique_number_count": 20
  },
  "kind": "loto7_generation4_complete",
  "notes": [
    "All conformal calibration targets use only earlier draws.",
    "Final tickets are original model candidates; no post-selection number replacement is allowed.",
    "Historical diagnostics do not guarantee future lottery winnings."
  ],
  "null_strategy_league": {
    "available": true,
    "model_percentile": 0.472222,
    "passed": false,
    "pbo": 0.5,
    "summary_path": "outputs/generation4/null_strategy_league_summary.json"
  },
  "prediction_draw_no": 687,
  "production_refresh": {
    "latest_strict_gate_adoption_allowed": false,
    "model_adoption_changed": false,
    "reason": "always_publish_latest_draw_plus_one"
  },
  "shadow_strategy_names": [
    "beam_baseline",
    "full",
    "generation4",
    "random_control",
    "recent",
    "regime"
  ],
  "source_quotas": {
    "full": 1,
    "recent": 2,
    "regime": 2,
    "super": 0
  },
  "super_recent_independent": false
}
