{
  "model": "meta6_weighted_linear_json",
  "target": "main_matches>=6",
  "positive_6plus": 0,
  "soft_positive_5plus": 13,
  "total": 6780,
  "keys": [
    "sum",
    "odd",
    "low",
    "mid",
    "high",
    "run",
    "repeat_last",
    "repeat_prev",
    "last_digit_max",
    "decade_count",
    "gap_avg",
    "gap_min",
    "gap_max",
    "cycle"
  ],
  "coefs": [
    -4.005554707076897,
    -0.692415166273538,
    0.479186818035263,
    -0.551522453574075,
    0.0723356355388125,
    0.022637411121858575,
    0.0,
    0.0,
    -0.014492015815642523,
    0.16550990740269356,
    0.2469600894484847,
    -0.11447674319944334,
    0.5550408118243997,
    0.0
  ],
  "centers": [
    137.4643158150769,
    3.1923614292906155,
    2.22194505252083,
    2.121915072940884,
    2.6561398745382863,
    1.8348351405929169,
    0.0,
    0.0,
    1.9303229309847443,
    3.6864758155294224,
    4.786776365532168,
    1.2880076023689524,
    10.722479594087801,
    0.0
  ],
  "selected_features": [
    "sum",
    "odd",
    "gap_max",
    "mid",
    "low",
    "gap_avg",
    "decade_count",
    "gap_min",
    "high",
    "run"
  ]
}
