{
  "model": "linear_fallback",
  "positive": 13,
  "total": 6780,
  "keys": [
    "sum",
    "odd",
    "low",
    "mid",
    "high",
    "run",
    "repeat_last",
    "repeat_prev",
    "last_digit_max",
    "decade_count",
    "gap_avg",
    "gap_min",
    "gap_max"
  ],
  "coefs": [
    -4.0247922610860485,
    -0.6957406418024119,
    0.48148821770810857,
    -0.554171260983733,
    0.07268304327562491,
    0.02274613224812727,
    0.0,
    0.0,
    -0.01456161689647728,
    0.16630480499255418,
    0.24814616938155698,
    -0.11502654283798064,
    0.5577065169203479
  ],
  "centers": [
    137.4739345920815,
    3.194024167055052,
    2.2207943526844076,
    2.123239476645713,
    2.6559661706698803,
    1.8347807800297826,
    0.0,
    0.0,
    1.9303577315251617,
    3.686078366734492,
    4.786183325565631,
    1.2882825021882212,
    10.721146741539826
  ],
  "catboost_available": false
}
