cluster_key,score,count
L2_M2_H3_O4_R2,0.145833,2
L3_M2_H2_O4_R2,0.145833,2
L1_M2_H4_O3_R3,0.058333,1
L1_M3_H3_O2_R2,0.058333,1
L1_M3_H3_O3_R2,0.058333,2
L2_M2_H3_O4_R3,0.058333,1
L2_M3_H2_O3_R2,0.058333,1
L3_M1_H3_O3_R2,0.058333,1
L3_M1_H3_O4_R2,0.058333,1
L3_M3_H1_O3_R2,0.058333,1
L4_M2_H1_O3_R1,0.058333,1
