{
  "model": "linear_fallback",
  "positive": 2,
  "total": 1000,
  "keys": [
    "sum",
    "odd",
    "low",
    "mid",
    "high",
    "run",
    "repeat_last",
    "repeat_prev",
    "last_digit_max",
    "decade_count",
    "gap_avg",
    "gap_min",
    "gap_max"
  ],
  "coefs": [
    4.669338677354716,
    0.6553106212424851,
    -0.03206412825651306,
    -0.32064128256513014,
    0.3527054108216432,
    0.05811623246492981,
    0.0,
    0.0,
    -0.40180360721442887,
    -0.4759519038076152,
    0.7520040080160122,
    -0.25751503006012033,
    4.414829659318638
  ],
  "centers": [
    128.66533066132263,
    3.6723446893787575,
    2.5160320641282565,
    2.1603206412825653,
    2.323647294589178,
    1.970941883767535,
    0.0,
    0.0,
    1.7009018036072145,
    3.237975951903808,
    5.290664662658661,
    1.1287575150300602,
    13.792585170340681
  ],
  "catboost_available": false
}
