{
  "model": "meta6_weighted_linear_json",
  "target": "main_matches>=6",
  "positive_6plus": 0,
  "soft_positive_5plus": 2,
  "total": 1000,
  "keys": [
    "sum",
    "odd",
    "low",
    "mid",
    "high",
    "run",
    "repeat_last",
    "repeat_prev",
    "last_digit_max",
    "decade_count",
    "gap_avg",
    "gap_min",
    "gap_max",
    "cycle"
  ],
  "coefs": [
    4.646061814556333,
    0.6520438683948155,
    -0.0319042871385844,
    -0.31904287138584264,
    0.3509471585244266,
    0.05782652043868386,
    0.0,
    0.0,
    -0.39980059820538383,
    -0.4735792622133599,
    0.7482552342970887,
    -0.2562313060817547,
    4.392821535393818,
    0.0
  ],
  "centers": [
    128.67696909272183,
    3.6739780658025922,
    2.515952143569292,
    2.1595214356929215,
    2.3245264207377865,
    1.9710867397806582,
    0.0,
    0.0,
    1.699900299102692,
    3.2367896311066797,
    5.292539049518123,
    1.1281156530408774,
    13.803589232303091,
    0.0
  ],
  "selected_features": [
    "sum",
    "gap_max",
    "gap_avg",
    "odd",
    "decade_count",
    "last_digit_max",
    "high",
    "mid",
    "gap_min",
    "run"
  ]
}
