model,auc,test_rows,positive_rate
meta_logistic,0.8887307195174494,5267,0.11866337573571292
meta_rf,0.8308096510124946,5267,0.11866337573571292
xgboost,0.8460713485566567,5267,0.11866337573571292
lightgbm,0.8666412753123653,5267,0.11866337573571292
catboost,0.8553892287806979,5267,0.11866337573571292
