model,auc,test_rows,positive_rate
meta_logistic,0.8882795346833261,5267,0.11866337573571292
meta_rf,0.8314273158121499,5267,0.11866337573571292
xgboost,0.8436520465316674,5267,0.11866337573571292
lightgbm,0.8647083153813012,5267,0.11866337573571292
catboost,0.8557966393795777,5267,0.11866337573571292
