model,auc,test_rows,positive_rate
meta_logistic,0.9725456570937353,5266,0.09039118875807065
meta_rf,0.9863381782775741,5266,0.09039118875807065
xgboost,0.9831187172154876,5266,0.09039118875807065
lightgbm,0.9771951369274223,5266,0.09039118875807065
catboost,0.979424922369783,5266,0.09039118875807065
