model,auc,test_rows,positive_rate
meta_logistic,0.8849713181762944,5266,0.11849601215343715
meta_rf,0.8320281860714325,5266,0.11849601215343715
xgboost,0.8415529474474973,5266,0.11849601215343715
lightgbm,0.8619858123708835,5266,0.11849601215343715
catboost,0.8529338453805279,5266,0.11849601215343715
