model,auc,test_rows,positive_rate
meta_logistic,0.8892017836034423,5266,0.11849601215343715
meta_rf,0.8338031932522454,5266,0.11849601215343715
xgboost,0.8481151056684232,5266,0.11849601215343715
lightgbm,0.8711836396226207,5266,0.11849601215343715
catboost,0.8528654895657265,5266,0.11849601215343715
