{
  "best_value": 0.8942614390348989,
  "model": "logistic",
  "C": 0.0508839239942345
}