{
  "best_value": 0.8950330869762149,
  "model": "logistic",
  "C": 0.050652418206146084
}