{
  "best_value": 0.8945473464134601,
  "model": "logistic",
  "C": 0.060628646975179425
}