{
  "best_value": 0.893909521757863,
  "model": "logistic",
  "C": 0.05640846940603712
}