{
  "best_value": 0.8930202498922878,
  "model": "logistic",
  "C": 0.058468552545371345
}