{
  "best_value": 0.8949833736563595,
  "model": "logistic",
  "C": 0.051567954384087115
}