{
  "best_value": 0.8950151349440449,
  "model": "logistic",
  "C": 0.050982121141515235
}