{
  "best_value": 0.892974752261956,
  "model": "logistic",
  "C": 0.05944331443214444
}