{
  "best_value": 0.8948211149040534,
  "model": "logistic",
  "C": 0.05438104315817428
}