{
  "best_value": 0.8941342524773803,
  "model": "logistic",
  "C": 0.05332238311224009
}