{
  "best_value": 0.8892283664203096,
  "model": "logistic",
  "C": 0.05072342643764874
}