{
  "best_value": 0.894074967686342,
  "model": "logistic",
  "C": 0.05227601304396447
}