{
  "best_value": 0.8930533390779837,
  "model": "logistic",
  "C": 0.057807659858964036
}