{
  "best_value": 0.8941535545023697,
  "model": "logistic",
  "C": 0.05102966484608377
}