{
  "best_value": 0.8905792568411052,
  "model": "logistic",
  "C": 0.05054782080395401
}