{
  "best_value": 0.895047586694506,
  "model": "logistic",
  "C": 0.05019754047993942
}