{
  "best_value": 0.8941042654028437,
  "model": "logistic",
  "C": 0.05162717264651727
}