{
  "best_value": 0.8950465510003425,
  "model": "logistic",
  "C": 0.05022753230026722
}