{
  "best_value": 0.8939098664368805,
  "model": "logistic",
  "C": 0.056899347400819894
}