{
  "best_value": 0.8938588539422663,
  "model": "logistic",
  "C": 0.058039676391960004
}