{
  "best_value": 0.8891406776477866,
  "model": "logistic",
  "C": 0.05294646833902661
}