{
  "best_value": 0.8949008633546549,
  "model": "logistic",
  "C": 0.05286496211287496
}