{
  "best_value": 0.893241189142611,
  "model": "logistic",
  "C": 0.05362992478811235
}