{
  "best_value": 0.8948715186866845,
  "model": "logistic",
  "C": 0.053430612228051386
}