{
  "best_value": 0.892933735458854,
  "model": "logistic",
  "C": 0.06042704451133651
}