{
  "best_value": 0.8942838431710469,
  "model": "logistic",
  "C": 0.050842628803860083
}