{
  "best_value": 0.8900379340249008,
  "model": "logistic",
  "C": 0.06133001379707824
}