{
  "best_value": 0.8905481860161956,
  "model": "logistic",
  "C": 0.050821178599476935
}