{
  "best_value": 0.8946250234757342,
  "model": "logistic",
  "C": 0.05892179310160775
}