{
  "best_value": 0.8891006308067919,
  "model": "logistic",
  "C": 0.05338434176231218
}