{
  "best_value": 0.8938409306333477,
  "model": "logistic",
  "C": 0.05872630446232252
}