{
  "best_value": 0.8940542869452822,
  "model": "logistic",
  "C": 0.05380876367125795
}