{
  "best_value": 0.8890443580905667,
  "model": "logistic",
  "C": 0.05485160350615481
}