{
  "best_value": 0.8905229841248798,
  "model": "logistic",
  "C": 0.05142831410594517
}