{
  "best_value": 0.8940804825506248,
  "model": "logistic",
  "C": 0.05199457090107927
}