{
  "best_value": 0.8950437891492393,
  "model": "logistic",
  "C": 0.05036596409804733
}