{
  "best_value": 0.89391882809134,
  "model": "logistic",
  "C": 0.05724043255046278
}