{
  "best_value": 0.8901649791756426,
  "model": "logistic",
  "C": 0.057853020269114805
}