{
  "best_value": 0.8940487720809995,
  "model": "logistic",
  "C": 0.054175525527835625
}