{
  "best_value": 0.8937771650150796,
  "model": "logistic",
  "C": 0.060124652925571134
}