{
  "best_value": 0.8948207696726653,
  "model": "logistic",
  "C": 0.05439486549048994
}