{
  "best_value": 0.8933435588108574,
  "model": "logistic",
  "C": 0.05112823227218691
}