{
  "best_value": 0.8948570189683933,
  "model": "logistic",
  "C": 0.05375638232541505
}