{
  "best_value": 0.8949978733746506,
  "model": "logistic",
  "C": 0.05128086591184203
}