{
  "best_value": 0.8905430075453771,
  "model": "logistic",
  "C": 0.050898185724819495
}