{
  "best_value": 0.8949139821473944,
  "model": "logistic",
  "C": 0.05268539807529666
}