{
  "best_value": 0.8888071841270894,
  "model": "logistic",
  "C": 0.058867553704964944
}