{
  "best_value": 0.8891351539455805,
  "model": "logistic",
  "C": 0.053019514232505116
}