{
  "best_value": 0.8941235674278327,
  "model": "logistic",
  "C": 0.05187097046975225
}