{
  "best_value": 0.8892566753941161,
  "model": "logistic",
  "C": 0.05014475416685072
}