{
  "best_value": 0.8932498061180526,
  "model": "logistic",
  "C": 0.05348573137685797
}