{
  "best_value": 0.8937909521757863,
  "model": "logistic",
  "C": 0.059816014749237395
}