{
  "best_value": 0.8949098393707398,
  "model": "logistic",
  "C": 0.05273337089946995
}