{
  "best_value": 0.893236018957346,
  "model": "logistic",
  "C": 0.053748625765818
}