{
  "best_value": 0.8950427534550757,
  "model": "logistic",
  "C": 0.05027604818993732
}