{
  "best_value": 0.8884919878699499,
  "model": "logistic",
  "C": 0.06598198257492958
}