{
  "best_value": 0.8946737011014262,
  "model": "logistic",
  "C": 0.05796133677398202
}