{
  "best_value": 0.8950396463725848,
  "model": "logistic",
  "C": 0.05054477024754402
}