{
  "best_value": 0.8933476949590694,
  "model": "logistic",
  "C": 0.05099036923359902
}