{
  "best_value": 0.8905982445674389,
  "model": "logistic",
  "C": 0.05033637245067406
}