{
  "best_value": 0.8946371065743104,
  "model": "logistic",
  "C": 0.05876075017597174
}