{
  "best_value": 0.8933573459715639,
  "model": "logistic",
  "C": 0.05083988792501874
}