{
  "best_value": 0.8903455351915068,
  "model": "logistic",
  "C": 0.054414517097508726
}