{
  "best_value": 0.893838517880224,
  "model": "logistic",
  "C": 0.05817247983255075
}