{
  "best_value": 0.8937923308918568,
  "model": "logistic",
  "C": 0.0599055494463444
}