{
  "best_value": 0.8904028436018958,
  "model": "logistic",
  "C": 0.05352965617311234
}