{
  "best_value": 0.8950037423082448,
  "model": "logistic",
  "C": 0.05111374022276831
}