{
  "best_value": 0.889184522034048,
  "model": "logistic",
  "C": 0.05228914938607362
}