{
  "best_value": 0.893321499353727,
  "model": "logistic",
  "C": 0.05173515613470373
}