{
  "best_value": 0.8940360189573461,
  "model": "logistic",
  "C": 0.053989254867866474
}