{
  "best_value": 0.8949160535357217,
  "model": "logistic",
  "C": 0.05264428538005935
}