{
  "best_value": 0.8901874192158552,
  "model": "logistic",
  "C": 0.057115744004632304
}