{
  "best_value": 0.8938398965962947,
  "model": "logistic",
  "C": 0.05845659961128718
}