{
  "best_value": 0.8944945260111138,
  "model": "logistic",
  "C": 0.06181953179745812
}