{
  "best_value": 0.894214907367514,
  "model": "logistic",
  "C": 0.05044749566208839
}