{
  "best_value": 0.89409151227919,
  "model": "logistic",
  "C": 0.05216125617615839
}