{
  "best_value": 0.8941935372684187,
  "model": "logistic",
  "C": 0.05014543087127504
}