{
  "best_value": 0.8940308487720809,
  "model": "logistic",
  "C": 0.053146128920444194
}