{
  "best_value": 0.8933952606635072,
  "model": "logistic",
  "C": 0.05018293543330504
}