{
  "best_value": 0.8931419215855234,
  "model": "logistic",
  "C": 0.05591203027430886
}