{
  "best_value": 0.894124256785868,
  "model": "logistic",
  "C": 0.05184577706451762
}