{
  "best_value": 0.8939936234381731,
  "model": "logistic",
  "C": 0.05507550725934478
}