{
  "best_value": 0.893237052994399,
  "model": "logistic",
  "C": 0.05370000561113062
}