{
  "best_value": 0.8948442454070415,
  "model": "logistic",
  "C": 0.053972300256663594
}