{
  "best_value": 0.8904453070626056,
  "model": "logistic",
  "C": 0.052956221168100365
}