{
  "best_value": 0.8947682945017068,
  "model": "logistic",
  "C": 0.05564627834893873
}