{
  "best_value": 0.8949326246423404,
  "model": "logistic",
  "C": 0.05241993126078644
}