{
  "best_value": 0.8940118914261094,
  "model": "logistic",
  "C": 0.05489818549488669
}