{
  "best_value": 0.8903407019520764,
  "model": "logistic",
  "C": 0.05459331989973857
}