{
  "best_value": 0.8932287806979751,
  "model": "logistic",
  "C": 0.05385075925665268
}