{
  "best_value": 0.8903331068615429,
  "model": "logistic",
  "C": 0.05470573485699193
}