{
  "best_value": 0.8941862990090478,
  "model": "logistic",
  "C": 0.05021264646204207
}