{
  "best_value": 0.8931184834123223,
  "model": "logistic",
  "C": 0.05632971812695263
}