{
  "best_value": 0.8948628879019874,
  "model": "logistic",
  "C": 0.053594946153914365
}