{
  "best_value": 0.8941246014648856,
  "model": "logistic",
  "C": 0.05185830754327167
}