{
  "best_value": 0.8904784492758426,
  "model": "logistic",
  "C": 0.05232676779791705
}