{
  "best_value": 0.8941463162429986,
  "model": "logistic",
  "C": 0.051243854922192876
}