{
  "best_value": 0.8948107579624167,
  "model": "logistic",
  "C": 0.05478470881657857
}