{
  "best_value": 0.8941197759586383,
  "model": "logistic",
  "C": 0.05170684251615873
}