{
  "best_value": 0.8942583877418,
  "model": "logistic",
  "C": 0.06840172515298582
}