{
  "best_value": 0.8942159414045671,
  "model": "logistic",
  "C": 0.050997913252178326
}