{
  "best_value": 0.8949778499541533,
  "model": "logistic",
  "C": 0.051788068306863444
}