{
  "best_value": 0.8948014367149438,
  "model": "logistic",
  "C": 0.05503482604360378
}