{
  "best_value": 0.8933363205514865,
  "model": "logistic",
  "C": 0.05123182305083764
}