{
  "best_value": 0.8933545885394226,
  "model": "logistic",
  "C": 0.0508715926446582
}