{
  "best_value": 0.8891572487544052,
  "model": "logistic",
  "C": 0.05261759640461383
}