{
  "best_value": 0.8924890995260664,
  "model": "logistic",
  "C": 0.07243436474039289
}