{
  "best_value": 0.8948597808194965,
  "model": "logistic",
  "C": 0.05364134848020317
}