{
  "baseline_genome": {
    "best_rank_count": 16,
    "consecutive_penalty": 0.4935683974469848,
    "dormancy_weight": 0.010199486558624075,
    "full_weight": 0.13519265317915038,
    "generation": 228,
    "id": "g228_0228_2057",
    "low_high_bonus": 0.3626754851381677,
    "max_consecutive_pairs": 0,
    "max_main_match": 6,
    "odd_bonus": 0.311995376549624,
    "overlap_limit": 6,
    "pair_recency_weight": 0.050839300946951035,
    "pair_stability_weight": 0.2556279699561879,
    "pair_weight": 0.0317857540682134,
    "pool_size": 21,
    "recent120_weight": 0.40339417355164786,
    "recent240_weight": 0.011409372125524774,
    "recent60_weight": 0.4500038011436771,
    "score": 71237.75,
    "sum_bonus": 0.5503278341511205,
    "target_sum_max": 140,
    "target_sum_min": 113,
    "triple_weight": 0.006679732087377485
  },
  "baseline_metrics": {
    "evolution_score": 71271.89,
    "genome_id": "g228_0228_2057",
    "grade_hit_count": 166,
    "high_grade_hit_count": 16,
    "max_bonus_match": 2,
    "max_main_match": 6,
    "missing_prize_draw_count": 0,
    "missing_prize_draws": [],
    "path": "loto7_best_model.json",
    "profit": 65200,
    "purchase_count": 5,
    "rank_counts": {
      "1等": 0,
      "2等": 0,
      "3等": 1,
      "4等": 15,
      "5等": 60,
      "6等": 90,
      "外れ": 3259
    },
    "roi": 1.063455,
    "roi_percent": 106.345,
    "target_draws": 685,
    "total_cost": 1027500,
    "total_payout": 1092700,
    "total_tickets": 3425,
    "unit_cost": 300
  },
  "best_genome": {
    "best_rank_count": 16,
    "consecutive_penalty": 0.4935683974469848,
    "dormancy_weight": 0.010199486558624075,
    "full_weight": 0.13519265317915038,
    "generation": 228,
    "id": "g228_0228_2057",
    "low_high_bonus": 0.3626754851381677,
    "max_consecutive_pairs": 0,
    "max_main_match": 6,
    "odd_bonus": 0.311995376549624,
    "overlap_limit": 6,
    "pair_recency_weight": 0.050839300946951035,
    "pair_stability_weight": 0.2556279699561879,
    "pair_weight": 0.0317857540682134,
    "pool_size": 21,
    "recent120_weight": 0.40339417355164786,
    "recent240_weight": 0.011409372125524774,
    "recent60_weight": 0.4500038011436771,
    "score": 71237.75,
    "sum_bonus": 0.5503278341511205,
    "target_sum_max": 140,
    "target_sum_min": 113,
    "triple_weight": 0.006679732087377485
  },
  "best_metrics": {
    "evolution_score": 71271.89,
    "genome_id": "g228_0228_2057",
    "grade_hit_count": 166,
    "high_grade_hit_count": 16,
    "max_bonus_match": 2,
    "max_main_match": 6,
    "missing_prize_draw_count": 0,
    "missing_prize_draws": [],
    "path": "loto7_best_model.json",
    "profit": 65200,
    "purchase_count": 5,
    "rank_counts": {
      "1等": 0,
      "2等": 0,
      "3等": 1,
      "4等": 15,
      "5等": 60,
      "6等": 90,
      "外れ": 3259
    },
    "roi": 1.063455,
    "roi_percent": 106.345,
    "target_draws": 685,
    "total_cost": 1027500,
    "total_payout": 1092700,
    "total_tickets": 3425,
    "unit_cost": 300
  },
  "csv": "loto7.csv",
  "iterations_evaluated": 6,
  "iterations_requested": 20,
  "last_iteration": 6,
  "objective": "composite_roi_profit_highgrade_exploration",
  "parent_pool": [
    {
      "best_rank_count": 16,
      "consecutive_penalty": 0.4935683974469848,
      "dormancy_weight": 0.010199486558624075,
      "full_weight": 0.13519265317915038,
      "generation": 228,
      "id": "g228_0228_2057",
      "low_high_bonus": 0.3626754851381677,
      "max_consecutive_pairs": 0,
      "max_main_match": 6,
      "odd_bonus": 0.311995376549624,
      "overlap_limit": 6,
      "pair_recency_weight": 0.050839300946951035,
      "pair_stability_weight": 0.2556279699561879,
      "pair_weight": 0.0317857540682134,
      "pool_size": 21,
      "recent120_weight": 0.40339417355164786,
      "recent240_weight": 0.011409372125524774,
      "recent60_weight": 0.4500038011436771,
      "score": 71271.89,
      "sum_bonus": 0.5503278341511205,
      "target_sum_max": 140,
      "target_sum_min": 113,
      "triple_weight": 0.006679732087377485
    },
    {
      "best_rank_count": 16,
      "consecutive_penalty": 0.5082046738142602,
      "dormancy_weight": 0.009065257526959136,
      "full_weight": 0.16297090850915924,
      "generation": 5,
      "id": "g005_0005_7166",
      "low_high_bonus": 0.39350834292048914,
      "max_consecutive_pairs": 0,
      "max_main_match": 5,
      "odd_bonus": 0.32094534553555715,
      "overlap_limit": 6,
      "pair_recency_weight": 0.05397458164280242,
      "pair_stability_weight": 0.3059816307189809,
      "pair_weight": 0.02901542636007501,
      "pool_size": 21,
      "recent120_weight": 0.406556187767368,
      "recent240_weight": 0.026128217183043718,
      "recent60_weight": 0.404344686540429,
      "score": 55977.71,
      "sum_bonus": 0.5662226381557136,
      "target_sum_max": 145,
      "target_sum_min": 110,
      "triple_weight": 0.0
    },
    {
      "best_rank_count": 9,
      "consecutive_penalty": 0.7116299673262293,
      "dormancy_weight": 0.0,
      "full_weight": 0.06976257859008865,
      "generation": 6,
      "id": "g006_0006_4507",
      "low_high_bonus": 0.1674790736332307,
      "max_consecutive_pairs": 1,
      "max_main_match": 6,
      "odd_bonus": 0.18172862750673896,
      "overlap_limit": 6,
      "pair_recency_weight": 0.21906362312852762,
      "pair_stability_weight": 0.19028791874226308,
      "pair_weight": 0.13313809314030625,
      "pool_size": 25,
      "recent120_weight": 0.6369609525578622,
      "recent240_weight": 0.28458843024969904,
      "recent60_weight": 0.008688038602350128,
      "score": 53357.16,
      "sum_bonus": 0.5005489787652441,
      "target_sum_max": 143,
      "target_sum_min": 120,
      "triple_weight": 0.03885955728307776
    },
    {
      "best_rank_count": 14,
      "consecutive_penalty": 0.4989871018565193,
      "dormancy_weight": 0.010174121077685396,
      "full_weight": 0.08374066070812082,
      "generation": 3,
      "id": "g003_0003_6258",
      "low_high_bonus": 0.37697093959789674,
      "max_consecutive_pairs": 0,
      "max_main_match": 5,
      "odd_bonus": 0.1115919531986731,
      "overlap_limit": 6,
      "pair_recency_weight": 0.013130752021645339,
      "pair_stability_weight": 0.1422163623858831,
      "pair_weight": 0.035214139398996376,
      "pool_size": 20,
      "recent120_weight": 0.2937650649142409,
      "recent240_weight": 0.012641596904762317,
      "recent60_weight": 0.6098526774728759,
      "score": 51491.72,
      "sum_bonus": 0.5839214017068296,
      "target_sum_max": 148,
      "target_sum_min": 120,
      "triple_weight": 0.04934961324169219
    },
    {
      "best_rank_count": 13,
      "consecutive_penalty": 0.7765777719066338,
      "dormancy_weight": 0.018962190125416667,
      "full_weight": 0.12612069109857874,
      "generation": 4,
      "id": "g004_0004_7556",
      "low_high_bonus": 0.24069497504003795,
      "max_consecutive_pairs": 0,
      "max_main_match": 5,
      "odd_bonus": 0.32579710735262996,
      "overlap_limit": 6,
      "pair_recency_weight": 0.0667697356929152,
      "pair_stability_weight": 0.31013380820289654,
      "pair_weight": 0.04532436068543268,
      "pool_size": 20,
      "recent120_weight": 0.2566146812135916,
      "recent240_weight": 0.1340541828419241,
      "recent60_weight": 0.4832104448459055,
      "score": 48581.57,
      "sum_bonus": 0.3961534495437611,
      "target_sum_max": 143,
      "target_sum_min": 117,
      "triple_weight": 0.01904255702556144
    },
    {
      "best_rank_count": 6,
      "consecutive_penalty": 0.5367668362690621,
      "dormancy_weight": 0.012022748206151972,
      "full_weight": 0.025629945799476875,
      "generation": 1,
      "id": "g001_0001_3121",
      "low_high_bonus": 0.1998026231637487,
      "max_consecutive_pairs": 1,
      "max_main_match": 5,
      "odd_bonus": 0.08873597417622117,
      "overlap_limit": 5,
      "pair_recency_weight": 0.20615355701478905,