created_at,iteration,genome_id,objective_name,objective_version,hit_first_objective_score,match_quality_score,temporal_segment_match_score_min,temporal_segment_match_score_median,diversity_quality_score,average_max_main_match,draw_main4_plus_rate_percent,draw_main5_plus_count,draw_main6_plus_count,average_portfolio_unique_numbers,mean_ticket_pair_overlap,payout_roi_percent,profit,top1_payout_share,best_hit_first_objective_score
2026-07-22T00:17:47.263015+00:00,1,g001_0012_6329,hit_first_temporal_robustness,loto7-hit-first-2026.07.22-v1,15.332719,11.59123,10.760245,11.485788,49.797443,1.941606,5.693,6,0,11.751825,4.844526,23.562,-785400,0.108633,15.332719
2026-07-22T00:23:41.408272+00:00,2,g002_0002_3783,hit_first_temporal_robustness,loto7-hit-first-2026.07.22-v1,17.736063,12.496345,11.9006,12.391455,65.495986,2.105109,5.985,6,0,14.186861,3.887737,19.932,-822700,0.08252,17.736063
2026-07-22T00:24:18.089799+00:00,3,g003_0033_7980,hit_first_temporal_robustness,loto7-hit-first-2026.07.22-v1,12.707944,10.14598,9.44768,10.08773,36.394159,1.740146,4.526,3,0,9.775182,5.709197,22.745,-793800,0.148481,17.736063
2026-07-22T00:25:25.540035+00:00,4,g004_0004_4948,hit_first_temporal_robustness,loto7-hit-first-2026.07.22-v1,15.076155,11.39415,10.232565,11.25732,49.307661,1.960584,4.526,8,0,11.569343,4.824672,22.219,-799200,0.098993,17.736063
2026-07-22T00:35:00.478866+00:00,5,g005_0051_1566,hit_first_temporal_robustness,loto7-hit-first-2026.07.22-v1,12.473816,9.781035,9.122815,9.607395,37.443793,1.748905,3.212,2,1,10.0,5.674161,86.667,-137000,0.826727,17.736063
2026-07-22T00:50:14.497071+00:00,6,g006_0006_5523,hit_first_temporal_robustness,loto7-hit-first-2026.07.22-v1,18.003554,12.62044,12.034895,12.47076,67.099632,2.121168,6.131,6,0,14.529927,3.834015,20.321,-818700,0.080939,18.003554
2026-07-22T01:13:41.635598+00:00,7,g007_0007_1029,hit_first_temporal_robustness,loto7-hit-first-2026.07.22-v1,12.700975,10.014585,9.59303,9.79533,37.478833,1.748905,3.796,4,1,10.0,5.669489,92.195,-80200,0.777156,18.003554
2026-07-22T01:37:08.209101+00:00,8,g008_0008_9694,hit_first_temporal_robustness,loto7-hit-first-2026.07.22-v1,15.443257,11.751825,10.818725,11.73254,49.435764,1.947445,5.985,7,1,11.691971,4.864818,101.207,12400,0.783152,18.003554
2026-07-22T05:23:21.898830+00:00,9,g009_0094_1241,hit_first_temporal_robustness,loto7-hit-first-2026.07.22-v1,12.847703,10.153275,9.82457,9.868855,37.701822,1.770803,3.796,5,1,10.027737,5.652701,101.625,16700,0.779927,18.003554
2026-07-22T06:21:31.862939+00:00,10,g010_0010_1555,hit_first_temporal_robustness,loto7-hit-first-2026.07.22-v1,15.666066,11.948915,11.462005,11.617795,49.907295,1.969343,6.423,6,0,11.719708,4.814891,22.929,-791900,0.11163,18.003554
2026-07-22T09:37:19.804628+00:00,11,g011_0011_2231,hit_first_temporal_robustness,loto7-hit-first-2026.07.22-v1,12.981309,10.379545,9.269015,10.437505,37.216058,1.769343,4.672,4,1,9.969343,5.690219,102.2,22600,0.775545,18.003554
2026-07-22T10:41:59.860808+00:00,12,g012_0012_3640,hit_first_temporal_robustness,loto7-hit-first-2026.07.22-v1,15.518334,11.452545,10.614045,11.45911,52.773361,1.966423,4.818,6,0,12.242336,4.676642,22.122,-800200,0.114826,18.003554
2026-07-22T10:51:39.856663+00:00,13,g013_0013_8526,hit_first_temporal_robustness,loto7-hit-first-2026.07.22-v1,15.348178,11.708015,11.111125,11.53034,48.800363,1.967883,5.547,7,0,11.592701,4.903212,25.207,-768500,0.133977,18.003554
2026-07-22T11:26:45.285436+00:00,14,g014_0142_8066,hit_first_temporal_robustness,loto7-hit-first-2026.07.22-v1,15.247646,11.51823,10.701765,11.470065,49.523357,1.935766,5.547,6,0,11.713869,4.863358,22.647,-794800,0.149119,18.003554
2026-07-22T11:28:46.818067+00:00,15,g015_0015_7257,hit_first_temporal_robustness,loto7-hit-first-2026.07.22-v1,15.358127,11.627725,10.935685,11.383788,49.778099,1.951825,5.547,7,0,11.680292,4.813723,22.054,-800900,0.107679,18.003554
2026-07-22T11:52:05.615308+00:00,16,g016_0161_2653,hit_first_temporal_robustness,loto7-hit-first-2026.07.22-v1,15.407156,11.41605,10.69768,11.228082,52.127372,1.956204,4.964,5,0,12.145985,4.71781,18.852,-833800,0.072793,18.003554
2026-07-22T12:15:46.607688+00:00,17,g017_0172_9383,hit_first_temporal_robustness,loto7-hit-first-2026.07.22-v1,12.891856,10.131385,9.91229,9.970855,38.104012,1.748905,4.088,5,1,10.10073,5.633139,94.044,-61200,0.761875,18.003554
2026-07-22T13:25:34.975246+00:00,18,g018_0018_9932,hit_first_temporal_robustness,loto7-hit-first-2026.07.22-v1,12.584874,9.99271,9.122815,9.826695,36.809484,1.735766,4.088,3,0,9.905109,5.714453,22.073,-800700,0.169753,18.003554
2026-07-22T13:32:39.977373+00:00,19,g019_0019_6531,hit_first_temporal_robustness,loto7-hit-first-2026.07.22-v1,15.109662,11.452555,10.614045,11.325052,48.847441,1.954745,5.109,5,0,11.588321,4.894891,23.153,-789600,0.14586,18.003554
2026-07-22T13:37:01.619222+00:00,20,g020_0020_1407,hit_first_temporal_robustness,loto7-hit-first-2026.07.22-v1,15.442156,11.70072,11.111125,11.531533,49.789781,1.960584,5.547,8,0,11.756204,4.847591,24.827,-772400,0.095649,18.003554
2026-07-22T14:25:00.052643+00:00,1,g001_0001_2896,hit_first_temporal_robustness,loto7-hit-first-2026.07.22-v1,12.951155,10.379545,9.61989,10.218117,36.89708,1.766423,4.526,6,1,9.90073,5.70073,106.024,61900,0.755645,12.997271
2026-07-22T15:26:02.388013+00:00,2,g002_0002_9528,hit_first_temporal_robustness,loto7-hit-first-2026.07.22-v1,17.749505,12.467175,11.63744,12.462515,65.959855,2.090511,6.423,3,0,14.324088,3.889927,18.929,-833000,0.082262,17.749505
2026-07-22T15:27:42.422482+00:00,3,g003_0003_8823,hit_first_temporal_robustness,loto7-hit-first-2026.07.22-v1,12.525903,10.014595,9.215125,9.83919,35.97774,1.728467,4.088,5,0,9.776642,5.765401,23.708,-783900,0.107964,17.749505
2026-07-22T15:40:13.147902+00:00,4,g004_0044_1843,hit_first_temporal_robustness,loto7-hit-first-2026.07.22-v1,15.331439,11.642335,11.198845,11.578947,48.964234,1.925547,6.131,6,0,11.589781,4.88,22.209,-799300,0.11525,17.749505
2026-07-22T16:22:27.830818+00:00,5,g005_0005_5060,hit_first_temporal_robustness,loto7-hit-first-2026.07.22-v1,15.246301,11.51093,11.023405,11.18057,49.651091,1.940146,5.547,5,0,11.706569,4.84292,22.268,-798700,0.151661,17.749505
2026-07-22T17:53:28.920127+00:00,6,g006_0062_6198,hit_first_temporal_robustness,loto7-hit-first-2026.07.22-v1,12.924812,10.34308,9.82559,10.17545,36.77555,1.764964,4.38,7,0,9.883212,5.708759,28.555,-734100,0.146898,17.749505
2026-07-22T17:54:35.675929+00:00,7,g007_0007_8012,hit_first_temporal_robustness,loto7-hit-first-2026.07.22-v1,12.782943,10.28467,9.61989,10.204945,35.894891,1.759124,4.672,3,0,9.744526,5.76146,23.046,-790700,0.146537,17.749505
2026-07-22T18:00:25.677268+00:00,8,g008_0084_1672,hit_first_temporal_robustness,loto7-hit-first-2026.07.22-v1,12.915266,10.30655,9.76609,10.014715,37.176277,1.760584,4.526,5,0,9.962044,5.692117,25.557,-764900,0.13214,17.749505
2026-07-22T19:12:49.839629+00:00,9,g009_0009_2207,hit_first_temporal_robustness,loto7-hit-first-2026.07.22-v1,17.910021,12.671525,11.3158,12.361465,66.513138,2.090511,6.715,7,0,14.418978,3.860438,21.002,-811700,0.074143,17.910021
2026-07-22T20:03:58.098571+00:00,10,g010_0010_8091,hit_first_temporal_robustness,loto7-hit-first-2026.07.22-v1,17.783729,12.54744,11.7544,12.567405,65.520803,2.124088,5.839,6,0,14.218978,3.899416,21.509,-806500,0.076471,17.910021
2026-07-22T21:47:44.736763+00:00,11,g011_0011_2882,hit_first_temporal_robustness,loto7-hit-first-2026.07.22-v1,12.976556,10.262775,9.91229,10.13074,37.83942,1.769343,4.234,5,0,10.051095,5.645255,27.436,-745600,0.152891,17.910021
2026-07-22T22:51:30.672990+00:00,12,g012_0012_8355,hit_first_temporal_robustness,loto7-hit-first-2026.07.22-v1,12.759433,10.145985,9.273265,9.88305,37.294161,1.745985,4.234,5,0,9.985401,5.687299,25.538,-765100,0.132241,17.910021
2026-07-23T02:08:17.639764+00:00,13,g013_0013_5846,hit_first_temporal_robustness,loto7-hit-first-2026.07.22-v1,12.962021,10.26278,9.766095,10.160575,37.775183,1.760584,4.38,5,0,10.036496,5.647007,27.124,-748800,0.156799,17.910021
2026-07-23T02:50:46.680611+00:00,14,g014_0142_6438,hit_first_temporal_robustness,loto7-hit-first-2026.07.22-v1,15.49369,11.489055,10.438605,11.559497,52.291239,1.953285,5.255,5,0,12.160584,4.702774,20.097,-821000,0.126392,17.910021
2026-07-23T02:57:41.422395+00:00,15,g015_0015_9887,hit_first_temporal_robustness,loto7-hit-first-2026.07.22-v1,12.875773,10.277355,9.53489,10.00001,37.188322,1.754745,4.526,5,0,9.957664,5.688467,25.946,-760900,0.130158,17.910021
2026-07-23T03:22:52.667932+00:00,16,g016_0016_7747,hit_first_temporal_robustness,loto7-hit-first-2026.07.22-v1,17.831053,12.591245,12.105275,12.4337,65.567155,2.112409,6.277,5,0,14.226277,3.896642,19.338,-828800,0.080523,17.910021
2026-07-23T04:37:34.846868+00:00,17,g017_0017_8543,hit_first_temporal_robustness,loto7-hit-first-2026.07.22-v1,17.687416,12.540145,11.491235,12.303665,65.135763,2.110949,6.131,5,0,14.138686,3.913285,19.221,-830000,0.081013,17.910021
2026-07-23T06:27:08.679076+00:00,18,g018_0181_9011,hit_first_temporal_robustness,loto7-hit-first-2026.07.22-v1,12.806347,10.321155,9.707615,10.19041,35.820804,1.754745,4.672,5,0,9.764964,5.780876,24.457,-776200,0.104656,17.910021
2026-07-23T07:14:39.009003+00:00,19,g019_0191_4041,hit_first_temporal_robustness,loto7-hit-first-2026.07.22-v1,15.457382,11.583955,10.731005,11.646183,50.925908,1.951825,5.401,7,0,11.967883,4.794891,22.345,-797900,0.114547,17.910021
2026-07-23T07:23:31.861379+00:00,20,g020_0020_1985,hit_first_temporal_robustness,loto7-hit-first-2026.07.22-v1,12.651229,9.92699,9.18605,10.02925,37.639415,1.737226,3.65,5,0,10.032117,5.663066,24.399,-776800,0.138412,17.910021
2026-07-23T08:56:16.996266+00:00,1,g001_0001_8701,hit_first_temporal_robustness,loto7-hit-first-2026.07.22-v1,15.155165,11.44526,11.023405,11.1515,49.234303,1.938686,5.255,6,0,11.569343,4.834453,21.392,-807700,0.11101,15.155165
2026-07-23T09:18:11.743011+00:00,2,g002_0002_1410,hit_first_temporal_robustness,loto7-hit-first-2026.07.22-v1,15.268732,11.48176,10.409365,11.31198,50.413137,1.940146,5.255,7,0,11.877372,4.821022,24.097,-779900,0.10622,15.268732
2026-07-23T09:20:04.509294+00:00,3,g003_0003_1685,hit_first_temporal_robustness,loto7-hit-first-2026.07.22-v1,17.570734,12.598545,11.959075,12.259042,63.239418,2.110949,6.423,4,0,13.691971,3.957664,21.158,-810100,0.075897,17.570734
2026-07-23T10:07:44.209040+00:00,4,g004_0004_4268,hit_first_temporal_robustness,loto7-hit-first-2026.07.22-v1,12.792854,10.09491,9.181295,10.133035,37.759489,1.744526,4.234,3,1,10.055474,5.657956,90.706,-95500,0.789914,17.570734
2026-07-23T11:16:19.854232+00:00,5,g005_0005_1690,hit_first_temporal_robustness,loto7-hit-first-2026.07.22-v1,15.304353,11.53283,10.760245,11.476622,49.933574,1.938686,5.547,6,0,11.807299,4.852263,23.766,-783300,0.107699,17.570734
2026-07-23T12:01:13.377979+00:00,6,g006_0006_7461,hit_first_temporal_robustness,loto7-hit-first-2026.07.22-v1,17.678699,12.620445,11.95908,12.50697,63.868247,2.112409,6.131,7,1,13.856934,3.950803,97.46,-26100,0.793988,17.678699
2026-07-23T13:14:03.552124+00:00,7,g007_0007_2057,hit_first_temporal_robustness,loto7-hit-first-2026.07.22-v1,15.209584,11.510935,10.614045,11.42697,49.315697,1.928467,5.547,7,0,11.681752,4.876058,23.494,-786100,0.143745,17.678699
2026-07-23T13:23:38.592961+00:00,8,g008_0008_3322,hit_first_temporal_robustness,loto7-hit-first-2026.07.22-v1,15.394336,11.642325,11.1696,11.370205,49.867154,1.954745,5.547,7,0,11.779562,4.848175,23.445,-786600,0.109174,17.678699
2026-07-23T13:33:09.988629+00:00,9,g009_0009_8952,hit_first_temporal_robustness,loto7-hit-first-2026.07.22-v1,15.381011,11.744525,11.052645,11.690483,48.727739,1.948905,5.985,7,0,11.559124,4.897226,24.954,-771100,0.135335,17.678699
2026-07-23T14:22:19.693229+00:00,10,g010_0010_8015,hit_first_temporal_robustness,loto7-hit-first-2026.07.22-v1,15.20592,11.55473,10.964925,11.470913,48.639054,1.940146,5.693,5,0,11.510949,4.886569,23.445,-786600,0.109174,17.678699
2026-07-23T14:45:11.643395+00:00,11,g011_0011_7662,hit_first_temporal_robustness,loto7-hit-first-2026.07.22-v1,18.342111,13.065695,12.046795,12.975135,66.753648,2.145985,7.299,5,0,14.468613,3.851533,19.348,-828700,0.070926,18.342111
2026-07-23T14:48:38.650912+00:00,12,g012_0012_4021,hit_first_temporal_robustness,loto7-hit-first-2026.07.22-v1,12.547537,9.926995,9.122815,9.928698,36.77372,1.725547,3.942,4,0,9.868613,5.70219,21.119,-810500,0.121198,18.342111
2026-07-23T14:58:07.605081+00:00,13,g013_0013_1601,hit_first_temporal_robustness,loto7-hit-first-2026.07.22-v1,15.587925,11.87592,11.19884,11.690127,49.760585,1.960584,6.131,8,0,11.745985,4.846715,24.204,-778800,0.09811,18.342111
2026-07-23T15:32:20.535122+00:00,14,g014_0014_6984,hit_first_temporal_robustness,loto7-hit-first-2026.07.22-v1,12.657286,10.08759,9.50293,9.855,36.531386,1.740146,4.234,4,0,9.861314,5.731095,22.345,-797900,0.151132,18.342111
2026-07-23T16:06:17.637656+00:00,15,g015_0015_6900,hit_first_temporal_robustness,loto7-hit-first-2026.07.22-v1,18.348947,12.9489,12.151175,12.67544,67.915697,2.140146,7.007,5,0,14.681752,3.796058,19.854,-823500,0.062745,18.348947
2026-07-23T17:03:56.522192+00:00,16,g016_0016_4004,hit_first_temporal_robustness,loto7-hit-first-2026.07.22-v1,17.526744,12.452575,11.77327,12.163742,64.084306,2.087591,6.423,3,0,13.956204,3.968321,17.723,-845400,0.07743,18.348947
2026-07-23T17:07:26.818953+00:00,17,g017_0017_1414,hit_first_temporal_robustness,loto7-hit-first-2026.07.22-v1,12.686962,10.10949,9.24419,9.883053,36.848173,1.744526,4.234,4,0,9.890511,5.702482,22.891,-792300,0.147534,18.348947
2026-07-23T17:17:03.681275+00:00,18,g018_0018_5692,hit_first_temporal_robustness,loto7-hit-first-2026.07.22-v1,15.41375,11.737215,10.555565,11.413975,49.835771,1.967883,5.839,5,0,11.743066,4.835328,21.139,-810300,0.112339,18.348947
2026-07-23T18:07:27.274320+00:00,19,g019_0019_8812,hit_first_temporal_robustness,loto7-hit-first-2026.07.22-v1,12.652408,10.06569,9.44445,9.913565,36.612409,1.735766,4.234,4,0,9.878832,5.728467,23.017,-791000,0.111205,18.348947
2026-07-23T18:16:59.787244+00:00,20,g020_0204_7740,hit_first_temporal_robustness,loto7-hit-first-2026.07.22-v1,12.626453,9.926985,9.181295,9.899285,37.55146,1.751825,3.504,4,0,9.99854,5.659124,21.061,-811100,0.149261,18.348947
2026-07-23T19:58:42.682255+00:00,1,g001_0001_3189,hit_first_temporal_robustness,loto7-hit-first-2026.07.22-v1,15.514548,11.43064,10.789485,11.064287,53.222265,1.976642,4.672,5,0,12.329927,4.657664,18.375,-838700,0.074682,15.514548
2026-07-23T19:59:51.050933+00:00,2,g002_0002_9851,hit_first_temporal_robustness,loto7-hit-first-2026.07.22-v1,15.259902,11.525555,10.755825,11.33041,49.71898,1.948905,5.255,7,0,11.649635,4.807299,21.917,-802300,0.116785,15.514548
2026-07-23T20:35:13.933189+00:00,3,g003_0003_2809,hit_first_temporal_robustness,loto7-hit-first-2026.07.22-v1,15.566652,11.481745,10.72675,11.111123,53.379558,1.969343,4.964,5,0,12.366423,4.653723,18.774,-834600,0.103162,15.566652
2026-07-23T21:27:14.454982+00:00,4,g004_0004_9343,hit_first_temporal_robustness,loto7-hit-first-2026.07.22-v1,14.939647,11.124095,10.467845,10.729218,50.278466,1.932847,4.38,5,0,11.837956,4.820584,22.131,-800100,0.152595,15.566652
2026-07-23T22:50:37.560700+00:00,5,g005_0005_9381,hit_first_temporal_robustness,loto7-hit-first-2026.07.22-v1,15.556464,11.48175,10.877205,11.020173,53.266422,1.960584,5.109,5,0,12.332847,4.653139,18.56,-836800,0.073938,15.566652
2026-07-23T22:51:13.941820+00:00,6,g006_0006_8628,hit_first_temporal_robustness,loto7-hit-first-2026.07.22-v1,15.056334,11.335765,10.726755,11.140365,49.26314,1.928467,5.255,4,0,11.49781,4.797226,19.601,-826100,0.172294,15.566652
2026-07-23T22:54:41.818975+00:00,7,g007_0007_6568,hit_first_temporal_robustness,loto7-hit-first-2026.07.22-v1,15.21751,11.372255,10.813965,11.388903,50.251458,1.950365,4.818,6,0,11.792701,4.803066,21.109,-810600,0.112494,15.566652
2026-07-23T23:00:31.987707+00:00,8,g008_0008_2126,hit_first_temporal_robustness,loto7-hit-first-2026.07.22-v1,15.378798,11.510945,10.847965,11.209978,51.081024,1.966423,5.109,5,0,11.934307,4.75854,21.109,-810600,0.112494,15.566652
2026-07-23T23:00:52.138919+00:00,9,g009_0009_8022,hit_first_temporal_robustness,loto7-hit-first-2026.07.22-v1,15.117231,11.64233,10.994165,11.283165,47.340875,1.940146,5.693,8,0,11.154745,4.893431,25.693,-763500,0.131439,15.566652
2026-07-23T23:10:20.647140+00:00,10,g010_0010_1921,hit_first_temporal_robustness,loto7-hit-first-2026.07.22-v1,13.122219,10.416035,9.502935,10.235035,38.425553,1.788321,4.526,4,0,10.154745,5.615474,23.221,-788900,0.161358,15.566652
2026-07-23T23:10:57.201440+00:00,11,g011_0011_1019,hit_first_temporal_robustness,loto7-hit-first-2026.07.22-v1,15.030902,11.357665,10.672525,11.079845,48.971533,1.932847,5.255,4,0,11.442336,4.810219,20.555,-816300,0.164299,15.566652
2026-07-23T23:33:49.621042+00:00,12,g012_0012_9154,hit_first_temporal_robustness,loto7-hit-first-2026.07.22-v1,12.859061,10.28468,9.85381,10.101755,36.592699,1.759124,4.38,6,0,9.878832,5.731095,25.888,-761500,0.16203,15.566652
2026-07-23T23:34:56.252908+00:00,13,g013_0013_7732,hit_first_temporal_robustness,loto7-hit-first-2026.07.22-v1,17.496028,12.61314,11.63744,12.390775,62.489416,2.10219,6.715,3,0,13.437956,3.939124,18.949,-832800,0.070365,17.496028
2026-07-23T23:49:49.327263+00:00,14,g014_0014_2962,hit_first_temporal_robustness,loto7-hit-first-2026.07.22-v1,12.735615,10.116805,9.3314,10.01463,37.055838,1.751825,4.234,3,0,9.948905,5.702044,23.562,-785400,0.143329,17.496028
2026-07-24T00:12:39.954342+00:00,15,g015_0015_8567,hit_first_temporal_robustness,loto7-hit-first-2026.07.22-v1,18.060368,12.57664,11.976755,12.090655,68.477009,2.118248,6.131,5,0,14.757664,3.756642,17.684,-845800,0.088057,18.060368
2026-07-24T03:01:01.024599+00:00,16,g016_0016_7296,hit_first_temporal_robustness,loto7-hit-first-2026.07.22-v1,12.762925,10.18248,9.3314,9.94153,36.956937,1.762044,4.088,5,0,9.928467,5.705693,23.445,-786600,0.134081,18.060368
2026-07-24T03:06:59.377179+00:00,17,g017_0017_3628,hit_first_temporal_robustness,loto7-hit-first-2026.07.22-v1,12.793143,10.131405,9.298255,10.059,37.502192,1.754745,4.234,3,0,10.00292,5.667737,22.336,-798000,0.140741,18.060368
2026-07-24T03:22:17.555360+00:00,18,g018_0183_7795,hit_first_temporal_robustness,loto7-hit-first-2026.07.22-v1,18.008066,12.970805,11.842115,12.88505,64.349272,2.129927,7.007,7,1,14.026277,3.965693,57.518,-436500,0.641455,18.060368
2026-07-24T03:22:37.432551+00:00,19,g019_0193_7706,hit_first_temporal_robustness,loto7-hit-first-2026.07.22-v1,14.762449,11.20437,10.087215,10.847965,48.106572,1.916788,4.818,6,0,11.210219,4.817226,20.73,-814500,0.114554,18.060368
2026-07-24T03:46:01.620621+00:00,20,g020_0020_6580,hit_first_temporal_robustness,loto7-hit-first-2026.07.22-v1,15.42828,11.33577,10.52326,10.994165,53.3208,1.975182,4.38,5,0,12.347445,4.652701,18.754,-834800,0.103269,18.060368
2026-07-24T06:21:45.880973+00:00,1,g001_0001_4311,hit_first_temporal_robustness,loto7-hit-first-2026.07.22-v1,15.389916,11.73722,10.935685,11.648052,49.012405,1.964964,5.693,7,0,11.545985,4.853139,22.453,-796800,0.105765,15.389916
2026-07-24T06:31:14.256670+00:00,2,g002_0002_7690,hit_first_temporal_robustness,loto7-hit-first-2026.07.22-v1,15.073346,11.35765,10.029075,11.286563,49.662772,1.956204,4.672,6,0,11.708029,4.842044,22.599,-795300,0.113264,15.389916
2026-07-24T06:46:13.153714+00:00,3,g003_0003_6985,hit_first_temporal_robustness,loto7-hit-first-2026.07.22-v1,15.08492,11.306555,10.552335,11.11112,49.928101,1.945985,4.672,6,0,11.763504,4.832555,20.798,-813800,0.12307,15.389916
2026-07-24T06:47:19.929317+00:00,4,g004_0004_8812,hit_first_temporal_robustness,loto7-hit-first-2026.07.22-v1,12.787117,10.29925,9.532175,10.30652,35.782851,1.756204,4.672,4,0,9.763504,5.785255,22.706,-794200,0.138448,15.389916
2026-07-24T06:53:11.330266+00:00,5,g005_0005_5956,hit_first_temporal_robustness,loto7-hit-first-2026.07.22-v1,15.407921,11.759125,11.162805,11.476625,49.063142,1.951825,5.985,7,0,11.610219,4.87635,24.837,-772300,0.103056,15.407921
2026-07-24T07:02:43.002545+00:00,6,g006_0006_3423,hit_first_temporal_robustness,loto7-hit-first-2026.07.22-v1,17.992076,12.75181,11.744195,12.485365,66.280293,2.115328,6.861,4,0,14.373723,3.870365,18.735,-835000,0.087792,17.992076
2026-07-24T07:03:50.258821+00:00,7,g007_0074_8198,hit_first_temporal_robustness,loto7-hit-first-2026.07.22-v1,12.805151,10.18977,9.50293,9.95649,37.17299,1.778102,3.942,4,0,9.918248,5.672117,23.883,-782100,0.156887,17.992076
2026-07-24T07:13:20.050356+00:00,8,g008_0008_3315,hit_first_temporal_robustness,loto7-hit-first-2026.07.22-v1,12.573716,9.93431,9.36047,9.91229,36.813867,1.738686,3.796,3,1,9.878832,5.701606,88.097,-122300,0.806452,17.992076
2026-07-24T07:14:27.755950+00:00,9,g009_0009_5968,hit_first_temporal_robustness,loto7-hit-first-2026.07.22-v1,15.275092,11.51825,11.13373,11.315805,49.637223,1.959124,5.255,5,0,11.635036,4.811387,20.127,-820700,0.117988,17.992076
2026-07-24T07:20:20.499937+00:00,10,g010_0010_4358,hit_first_temporal_robustness,loto7-hit-first-2026.07.22-v1,15.493543,11.75182,10.818725,11.517492,50.196716,1.959124,5.839,7,0,11.805839,4.816496,20.448,-817400,0.076154,17.992076
2026-07-24T07:20:40.868457+00:00,11,g011_0112_7958,hit_first_temporal_robustness,loto7-hit-first-2026.07.22-v1,14.951564,11.335765,10.813965,11.169602,48.110588,1.934307,4.964,6,0,11.251095,4.835766,21.178,-809900,0.159467,17.992076
2026-07-24T07:21:00.991112+00:00,12,g012_0122_2300,hit_first_temporal_robustness,loto7-hit-first-2026.07.22-v1,12.407985,9.927,9.15698,9.751473,35.563503,1.719708,3.942,5,0,9.672993,5.772263,20.253,-819400,0.12542,17.992076
2026-07-24T07:21:20.972877+00:00,13,g013_0013_3194,hit_first_temporal_robustness,loto7-hit-first-2026.07.22-v1,12.627838,10.138705,9.3314,9.985392,35.859853,1.747445,4.38,3,0,9.674453,5.733431,21.343,-808200,0.147287,17.992076
2026-07-24T07:30:46.414477+00:00,14,g014_0014_1936,hit_first_temporal_robustness,loto7-hit-first-2026.07.22-v1,12.559889,9.934305,9.093575,9.9145,36.886495,1.750365,3.65,3,0,9.90365,5.703504,21.479,-806800,0.146353,17.992076
2026-07-24T07:31:22.527602+00:00,15,g015_0015_8860,hit_first_temporal_robustness,loto7-hit-first-2026.07.22-v1,12.47171,9.905115,9.122815,9.8703,36.238684,1.727007,3.942,3,0,9.757664,5.721752,21.47,-806900,0.146419,17.992076
2026-07-24T07:46:20.283396+00:00,16,g016_0016_1262,hit_first_temporal_robustness,loto7-hit-first-2026.07.22-v1,15.050744,11.291965,10.755825,11.184225,49.437957,1.925547,4.964,6,0,11.678832,4.858394,23.085,-790300,0.110877,17.992076
2026-07-24T07:52:11.954591+00:00,17,g017_0017_9706,hit_first_temporal_robustness,loto7-hit-first-2026.07.22-v1,15.438435,11.620425,11.34504,11.530428,50.128834,1.950365,5.547,7,0,11.805839,4.825547,23.582,-785200,0.108543,17.992076
2026-07-24T07:52:48.114260+00:00,18,g018_0018_4744,hit_first_temporal_robustness,loto7-hit-first-2026.07.22-v1,12.815128,10.24088,9.67837,10.117225,36.581752,1.764964,4.234,5,0,9.830657,5.710073,24.779,-772900,0.136292,17.992076
2026-07-24T07:56:16.829334+00:00,19,g019_0019_2461,hit_first_temporal_robustness,loto7-hit-first-2026.07.22-v1,17.982546,12.810205,11.84212,12.624425,65.53102,2.127007,6.861,4,0,14.116788,3.850365,19.241,-829800,0.06171,17.992076
2026-07-24T08:49:24.232701+00:00,20,g020_0020_2319,hit_first_temporal_robustness,loto7-hit-first-2026.07.22-v1,12.632344,10.072985,9.093575,10.0165,36.517881,1.754745,3.942,4,0,9.836496,5.721314,20.487,-817000,0.12399,17.992076
2026-07-24T11:41:15.440041+00:00,1,g001_0001_2407,hit_first_temporal_robustness,loto7-hit-first-2026.07.22-v1,15.350448,11.416055,10.877205,11.13671,51.526282,1.947445,5.109,5,0,12.014599,4.736642,20.195,-820000,0.125783,15.350448
2026-07-24T12:03:14.389817+00:00,2,g002_0002_1929,hit_first_temporal_robustness,loto7-hit-first-2026.07.22-v1,13.012379,10.364975,9.97077,10.247275,37.295621,1.772263,4.38,6,1,9.988321,5.688467,107.591,78000,0.752601,15.350448
2026-07-24T12:35:50.918083+00:00,3,g003_0003_4772,hit_first_temporal_robustness,loto7-hit-first-2026.07.22-v1,15.444991,11.48176,10.643285,11.327105,51.97044,1.943066,5.401,5,0,12.121168,4.727153,19.64,-825700,0.098612,15.444991
2026-07-24T12:36:54.179856+00:00,4,g004_0004_2619,hit_first_temporal_robustness,loto7-hit-first-2026.07.22-v1,12.765638,10.21898,9.53489,10.19007,36.26752,1.757664,4.38,4,0,9.79562,5.73562,23.562,-785400,0.143329,15.444991
2026-07-24T12:42:27.920840+00:00,5,g005_0005_8269,hit_first_temporal_robustness,loto7-hit-first-2026.07.22-v1,15.589911,11.76642,11.169605,11.721065,50.533209,1.959124,5.985,6,0,11.826277,4.781168,21.148,-810200,0.103543,15.589911
2026-07-24T13:04:24.690718+00:00,6,g006_0006_3808,hit_first_temporal_robustness,loto7-hit-first-2026.07.22-v1,17.925201,12.81021,11.959075,12.88546,64.550731,2.124088,6.715,6,0,14.065693,3.957226,21.44,-807200,0.09941,17.925201
2026-07-24T13:37:04.534866+00:00,7,g007_0007_6953,hit_first_temporal_robustness,loto7-hit-first-2026.07.22-v1,12.94034,10.40875,9.64913,10.292155,36.472264,1.763504,4.818,5,0,9.878832,5.747153,25.635,-764100,0.131739,17.925201
2026-07-24T15:09:36.924081+00:00,1,g001_0001_7556,hit_first_temporal_robustness,loto7-hit-first-2026.07.22-v1,15.20925,11.63267,10.672525,11.426797,48.41363,1.947522,5.539,8,0,11.5,4.911516,26.171,-759700,0.128853,15.20925
2026-07-24T15:24:45.217462+00:00,2,g002_0002_4164,hit_first_temporal_robustness,loto7-hit-first-2026.07.22-v1,15.493541,11.7274,11.046525,11.403525,50.322157,1.95481,5.831,7,0,11.833819,4.812828,26.443,-756900,0.127527,15.493541
2026-07-24T17:48:15.344094+00:00,3,g003_0032_2300,hit_first_temporal_robustness,loto7-hit-first-2026.07.22-v1,17.66536,12.529145,11.34504,12.637275,64.70882,2.109329,6.122,5,0,14.099125,3.951749,19.893,-824300,0.106986,17.66536
2026-07-25T00:47:46.204693+00:00,4,g004_0004_6373,hit_first_temporal_robustness,loto7-hit-first-2026.07.22-v1,17.896082,12.66764,11.87136,12.784395,65.448979,2.125364,6.414,4,0,14.252187,3.92449,19.271,-830700,0.080686,17.896082
2026-07-25T00:48:47.817693+00:00,5,g005_0005_2246,hit_first_temporal_robustness,loto7-hit-first-2026.07.22-v1,12.692265,10.087465,9.44768,9.91229,36.857508,1.740525,4.227,4,0,9.890671,5.701312,23.285,-789400,0.134808,17.896082
2026-07-25T01:20:31.604751+00:00,6,g006_0006_3747,hit_first_temporal_robustness,loto7-hit-first-2026.07.22-v1,15.243364,11.399415,10.233925,11.268965,50.92784,1.941691,5.248,4,0,11.956268,4.789213,21.38,-809000,0.118636,17.896082
2026-07-25T04:37:57.216267+00:00,7,g007_0071_1598,hit_first_temporal_robustness,loto7-hit-first-2026.07.22-v1,12.957154,10.32069,9.649135,10.34885,37.188777,1.77551,4.227,6,0,9.978134,5.697959,25.879,-762700,0.130304,17.896082
2026-07-25T06:20:05.770174+00:00,8,g008_0082_1728,hit_first_temporal_robustness,loto7-hit-first-2026.07.22-v1,15.40439,11.763825,11.169605,11.573253,48.873542,1.950437,6.122,6,0,11.610787,4.901895,24.451,-777400,0.104531,17.896082
2026-07-25T07:04:24.652783+00:00,9,g009_0009_1990,hit_first_temporal_robustness,loto7-hit-first-2026.07.22-v1,15.345709,11.56705,10.731005,11.23896,50.416184,1.957726,5.248,7,0,11.842566,4.804373,22.886,-793500,0.103609,17.896082
2026-07-25T07:17:14.350713+00:00,10,g010_0010_2214,hit_first_temporal_robustness,loto7-hit-first-2026.07.22-v1,15.504145,11.53791,11.169605,11.429192,51.625365,1.95481,5.394,5,0,12.048105,4.739067,20.379,-819300,0.124464,17.896082
2026-07-25T08:44:26.390439+00:00,11,g011_0112_6462,hit_first_temporal_robustness,loto7-hit-first-2026.07.22-v1,15.410598,11.647235,11.169605,11.603257,49.715744,1.950437,5.831,5,0,11.784257,4.870554,22.177,-800800,0.087204,17.896082
2026-07-25T11:00:22.380021+00:00,12,g012_0123_3832,hit_first_temporal_robustness,loto7-hit-first-2026.07.22-v1,13.221441,10.60496,10.11697,10.52402,37.257286,1.78863,4.956,6,0,9.975219,5.687464,28.047,-740400,0.149342,17.896082
2026-07-25T11:45:41.773465+00:00,13,g013_0013_9751,hit_first_temporal_robustness,loto7-hit-first-2026.07.22-v1,18.048992,12.79883,11.959075,12.44893,66.392132,2.12828,6.706,5,0,14.432945,3.88309,19.106,-832400,0.079858,18.048992
2026-07-25T13:14:10.107762+00:00,14,g014_0141_6931,hit_first_temporal_robustness,loto7-hit-first-2026.07.22-v1,18.120143,12.98836,11.988315,12.76894,65.369534,2.139942,7.143,5,0,14.206997,3.913994,19.378,-829600,0.069709,18.120143
2026-07-25T16:57:09.065543+00:00,15,g015_0151_4197,hit_first_temporal_robustness,loto7-hit-first-2026.07.22-v1,15.638457,11.960635,10.760245,11.83658,49.848036,1.972303,6.414,6,0,11.762391,4.842711,22.575,-796700,0.141197,18.120143
2026-07-25T18:22:21.455913+00:00,16,g016_0016_7682,hit_first_temporal_robustness,loto7-hit-first-2026.07.22-v1,17.895237,12.645775,11.695915,12.87791,65.621718,2.123907,6.268,5,0,14.278426,3.913703,20.651,-816500,0.107294,18.120143
2026-07-25T20:07:20.862573+00:00,17,g017_0017_8564,hit_first_temporal_robustness,loto7-hit-first-2026.07.22-v1,18.037479,12.798845,11.871355,12.900335,65.805392,2.142857,6.56,4,0,14.322157,3.909621,20.525,-817800,0.107955,18.120143
2026-07-25T21:22:45.029572+00:00,18,g018_0018_1155,hit_first_temporal_robustness,loto7-hit-first-2026.07.22-v1,15.444299,11.46503,10.906445,11.342152,51.85204,1.966472,4.956,5,0,12.099125,4.732653,19.747,-825800,0.128445,18.120143
2026-07-25T21:57:08.101959+00:00,19,g019_0019_5267,hit_first_temporal_robustness,loto7-hit-first-2026.07.22-v1,15.378743,11.53061,10.760245,11.514772,50.647234,1.938776,5.831,3,0,11.911079,4.805539,18.192,-841800,0.08547,18.120143
2026-07-25T22:00:36.296589+00:00,20,g020_0201_9908,hit_first_temporal_robustness,loto7-hit-first-2026.07.22-v1,15.508905,11.63995,10.906445,11.369765,51.240529,1.94898,5.831,5,0,11.943149,4.741399,19.67,-826600,0.079051,18.120143
2026-07-25T22:48:39.259043+00:00,1,g001_0001_5383,hit_first_temporal_robustness,loto7-hit-first-2026.07.22-v1,15.385312,11.5379,10.847965,11.340962,50.800292,1.94898,5.394,6,0,11.915452,4.787172,22.391,-798600,0.105903,15.385312
2026-07-25T22:52:09.056546+00:00,2,g002_0002_9896,hit_first_temporal_robustness,loto7-hit-first-2026.07.22-v1,15.124113,11.326525,10.668615,10.935685,50.297739,1.932945,5.248,3,0,11.813411,4.80656,18.542,-838200,0.083857,15.385312
2026-07-25T22:55:38.725776+00:00,3,g003_0034_3822,hit_first_temporal_robustness,loto7-hit-first-2026.07.22-v1,12.876661,10.335295,9.76745,10.17545,36.395047,1.772595,4.519,4,0,9.851312,5.744606,23.586,-786300,0.108364,15.385312
2026-07-25T22:57:39.456726+00:00,4,g004_0004_6876,hit_first_temporal_robustness,loto7-hit-first-2026.07.22-v1,15.483504,11.82216,11.169605,11.64747,49.167272,1.96793,5.831,8,0,11.594752,4.855248,25.073,-771000,0.095349,15.483504
2026-07-25T23:32:17.025118+00:00,5,g005_0005_4858,hit_first_temporal_robustness,loto7-hit-first-2026.07.22-v1,12.792681,10.153055,9.356735,10.217865,37.1086,1.741983,4.082,7,1,9.940233,5.690962,106.297,64800,0.760651,15.483504
2026-07-25T23:32:53.622421+00:00,6,g006_0006_4400,hit_first_temporal_robustness,loto7-hit-first-2026.07.22-v1,12.567499,10.07287,9.21512,10.04387,35.74016,1.734694,4.082,6,0,9.71137,5.766618,23.236,-789900,0.109159,15.483504
2026-07-25T23:34:54.743543+00:00,7,g007_0071_3380,hit_first_temporal_robustness,loto7-hit-first-2026.07.22-v1,15.285079,11.59623,10.994165,11.34105,49.272592,1.957726,5.539,5,0,11.61516,4.850729,22.177,-800800,0.106924,15.483504
2026-07-26T01:58:15.584991+00:00,8,g008_0008_8334,hit_first_temporal_robustness,loto7-hit-first-2026.07.22-v1,15.197651,11.56706,10.906445,11.268712,48.759476,1.946064,5.539,6,0,11.542274,4.885131,22.604,-796400,0.11307,15.483504
2026-07-26T02:58:41.450227+00:00,9,g009_0009_7401,hit_first_temporal_robustness,loto7-hit-first-2026.07.22-v1,12.919697,10.328015,9.44768,10.24855,37.044461,1.762391,4.519,5,1,9.930029,5.694752,92.284,-79400,0.768745,15.483504
2026-07-26T03:00:33.376043+00:00,10,g010_0010_6938,hit_first_temporal_robustness,loto7-hit-first-2026.07.22-v1,15.261421,11.50874,10.935685,11.23922,49.817418,1.946064,5.248,7,0,11.696793,4.816181,19.922,-824000,0.078049,15.483504
2026-07-26T04:36:20.846057+00:00,11,g011_0011_3267,hit_first_temporal_robustness,loto7-hit-first-2026.07.22-v1,17.663872,12.52916,11.66668,12.28767,64.856048,2.097668,6.414,4,0,14.100583,3.932799,18.688,-836700,0.063443,17.663872
2026-07-26T06:34:53.869219+00:00,12,g012_0012_3636,hit_first_temporal_robustness,loto7-hit-first-2026.07.22-v1,12.671546,10.109315,9.327495,9.826525,36.696431,1.759475,4.082,3,0,9.874636,5.715306,20.651,-816500,0.152,17.663872
2026-07-26T06:38:12.587008+00:00,13,g013_0131_5389,hit_first_temporal_robustness,loto7-hit-first-2026.07.22-v1,12.794774,10.174925,9.59303,10.00001,37.048831,1.758017,4.227,4,0,9.943149,5.700292,24.315,-778800,0.138689,17.663872
2026-07-26T07:26:37.825074+00:00,14,g014_0014_4380,hit_first_temporal_robustness,loto7-hit-first-2026.07.22-v1,15.205798,11.4869,10.877205,11.09302,49.636296,1.93586,5.539,5,0,11.730321,4.855977,22.546,-797000,0.1125,17.663872
2026-07-26T08:15:01.827022+00:00,15,g015_0015_5411,hit_first_temporal_robustness,loto7-hit-first-2026.07.22-v1,13.098718,10.5758,9.91229,10.31961,36.643221,1.785714,4.81,7,0,9.877551,5.723761,28.562,-735100,0.118748,17.663872
2026-07-26T09:03:57.141180+00:00,16,g016_0016_5323,hit_first_temporal_robustness,loto7-hit-first-2026.07.22-v1,18.046429,12.886305,11.95908,12.522865,65.66545,2.113703,7.143,6,0,14.25656,3.897668,20.554,-817500,0.079905,18.046429
2026-07-26T09:23:19.926066+00:00,17,g017_0172_5456,hit_first_temporal_robustness,loto7-hit-first-2026.07.22-v1,12.661233,10.058295,9.239775,9.6952,37.178206,1.749271,4.082,3,0,9.976676,5.698688,20.185,-821300,0.155513,18.046429
2026-07-26T09:35:56.865237+00:00,18,g018_0018_4522,hit_first_temporal_robustness,loto7-hit-first-2026.07.22-v1,18.089437,12.74781,11.959075,12.331955,67.294097,2.118076,6.706,5,0,14.546647,3.815889,18.465,-839000,0.064211,18.089437
2026-07-26T09:40:52.860743+00:00,19,g019_0193_7746,hit_first_temporal_robustness,loto7-hit-first-2026.07.22-v1,15.23649,11.52333,10.877205,11.19519,49.565597,1.937318,5.539,6,0,11.706997,4.854519,24.762,-774200,0.136185,18.089437
2026-07-26T10:00:17.572994+00:00,20,g020_0202_1345,hit_first_temporal_robustness,loto7-hit-first-2026.07.22-v1,13.11574,10.553955,9.619895,10.641077,36.814506,1.784257,4.956,5,0,9.909621,5.715889,26.093,-760500,0.129236,18.089437
2026-07-26T11:55:26.567355+00:00,1,g001_0001_5710,hit_first_temporal_robustness,loto7-hit-first-2026.07.22-v1,12.909439,10.306115,9.85381,10.11663,36.928576,1.772595,4.227,6,0,9.921283,5.706122,27.765,-743300,0.150858,12.99177
2026-07-26T12:08:30.882516+00:00,2,g002_0002_6716,hit_first_temporal_robustness,loto7-hit-first-2026.07.22-v1,18.133955,12.90817,12.339195,13.06141,65.437316,2.118076,7.143,6,0,14.215743,3.909038,21.04,-812500,0.056813,18.133955
2026-07-26T12:52:27.807726+00:00,3,g003_0003_4211,hit_first_temporal_robustness,loto7-hit-first-2026.07.22-v1,12.651421,10.13849,9.532175,9.95683,35.970843,1.744898,4.227,5,0,9.763848,5.76035,24.626,-775600,0.127466,18.133955
2026-07-26T14:13:39.785436+00:00,4,g004_0004_2470,hit_first_temporal_robustness,loto7-hit-first-2026.07.22-v1,15.270005,11.618075,10.643285,11.51537,49.040453,1.930029,5.977,6,0,11.629738,4.888484,23.751,-784600,0.10761,18.133955
2026-07-26T14:30:48.068052+00:00,5,g005_0005_2999,hit_first_temporal_robustness,loto7-hit-first-2026.07.22-v1,15.473335,11.75656,10.643285,11.908152,49.633018,1.957726,5.977,6,0,11.75656,4.868659,22.847,-793900,0.103786,18.133955
2026-07-26T15:08:33.035013+00:00,6,g006_0006_6908,hit_first_temporal_robustness,loto7-hit-first-2026.07.22-v1,13.019966,10.27698,9.88305,10.232738,38.075077,1.778426,3.936,7,0,10.075802,5.625364,27.444,-746600,0.182365,18.133955
2026-07-26T15:34:23.599066+00:00,7,g007_0007_3654,hit_first_temporal_robustness,loto7-hit-first-2026.07.22-v1,12.953032,10.25509,10.02908,10.16083,37.528427,1.765306,4.082,7,0,10.014577,5.669679,29.757,-722800,0.113978,18.133955
2026-07-26T16:56:00.989673+00:00,8,g008_0083_4515,hit_first_temporal_robustness,loto7-hit-first-2026.07.22-v1,15.32352,11.61079,10.994165,11.384825,49.502549,1.925656,5.831,8,0,11.705539,4.862245,25.462,-767000,0.132443,18.133955
2026-07-26T17:05:32.939165+00:00,9,g009_0009_5475,hit_first_temporal_robustness,loto7-hit-first-2026.07.22-v1,12.857675,10.247825,9.56396,10.16083,36.99781,1.760933,4.519,3,0,9.950437,5.710496,22.313,-799400,0.151132,18.133955
2026-07-26T17:07:32.733018+00:00,10,g010_0103_7681,hit_first_temporal_robustness,loto7-hit-first-2026.07.22-v1,15.276311,11.414,10.731005,11.223323,50.812321,1.944606,4.956,7,0,11.845481,4.752915,21.186,-811000,0.119725,18.133955
2026-07-26T17:58:09.204248+00:00,11,g011_0011_2589,hit_first_temporal_robustness,loto7-hit-first-2026.07.22-v1,12.868165,10.247805,9.88305,10.014375,37.023322,1.760933,4.227,6,0,9.931487,5.698251,27.502,-746000,0.152297,18.133955
2026-07-26T17:59:15.930446+00:00,12,g012_0122_8616,hit_first_temporal_robustness,loto7-hit-first-2026.07.22-v1,12.421671,9.83965,9.040705,9.73685,36.422376,1.723032,3.79,3,0,9.781341,5.708309,20.457,-818500,0.182898,18.133955
2026-07-26T18:33:50.798386+00:00,13,g013_0013_4750,hit_first_temporal_robustness,loto7-hit-first-2026.07.22-v1,12.982254,10.34256,9.73685,10.334315,37.233965,1.774052,4.082,8,1,9.96793,5.687172,106.064,62400,0.754261,18.133955
2026-07-26T19:44:00.635119+00:00,14,g014_0142_4611,hit_first_temporal_robustness,loto7-hit-first-2026.07.22-v1,15.567729,11.5889,10.935685,11.268797,52.28389,1.976676,5.102,6,0,12.14723,4.697522,20.554,-817500,0.07565,18.133955
2026-07-26T19:59:01.949243+00:00,15,g015_0015_9998,hit_first_temporal_robustness,loto7-hit-first-2026.07.22-v1,12.779749,10.17492,9.47369,9.99933,36.9949,1.731778,4.665,4,0,9.918367,5.695918,22.702,-795400,0.184503,18.133955
2026-07-26T20:02:31.070447+00:00,16,g016_0161_3185,hit_first_temporal_robustness,loto7-hit-first-2026.07.22-v1,17.834934,12.79153,12.16376,12.506375,64.069971,2.11516,6.706,7,0,13.912536,3.949854,21.749,-805200,0.075514,18.133955
2026-07-26T20:03:07.228571+00:00,17,g017_0174_8682,hit_first_temporal_robustness,loto7-hit-first-2026.07.22-v1,15.20205,11.71283,10.901175,11.242703,47.818511,1.946064,5.831,8,0,11.326531,4.909913,24.82,-773600,0.102976,18.133955
2026-07-26T20:18:10.999049+00:00,18,g018_0018_7364,hit_first_temporal_robustness,loto7-hit-first-2026.07.22-v1,17.827987,12.638495,11.66668,12.651555,65.295191,2.110787,6.56,4,0,14.189504,3.915743,19.184,-831600,0.071429,18.133955
2026-07-26T22:41:17.752560+00:00,19,g019_0192_8983,hit_first_temporal_robustness,loto7-hit-first-2026.07.22-v1,15.483569,11.756545,11.315805,11.559145,49.616253,1.940233,6.268,6,0,11.744898,4.865452,22.119,-801400,0.115554,18.133955
2026-07-27T00:30:53.128592+00:00,20,g020_0020_1861,hit_first_temporal_robustness,loto7-hit-first-2026.07.22-v1,13.148215,10.40818,9.82457,10.494965,38.171281,1.766764,4.373,9,0,10.137026,5.641108,29.815,-722200,0.113755,18.133955
2026-07-27T02:56:44.645314+00:00,1,g001_0001_9246,hit_first_temporal_robustness,loto7-hit-first-2026.07.22-v1,12.536794,9.992725,9.21512,9.92691,36.134472,1.739067,3.936,4,0,9.791545,5.751458,21.331,-809500,0.119818,12.99177
2026-07-27T03:08:17.987585+00:00,2,g002_0002_8231,hit_first_temporal_robustness,loto7-hit-first-2026.07.22-v1,15.532154,11.60352,10.614045,11.66209,51.611154,1.959184,5.539,5,0,12.043732,4.738921,19.281,-830600,0.074597,15.532154
2026-07-27T04:03:11.453060+00:00,3,g003_0033_9543,hit_first_temporal_robustness,loto7-hit-first-2026.07.22-v1,12.811755,10.233245,9.85381,10.044125,36.548833,1.760933,4.373,4,0,9.887755,5.741108,21.312,-809700,0.158231,15.532154
2026-07-27T04:29:18.978569+00:00,4,g004_0043_1911,hit_first_temporal_robustness,loto7-hit-first-2026.07.22-v1,15.818751,11.967945,11.250015,12.002913,51.008384,1.953353,6.56,8,0,11.962099,4.781195,25.044,-771300,0.134653,15.818751
2026-07-27T04:33:50.697426+00:00,5,g005_0054_5752,hit_first_temporal_robustness,loto7-hit-first-2026.07.22-v1,13.096329,10.437325,9.73685,10.378345,37.658525,1.772595,4.81,4,1,10.03207,5.660496,102.148,22100,0.766435,15.818751
2026-07-27T04:35:23.460020+00:00,6,g006_0064_2187,hit_first_temporal_robustness,loto7-hit-first-2026.07.22-v1,15.270808,11.771135,10.872105,11.622808,47.665086,1.951895,6.414,3,0,11.345481,4.939213,22.313,-799400,0.114547,15.818751
2026-07-27T05:30:41.372468+00:00,7,g007_0007_4823,hit_first_temporal_robustness,loto7-hit-first-2026.07.22-v1,18.152636,12.79883,11.22808,13.033445,67.31195,2.125364,6.851,4,0,14.580175,3.829155,18.63,-837300,0.066771,18.152636
2026-07-27T07:03:21.828774+00:00,8,g008_0008_6662,hit_first_temporal_robustness,loto7-hit-first-2026.07.22-v1,18.26153,13.134105,12.470915,12.748525,65.401605,2.134111,7.726,5,0,14.100583,3.860058,19.796,-825300,0.059892,18.26153
2026-07-27T08:46:35.358366+00:00,9,g009_0009_7786,hit_first_temporal_robustness,loto7-hit-first-2026.07.22-v1,15.287465,11.55248,10.581405,11.637427,49.577255,1.946064,5.394,7,0,11.699708,4.849563,21.963,-803000,0.116372,18.26153
2026-07-27T12:58:50.006813+00:00,10,g010_0010_9241,hit_first_temporal_robustness,loto7-hit-first-2026.07.22-v1,15.612692,11.712845,11.162805,11.491243,51.417273,1.963557,5.539,8,0,12.01895,4.753207,22.07,-801900,0.115808,18.26153
2026-07-27T13:31:46.741793+00:00,11,g011_0011_5223,hit_first_temporal_robustness,loto7-hit-first-2026.07.22-v1,15.077648,11.38484,10.64328,11.02026,49.34366,1.944606,4.956,6,0,11.667638,4.865743,22.838,-794000,0.14766,18.26153
2026-07-27T14:04:30.139625+00:00,12,g012_0121_1019,hit_first_temporal_robustness,loto7-hit-first-2026.07.22-v1,15.110476,11.31195,10.116965,11.03522,50.585276,1.927114,5.102,5,0,11.896501,4.806997,20.534,-817700,0.094179,18.26153
2026-07-27T14:27:01.558000+00:00,13,g013_0133_8761,hit_first_temporal_robustness,loto7-hit-first-2026.07.22-v1,18.164719,12.704075,11.80234,12.76316,67.961006,2.141399,6.268,4,0,14.686589,3.792274,17.298,-851000,0.089888,18.26153
2026-07-27T14:28:54.537642+00:00,14,g014_0014_2711,hit_first_temporal_robustness,loto7-hit-first-2026.07.22-v1,17.8925,12.79154,12.25148,12.6682,64.381193,2.126822,6.706,5,0,13.844023,3.876385,18.717,-836400,0.073209,18.26153
2026-07-27T17:28:41.591530+00:00,15,g015_0152_5623,hit_first_temporal_robustness,loto7-hit-first-2026.07.22-v1,15.275798,11.57433,10.906445,11.31266,49.437319,1.938776,5.685,6,0,11.638484,4.83965,21.283,-810000,0.111416,18.26153
2026-07-27T17:37:26.908800+00:00,16,g016_0016_7565,hit_first_temporal_robustness,loto7-hit-first-2026.07.22-v1,15.494393,11.720105,10.643285,11.501525,50.586733,1.962099,5.685,7,0,11.890671,4.804082,21.856,-804100,0.108493,18.26153
2026-07-27T17:39:17.585934+00:00,17,g017_0017_5176,hit_first_temporal_robustness,loto7-hit-first-2026.07.22-v1,15.250766,11.75655,10.494195,11.59358,47.904157,1.95481,6.122,5,0,11.399417,4.932507,23.528,-786900,0.108633,18.26153
2026-07-27T17:44:44.057603+00:00,18,g018_0184_1730,hit_first_temporal_robustness,loto7-hit-first-2026.07.22-v1,15.488553,11.559755,11.1696,11.414485,51.334185,1.962099,5.248,6,0,11.983965,4.747959,21.837,-804300,0.088563,18.26153
2026-07-27T17:46:35.103986+00:00,19,g019_0019_3710,hit_first_temporal_robustness,loto7-hit-first-2026.07.22-v1,15.246226,11.75654,11.162805,11.374282,47.587099,1.94898,6.122,6,0,11.342566,4.948251,24.927,-772500,0.102534,18.26153
2026-07-27T18:00:34.831070+00:00,20,g020_0020_4936,hit_first_temporal_robustness,loto7-hit-first-2026.07.22-v1,18.097913,12.871715,12.13449,12.91521,65.671284,2.110787,7.434,3,0,14.250729,3.894169,19.981,-823400,0.077821,18.26153
2026-07-27T19:52:16.935264+00:00,1,g001_0001_6728,hit_first_temporal_robustness,loto7-hit-first-2026.07.22-v1,12.759386,10.174935,9.56396,9.95615,36.77077,1.749271,4.373,4,0,9.892128,5.713557,24.014,-781900,0.174423,12.99177
2026-07-27T20:11:47.836125+00:00,2,g002_0002_3916,hit_first_temporal_robustness,loto7-hit-first-2026.07.22-v1,17.912548,12.776955,11.66668,12.783305,65.013487,2.112245,6.706,7,0,14.126822,3.924052,19.854,-824700,0.078316,17.912548
2026-07-27T20:31:11.894030+00:00,3,g003_0003_3816,hit_first_temporal_robustness,loto7-hit-first-2026.07.22-v1,12.599278,9.93439,9.21053,9.9145,37.186224,1.75656,3.499,3,1,9.966472,5.692857,88.28,-120600,0.810436,17.912548
2026-07-27T21:32:36.229129+00:00,4,g004_0004_2305,hit_first_temporal_robustness,loto7-hit-first-2026.07.22-v1,12.821347,10.26239,9.70761,10.101925,36.488338,1.755102,4.373,6,0,9.845481,5.729446,25.248,-769200,0.133564,17.912548
2026-07-27T22:46:14.519328+00:00,5,g005_0005_6355,hit_first_temporal_robustness,loto7-hit-first-2026.07.22-v1,12.81113,10.32071,9.91229,10.058235,35.866617,1.746356,4.81,5,0,9.752187,5.768805,27.075,-750400,0.154702,17.912548
2026-07-28T01:09:19.545695+00:00,6,g006_0062_8327,hit_first_temporal_robustness,loto7-hit-first-2026.07.22-v1,12.979524,10.408165,9.122815,10.552935,36.976314,1.772595,4.665,5,0,9.927114,5.702478,25.734,-764200,0.162764,17.912548
2026-07-28T02:48:21.475013+00:00,7,g007_0007_7867,hit_first_temporal_robustness,loto7-hit-first-2026.07.22-v1,17.97731,12.871725,11.9006,12.711395,64.896869,2.134111,6.851,5,0,14.103499,3.928717,19.767,-825600,0.078663,17.97731
2026-07-28T03:03:32.869744+00:00,8,g008_0008_6934,hit_first_temporal_robustness,loto7-hit-first-2026.07.22-v1,18.17494,13.061235,11.754395,13.09065,65.208458,2.163265,6.997,5,0,14.164723,3.915743,19.854,-824700,0.069016,18.17494
2026-07-28T03:27:00.551798+00:00,9,g009_0009_8372,hit_first_temporal_robustness,loto7-hit-first-2026.07.22-v1,12.794396,10.17491,9.76745,10.00001,36.905614,1.755102,4.082,6,0,9.930029,5.713265,27.483,-746200,0.182107,18.17494
2026-07-28T05:51:52.524647+00:00,10,g010_0010_6977,hit_first_temporal_robustness,loto7-hit-first-2026.07.22-v1,15.154632,11.501455,10.731005,11.266842,48.931122,1.941691,5.102,9,0,11.612245,4.894898,24.801,-773800,0.135972,18.17494
2026-07-28T06:30:26.005528+00:00,11,g011_0011_2522,hit_first_temporal_robustness,loto7-hit-first-2026.07.22-v1,15.443603,11.74196,11.081885,11.326515,49.784983,1.946064,6.122,6,0,11.730321,4.836152,22.313,-799400,0.114547,18.17494
2026-07-28T06:59:27.487497+00:00,12,g012_0123_6008,hit_first_temporal_robustness,loto7-hit-first-2026.07.22-v1,15.410457,11.70553,10.994165,11.601897,49.448253,1.959184,5.685,7,0,11.712828,4.872886,22.838,-794000,0.111915,18.17494
2026-07-28T07:18:50.487310+00:00,13,g013_0013_8968,hit_first_temporal_robustness,loto7-hit-first-2026.07.22-v1,13.208211,10.583095,10.14621,10.494795,37.28972,1.781341,4.81,8,0,9.96793,5.679738,29.145,-729100,0.145715,18.17494
2026-07-28T08:01:35.217519+00:00,14,g014_0141_6125,hit_first_temporal_robustness,loto7-hit-first-2026.07.22-v1,15.105678,11.33381,10.847965,11.09285,49.73032,1.934402,5.102,4,1,11.739067,4.847522,97.269,-28100,0.804876,18.17494
2026-07-28T08:09:34.693700+00:00,15,g015_0015_7793,hit_first_temporal_robustness,loto7-hit-first-2026.07.22-v1,12.708835,10.123915,9.67837,9.839445,36.670915,1.739067,4.373,4,0,9.876093,5.719388,22.575,-796700,0.149376,18.17494
2026-07-28T12:15:24.228075+00:00,16,g016_0016_6514,hit_first_temporal_robustness,loto7-hit-first-2026.07.22-v1,18.143122,13.01749,11.900595,12.914275,65.29118,2.137026,7.289,5,0,14.227405,3.933965,20.816,-814800,0.074697,18.17494
2026-07-28T13:12:17.520133+00:00,17,g017_0017_5278,hit_first_temporal_robustness,loto7-hit-first-2026.07.22-v1,18.091576,12.981055,12.514635,12.710955,64.783526,2.132653,7.143,6,0,14.093294,3.939067,20.36,-819500,0.067303,18.17494
2026-07-28T13:35:19.008519+00:00,18,g018_0018_7728,hit_first_temporal_robustness,loto7-hit-first-2026.07.22-v1,15.368969,11.47957,10.406985,11.403523,51.322885,1.95481,5.102,6,0,12.002915,4.758309,21.02,-812700,0.112806,18.17494
2026-07-28T14:48:05.696367+00:00,19,g019_0019_7158,hit_first_temporal_robustness,loto7-hit-first-2026.07.22-v1,17.871873,12.68223,11.66668,12.216115,65.950439,2.119534,6.56,4,0,14.319242,3.888921,20.117,-822000,0.110145,18.17494
2026-07-28T17:11:31.243996+00:00,20,g020_0203_9805,hit_first_temporal_robustness,loto7-hit-first-2026.07.22-v1,13.204272,10.59038,10.05849,10.582427,37.164359,1.785714,4.956,6,0,9.979592,5.701895,27.114,-750000,0.124373,18.17494
2026-07-28T18:00:06.039936+00:00,1,g001_0001_5666,hit_first_temporal_robustness,loto7-hit-first-2026.07.22-v1,12.80876,10.2697,9.532175,9.95717,36.62536,1.753644,4.519,5,0,9.870262,5.722741,23.324,-789000,0.134583,12.99177
2026-07-28T18:09:05.600899+00:00,2,g002_0002_8605,hit_first_temporal_robustness,loto7-hit-first-2026.07.22-v1,12.688686,10.131195,9.27326,9.883052,36.690229,1.749271,4.082,5,1,9.881924,5.719534,91.293,-89600,0.783692,12.99177
2026-07-28T19:18:05.294955+00:00,3,g003_0003_3694,hit_first_temporal_robustness,loto7-hit-first-2026.07.22-v1,15.310589,11.61077,10.726755,11.403523,49.564872,1.946064,5.685,6,0,11.69242,4.847813,22.857,-793800,0.147534,15.310589
2026-07-28T19:50:40.154529+00:00,4,g004_0004_9121,hit_first_temporal_robustness,loto7-hit-first-2026.07.22-v1,15.30662,11.486895,10.994165,11.441928,50.132294,1.941691,5.539,4,0,11.810496,4.827259,21.088,-812000,0.113364,15.310589
2026-07-28T20:33:14.911249+00:00,5,g005_0005_9173,hit_first_temporal_robustness,loto7-hit-first-2026.07.22-v1,15.286403,11.65451,10.697685,11.608205,48.794462,1.934402,6.122,5,0,11.498542,4.860058,21.798,-804700,0.117254,15.310589
2026-07-28T22:15:42.039357+00:00,6,g006_0006_9416,hit_first_temporal_robustness,loto7-hit-first-2026.07.22-v1,15.24914,11.5525,10.906445,11.543418,49.046647,1.94898,5.539,5,0,11.639942,4.89242,24.004,-782000,0.106478,15.310589
2026-07-28T22:57:13.815912+00:00,7,g007_0007_7914,hit_first_temporal_robustness,loto7-hit-first-2026.07.22-v1,12.679723,10.15308,9.327495,10.14502,36.089646,1.736152,4.373,5,1,9.765306,5.74519,101.623,16700,0.770393,15.310589
2026-07-28T23:02:59.751770+00:00,8,g008_0083_6645,hit_first_temporal_robustness,loto7-hit-first-2026.07.22-v1,17.844306,12.623905,12.192995,12.630815,65.164355,2.102041,6.268,8,0,14.131195,3.905977,21.001,-812900,0.078205,17.844306
2026-07-28T23:17:56.224567+00:00,9,g009_0092_9563,hit_first_temporal_robustness,loto7-hit-first-2026.07.22-v1,17.761521,12.66765,11.462,12.69635,64.536442,2.116618,6.56,4,0,14.062682,3.957726,21.409,-808700,0.067181,17.844306
2026-07-28T23:40:53.926856+00:00,10,g010_0101_2004,hit_first_temporal_robustness,loto7-hit-first-2026.07.22-v1,17.858809,12.543735,11.929835,12.34581,66.423106,2.132653,5.977,3,0,14.396501,3.861953,17.775,-846100,0.066703,17.858809
2026-07-28T23:41:14.119297+00:00,11,g011_0112_4896,hit_first_temporal_robustness,loto7-hit-first-2026.07.22-v1,12.303524,9.766775,8.953495,9.76609,35.785715,1.728863,3.353,4,0,9.64723,5.730612,19.971,-823500,0.157178,17.858809
2026-07-29T00:53:39.493538+00:00,12,g012_0012_2609,hit_first_temporal_robustness,loto7-hit-first-2026.07.22-v1,17.674489,12.42712,11.52048,11.982535,66.159623,2.118076,5.539,6,0,14.357143,3.878717,18.727,-836300,0.072652,17.858809
2026-07-29T03:32:04.266079+00:00,13,g013_0133_7566,hit_first_temporal_robustness,loto7-hit-first-2026.07.22-v1,18.124325,12.6822,11.889545,12.48538,67.973761,2.125364,6.268,6,0,14.701166,3.797376,20.398,-819100,0.076227,18.124325
2026-07-29T03:34:05.904560+00:00,14,g014_0014_9516,hit_first_temporal_robustness,loto7-hit-first-2026.07.22-v1,12.765156,10.284255,9.50293,10.18922,35.832364,1.747813,4.665,5,0,9.784257,5.788338,26.132,-760100,0.129044,18.124325
2026-07-29T03:36:07.660075+00:00,15,g015_0015_6303,hit_first_temporal_robustness,loto7-hit-first-2026.07.22-v1,15.409653,11.676375,11.023405,11.23922,50.056119,1.950437,5.831,6,0,11.739067,4.804082,22.332,-799200,0.106179,18.124325
2026-07-29T03:42:03.103569+00:00,16,g016_0016_7225,hit_first_temporal_robustness,loto7-hit-first-2026.07.22-v1,12.765995,10.24783,9.44768,10.000013,36.366983,1.755102,4.519,4,0,9.841108,5.743586,22.089,-801700,0.142103,18.124325
2026-07-29T03:57:13.299462+00:00,17,g017_0017_6163,hit_first_temporal_robustness,loto7-hit-first-2026.07.22-v1,18.18036,12.886295,11.959075,12.75558,66.725584,2.145773,6.706,5,0,14.446064,3.844752,20.476,-818300,0.07214,18.18036
2026-07-29T04:32:01.138663+00:00,18,g018_0018_8004,hit_first_temporal_robustness,loto7-hit-first-2026.07.22-v1,17.779692,12.602045,11.345035,12.406175,65.619167,2.120991,5.977,7,0,14.266764,3.908601,21.458,-808200,0.055254,18.18036
2026-07-29T06:30:49.789675+00:00,19,g019_0019_2799,hit_first_temporal_robustness,loto7-hit-first-2026.07.22-v1,18.18458,13.053935,11.871355,12.944875,65.437317,2.155977,6.997,6,0,14.220117,3.911079,21.467,-808100,0.095066,18.18458
2026-07-29T06:32:49.968872+00:00,20,g020_0020_1944,hit_first_temporal_robustness,loto7-hit-first-2026.07.22-v1,12.81717,10.189495,9.79533,10.204265,36.763851,1.749271,4.227,6,0,9.893586,5.71516,26.113,-760300,0.160402,18.18458
2026-07-29T09:29:35.828466+00:00,1,g001_0001_9666,hit_first_temporal_robustness,loto7-hit-first-2026.07.22-v1,15.121668,11.326535,10.436055,11.169602,50.178571,1.950437,4.956,3,0,11.813411,4.822449,19.077,-832700,0.1243,15.121668
2026-07-29T09:30:42.918892+00:00,2,g002_0002_2022,hit_first_temporal_robustness,loto7-hit-first-2026.07.22-v1,15.17788,11.457705,10.204685,11.428,49.697518,1.950437,5.102,6,0,11.651603,4.811079,19.708,-826200,0.09073,15.17788
2026-07-29T09:53:45.199971+00:00,3,g003_0003_8788,hit_first_temporal_robustness,loto7-hit-first-2026.07.22-v1,12.708524,9.963545,9.50293,9.810885,37.965017,1.759475,3.644,2,1,10.087464,5.645481,86.861,-135200,0.823674,15.17788
2026-07-29T09:54:52.006340+00:00,4,g004_0004_9985,hit_first_temporal_robustness,loto7-hit-first-2026.07.22-v1,12.556527,10.00728,9.098845,9.94153,36.305394,1.733236,4.082,4,0,9.790087,5.727988,21.361,-809200,0.119654,15.17788
2026-07-29T10:04:27.051250+00:00,5,g005_0054_9955,hit_first_temporal_robustness,loto7-hit-first-2026.07.22-v1,12.8775,10.211385,9.64913,10.161425,37.382289,1.750729,4.519,3,1,9.991254,5.67828,90.437,-98400,0.791103,15.17788
2026-07-29T10:06:27.054799+00:00,6,g006_0006_9046,hit_first_temporal_robustness,loto7-hit-first-2026.07.22-v1,15.423117,11.654515,11.169605,11.37053,50.069243,1.940233,5.831,7,0,11.717201,4.792128,22.906,-793300,0.13916,15.423117
2026-07-29T10:16:02.367883+00:00,7,g007_0007_8711,hit_first_temporal_robustness,loto7-hit-first-2026.07.22-v1,12.890734,10.276955,9.82457,10.290965,36.759841,1.769679,4.082,7,0,9.905248,5.721137,28.591,-734800,0.146499,15.423117
2026-07-29T10:39:04.071391+00:00,8,g008_0008_2188,hit_first_temporal_robustness,loto7-hit-first-2026.07.22-v1,15.547217,11.59623,10.847965,11.60283,51.696792,1.957726,5.539,5,0,12.046647,4.728863,19.388,-829500,0.092231,15.547217
2026-07-29T10:44:56.073805+00:00,9,g009_0091_8968,hit_first_temporal_robustness,loto7-hit-first-2026.07.22-v1,12.660395,10.03646,9.38597,9.82593,37.048834,1.744898,3.936,4,1,9.930029,5.694169,88.776,-115500,0.805911,15.547217
2026-07-29T14:08:10.303007+00:00,10,g010_0102_5810,hit_first_temporal_robustness,loto7-hit-first-2026.07.22-v1,18.126603,12.798815,12.01756,12.60914,66.929304,2.110787,7.289,2,0,14.523324,3.853644,17.833,-845500,0.092098,18.126603
2026-07-29T15:12:19.009908+00:00,11,g011_0011_3530,hit_first_temporal_robustness,loto7-hit-first-2026.07.22-v1,15.47007,11.537905,10.994165,11.574115,51.251098,1.963557,5.248,5,0,11.997085,4.76516,18.552,-838100,0.083814,18.126603
2026-07-29T15:35:12.584719+00:00,12,g012_0012_8231,hit_first_temporal_robustness,loto7-hit-first-2026.07.22-v1,12.598087,9.927115,9.244195,9.85381,37.271138,1.737609,3.79,3,1,9.976676,5.686297,87.823,-125300,0.814651,18.126603
2026-07-29T15:38:41.824089+00:00,13,g013_0013_1593,hit_first_temporal_robustness,loto7-hit-first-2026.07.22-v1,15.189359,11.326525,10.555565,11.194592,50.729955,1.941691,4.81,6,0,11.855685,4.768659,20.855,-814400,0.092731,18.126603
2026-07-29T15:42:11.926321+00:00,14,g014_0142_7402,hit_first_temporal_robustness,loto7-hit-first-2026.07.22-v1,12.949794,10.335285,9.79533,10.145615,37.139943,1.760933,4.519,6,0,9.932945,5.683382,29.193,-728600,0.145473,18.126603
2026-07-29T16:16:41.816710+00:00,15,g015_0015_4790,hit_first_temporal_robustness,loto7-hit-first-2026.07.22-v1,12.602206,9.883365,9.18605,9.85381,37.665089,1.752187,3.499,2,1,10.027697,5.65758,86.667,-137200,0.818569,18.126603
2026-07-29T16:39:37.657863+00:00,16,g016_0016_2453,hit_first_temporal_robustness,loto7-hit-first-2026.07.22-v1,15.363072,11.647235,10.813965,11.43276,49.729593,1.965015,5.394,7,0,11.728863,4.842857,23.479,-787400,0.108858,18.126603
2026-07-29T18:35:46.257980+00:00,17,g017_0173_6309,hit_first_temporal_robustness,loto7-hit-first-2026.07.22-v1,18.176005,12.85716,12.222235,12.551015,66.92092,2.148688,6.56,5,0,14.504373,3.845918,18.61,-837500,0.073629,18.176005
2026-07-29T19:27:07.129328+00:00,18,g018_0184_1378,hit_first_temporal_robustness,loto7-hit-first-2026.07.22-v1,18.086176,12.893595,12.163755,12.638975,65.708819,2.135569,6.997,4,0,14.271137,3.898688,18.61,-837500,0.073629,18.176005
2026-07-29T20:10:15.694261+00:00,19,g019_0019_2308,hit_first_temporal_robustness,loto7-hit-first-2026.07.22-v1,17.54827,12.587465,12.134515,12.31803,62.881195,2.123907,5.977,6,0,13.415452,3.876385,19.815,-825100,0.072094,18.176005
2026-07-29T20:11:24.185951+00:00,20,g020_0020_6325,hit_first_temporal_robustness,loto7-hit-first-2026.07.22-v1,12.635978,10.080175,9.302335,9.97077,36.391767,1.739067,4.227,4,0,9.785714,5.714431,21.37,-809100,0.1196,18.176005
2026-07-29T22:47:22.141214+00:00,1,g001_0001_9397,hit_first_temporal_robustness,loto7-hit-first-2026.07.22-v1,13.117229,10.481045,9.824575,10.42212,37.438771,1.769679,4.665,8,0,9.992711,5.671429,29.495,-725500,0.169687,13.117229
2026-07-29T23:41:12.381796+00:00,2,g002_0023_3495,hit_first_temporal_robustness,loto7-hit-first-2026.07.22-v1,13.032084,10.342565,10.11629,10.32165,37.443877,1.759475,4.665,5,0,10.011662,5.679592,24.956,-772200,0.149922,13.117229
2026-07-30T00:06:49.674300+00:00,3,g003_0003_8503,hit_first_temporal_robustness,loto7-hit-first-2026.07.22-v1,17.751278,12.602035,11.40352,12.81195,64.801384,2.100583,6.414,6,0,14.118076,3.948251,22.109,-801500,0.09978,17.751278
2026-07-30T02:54:26.110472+00:00,4,g004_0004_9874,hit_first_temporal_robustness,loto7-hit-first-2026.07.22-v1,13.13077,10.43732,9.76609,10.349785,38.013849,1.787172,4.373,6,1,10.110787,5.649854,103.547,36500,0.764336,17.751278
2026-07-30T03:45:34.737069+00:00,5,g005_0005_1873,hit_first_temporal_robustness,loto7-hit-first-2026.07.22-v1,12.975478,10.247805,9.795335,10.20486,37.938046,1.760933,4.082,7,1,10.072886,5.642274,104.597,47300,0.764843,17.751278
2026-07-30T04:08:38.309774+00:00,6,g006_0006_6957,hit_first_temporal_robustness,loto7-hit-first-2026.07.22-v1,18.100991,12.9519,11.66668,12.961125,65.459914,2.129738,6.997,7,0,14.221574,3.908746,21.584,-806900,0.064385,18.100991
2026-07-30T06:11:22.208557+00:00,7,g007_0007_3405,hit_first_temporal_robustness,loto7-hit-first-2026.07.22-v1,15.16453,11.42855,11.052645,11.137132,49.438772,1.944606,5.102,6,0,11.610787,4.826531,21.341,-809400,0.119763,18.100991
2026-07-30T06:26:19.392514+00:00,8,g008_0008_9292,hit_first_temporal_robustness,loto7-hit-first-2026.07.22-v1,13.259653,10.539365,9.97077,10.436995,38.319968,1.801749,4.519,6,0,10.163265,5.633528,26.035,-761100,0.120567,18.100991
2026-07-30T06:35:47.621896+00:00,9,g009_0009_7269,hit_first_temporal_robustness,loto7-hit-first-2026.07.22-v1,17.789321,12.419845,11.49124,12.345725,66.946428,2.122449,5.539,5,0,14.472303,3.827551,18.523,-838400,0.088667,18.100991
2026-07-30T07:10:22.302106+00:00,10,g010_0010_9845,hit_first_temporal_robustness,loto7-hit-first-2026.07.22-v1,15.582797,11.64722,10.701765,11.472795,51.968663,1.979592,5.248,6,0,12.144315,4.738192,19.942,-823800,0.077973,18.100991
2026-07-30T08:01:09.106432+00:00,11,g011_0011_2006,hit_first_temporal_robustness,loto7-hit-first-2026.07.22-v1,13.206788,10.546645,10.00001,10.509075,37.630468,1.782799,4.665,8,0,10.021866,5.659475,29.981,-720500,0.166937,18.100991
2026-07-30T10:04:06.735625+00:00,12,g012_0012_9811,hit_first_temporal_robustness,loto7-hit-first-2026.07.22-v1,13.036119,10.349845,10.02925,10.30584,37.521867,1.784257,4.082,7,0,10.03207,5.678717,26.55,-755800,0.127745,18.100991
2026-07-30T10:13:43.183743+00:00,13,g013_0133_6480,hit_first_temporal_robustness,loto7-hit-first-2026.07.22-v1,13.069041,10.291535,9.94187,10.23393,38.415455,1.772595,4.082,7,0,10.144315,5.611953,28.367,-737100,0.149709,18.100991
2026-07-30T12:36:49.218273+00:00,14,g014_0014_6471,hit_first_temporal_robustness,loto7-hit-first-2026.07.22-v1,12.975886,10.20408,9.59303,10.27779,38.322523,1.766764,4.082,5,0,10.144315,5.624344,22.634,-796100,0.138686,18.100991
2026-07-30T14:23:56.740369+00:00,15,g015_0153_2130,hit_first_temporal_robustness,loto7-hit-first-2026.07.22-v1,15.54822,11.822155,11.111125,11.617793,49.896867,1.970845,5.977,6,0,11.790087,4.849125,23.654,-785600,0.142564,18.100991
2026-07-30T14:56:11.583707+00:00,16,g016_0016_3821,hit_first_temporal_robustness,loto7-hit-first-2026.07.22-v1,18.26292,12.930035,11.871355,12.698135,67.384113,2.142857,6.851,5,1,14.584548,3.821574,96.365,-37400,0.799314,18.26292
2026-07-30T16:09:29.501357+00:00,17,g017_0017_2795,hit_first_temporal_robustness,loto7-hit-first-2026.07.22-v1,17.970778,12.827995,12.017555,12.74055,65.009113,2.131195,6.56,7,0,14.153061,3.93688,21.205,-810800,0.064161,18.26292
2026-07-30T16:42:36.542768+00:00,18,g018_0018_6555,hit_first_temporal_robustness,loto7-hit-first-2026.07.22-v1,15.266609,11.523325,10.994165,11.29778,49.650143,1.960641,5.248,5,0,11.749271,4.862974,22.653,-795900,0.112827,18.26292
2026-07-30T16:56:59.213057+00:00,19,g019_0019_5281,hit_first_temporal_robustness,loto7-hit-first-2026.07.22-v1,17.747584,12.514565,12.134515,12.55049,65.105688,2.120991,5.685,7,0,14.134111,3.91516,20.165,-821500,0.118072,18.26292
2026-07-30T17:11:21.655947+00:00,20,g020_0020_9218,hit_first_temporal_robustness,loto7-hit-first-2026.07.22-v1,17.933828,12.740525,11.63744,12.94513,65.310501,2.110787,6.997,3,0,14.193878,3.915743,19.407,-829300,0.089634,18.26292
2026-07-30T18:24:19.082261+00:00,1,g001_0001_9534,hit_first_temporal_robustness,loto7-hit-first-2026.07.22-v1,12.938566,10.342565,9.94187,10.19007,36.806122,1.771137,4.373,6,0,9.899417,5.712245,27.872,-742200,0.121688,12.99177
2026-07-30T18:46:20.638372+00:00,2,g002_0002_4118,hit_first_temporal_robustness,loto7-hit-first-2026.07.22-v1,15.615786,11.72742,11.169605,11.50127,51.328717,1.966472,5.539,8,0,12.03207,4.771137,23.343,-788800,0.109492,15.615786
2026-07-30T18:51:51.938174+00:00,3,g003_0003_3799,hit_first_temporal_robustness,loto7-hit-first-2026.07.22-v1,15.406509,11.552475,10.935685,11.444562,50.715744,1.951895,5.394,6,0,11.877551,4.780758,21.088,-812000,0.091705,15.615786
2026-07-30T18:53:45.845682+00:00,4,g004_0004_2199,hit_first_temporal_robustness,loto7-hit-first-2026.07.22-v1,12.969035,10.211355,9.82559,9.94153,38.420554,1.762391,4.082,6,0,10.106414,5.593586,25.083,-770900,0.125145,15.615786
2026-07-30T19:42:00.801133+00:00,5,g005_0005_1524,hit_first_temporal_robustness,loto7-hit-first-2026.07.22-v1,12.875136,10.109335,9.70931,9.97077,38.253644,1.747813,3.936,6,1,10.109329,5.617201,93.664,-65200,0.763851,15.615786
2026-07-30T20:47:17.415337+00:00,6,g006_0006_4583,hit_first_temporal_robustness,loto7-hit-first-2026.07.22-v1,15.243231,11.47958,10.555565,11.341385,50.021135,1.946064,5.248,6,0,11.804665,4.839359,21.662,-806100,0.11799,15.615786
2026-07-30T20:53:11.379363+00:00,7,g007_0071_9129,hit_first_temporal_robustness,loto7-hit-first-2026.07.22-v1,15.351066,11.552475,11.046525,11.242703,50.31487,1.951895,5.394,6,0,11.841108,4.817201,22.983,-792500,0.103171,15.615786
2026-07-30T21:27:56.213672+00:00,8,g008_0008_5369,hit_first_temporal_robustness,loto7-hit-first-2026.07.22-v1,15.26827,11.69096,10.906445,11.26778,48.59949,1.944606,5.977,6,0,11.534985,4.903061,24.509,-776800,0.096749,15.615786
2026-07-30T21:29:58.073654+00:00,9,g009_0009_4078,hit_first_temporal_robustness,loto7-hit-first-2026.07.22-v1,12.547486,9.978145,9.50582,9.85381,36.198614,1.739067,3.79,5,0,9.771137,5.733382,23.547,-786700,0.177879,15.615786
2026-07-30T21:45:09.819665+00:00,10,g010_0010_2100,hit_first_temporal_robustness,loto7-hit-first-2026.07.22-v1,15.519783,11.858585,11.140365,11.617113,49.33491,1.963557,6.122,7,0,11.663265,4.864869,24.295,-779000,0.1052,15.615786
2026-07-30T21:45:29.914403+00:00,11,g011_0112_2052,hit_first_temporal_robustness,loto7-hit-first-2026.07.22-v1,12.873284,10.27699,9.47675,10.21931,36.94934,1.755102,4.519,5,0,9.80758,5.650292,22.886,-793500,0.137155,15.615786
2026-07-30T22:20:14.500964+00:00,12,g012_0012_6431,hit_first_temporal_robustness,loto7-hit-first-2026.07.22-v1,15.442992,11.44316,11.081885,11.253497,51.958091,1.93586,5.394,5,0,12.120991,4.728717,22.119,-801400,0.115554,15.615786
2026-07-30T23:13:08.404151+00:00,13,g013_0013_7326,hit_first_temporal_robustness,loto7-hit-first-2026.07.22-v1,15.58657,11.85861,11.366295,11.564328,49.885205,1.966472,5.977,8,0,11.779883,4.845918,23.926,-782800,0.106824,15.615786
2026-07-30T23:18:34.803541+00:00,14,g014_0014_3176,hit_first_temporal_robustness,loto7-hit-first-2026.07.22-v1,12.887399,10.10935,9.68024,9.97077,38.39942,1.753644,3.936,5,1,10.112245,5.599125,90.311,-99700,0.785538,15.615786
2026-07-30T23:40:01.123996+00:00,15,g015_0015_1833,hit_first_temporal_robustness,loto7-hit-first-2026.07.22-v1,18.287739,12.8863,12.122105,12.719285,67.712466,2.139942,6.997,3,0,14.618076,3.79344,17.979,-844000,0.086486,18.287739
2026-07-31T00:01:29.815989+00:00,16,g016_0016_1362,hit_first_temporal_robustness,loto7-hit-first-2026.07.22-v1,12.74646,10.05102,9.79533,9.95632,37.323617,1.744898,3.644,8,0,9.98105,5.681341,27.464,-746400,0.123496,18.287739
2026-07-31T00:33:37.776287+00:00,17,g017_0017_7999,hit_first_temporal_robustness,loto7-hit-first-2026.07.22-v1,12.711393,10.10204,9.70931,9.97077,36.667277,1.746356,4.082,5,0,9.868805,5.716472,24.976,-772000,0.167704,18.287739
2026-07-31T01:05:35.771695+00:00,18,g018_0018_7543,hit_first_temporal_robustness,loto7-hit-first-2026.07.22-v1,15.37237,11.567045,10.906445,11.545555,50.174564,1.960641,5.102,8,0,11.816327,4.824344,23.926,-782800,0.106824,18.287739
2026-07-31T02:59:05.167793+00:00,19,g019_0019_2614,hit_first_temporal_robustness,loto7-hit-first-2026.07.22-v1,12.864921,10.14577,9.6221,9.89767,38.053934,1.766764,3.79,6,0,10.059767,5.6207,26.715,-754100,0.126228,18.287739
2026-07-31T03:33:08.968964+00:00,20,g020_0020_2257,hit_first_temporal_robustness,loto7-hit-first-2026.07.22-v1,12.738258,10.21137,9.38954,10.08773,36.286081,1.744898,4.373,6,0,9.814869,5.742128,25.773,-763800,0.130845,18.287739
2026-07-31T09:14:50.162815+00:00,1,g001_0013_8092,hit_first_temporal_robustness,loto7-hit-first-2026.07.22-v1,17.801175,12.572895,11.69592,12.40531,65.758382,2.103499,6.56,3,0,14.274052,3.89344,18.542,-838200,0.083857,17.801175
2026-07-31T12:12:25.841197+00:00,1,g001_0014_5810,hit_first_temporal_robustness,loto7-hit-first-2026.07.22-v1,15.156254,11.433765,10.930245,11.312743,49.206696,1.931587,5.386,5,1,11.653566,4.877438,96.225,-38900,0.801029,15.156254
2026-07-31T12:21:13.366318+00:00,2,g002_0002_6551,hit_first_temporal_robustness,loto7-hit-first-2026.07.22-v1,15.173575,11.462885,10.784895,11.311637,49.293671,1.931587,5.531,5,0,11.672489,4.874672,22.319,-800500,0.114348,15.173575
2026-07-31T12:22:15.065553+00:00,3,g003_0003_8210,hit_first_temporal_robustness,loto7-hit-first-2026.07.22-v1,17.582579,12.634655,12.180245,12.405382,62.75255,2.107715,6.696,3,0,13.439592,3.904803,19.961,-824800,0.110355,17.582579
2026-07-31T12:25:27.015463+00:00,4,g004_0041_7430,hit_first_temporal_robustness,loto7-hit-first-2026.07.22-v1,12.733015,10.101875,9.44768,9.972045,37.092426,1.761281,3.93,4,0,9.914119,5.680932,22.329,-800400,0.140374,17.582579
2026-07-31T12:27:17.486346+00:00,5,g005_0005_3698,hit_first_temporal_robustness,loto7-hit-first-2026.07.22-v1,12.966004,10.393015,9.73838,10.30686,36.750003,1.784571,4.512,4,0,9.868996,5.705531,23.426,-789100,0.133803,17.582579
2026-07-31T12:30:29.881978+00:00,6,g006_0006_8764,hit_first_temporal_robustness,loto7-hit-first-2026.07.22-v1,12.564478,9.89811,9.24419,9.91399,37.065865,1.740902,3.639,3,1,9.919942,5.687191,89.034,-113000,0.79564,17.582579
2026-07-31T13:17:52.043604+00:00,7,g007_0007_2634,hit_first_temporal_robustness,loto7-hit-first-2026.07.22-v1,15.353333,11.601185,10.959315,11.63156,49.599707,1.944687,5.677,6,0,11.723435,4.857642,24.182,-781300,0.139246,17.582579
2026-07-31T13:26:46.007317+00:00,8,g008_0008_2787,hit_first_temporal_robustness,loto7-hit-first-2026.07.22-v1,15.521947,11.579315,11.017455,11.283247,51.810407,1.951965,5.386,7,0,12.090247,4.734061,22.552,-798100,0.112306,17.582579
2026-07-31T13:48:17.504751+00:00,9,g009_0009_3687,hit_first_temporal_robustness,loto7-hit-first-2026.07.22-v1,12.742736,10.07279,9.215125,9.9723,37.578968,1.749636,4.076,3,1,10.002911,5.657496,88.918,-114200,0.796682,17.582579
2026-07-31T19:12:54.334400+00:00,10,g010_0010_6318,hit_first_temporal_robustness,loto7-hit-first-2026.07.22-v1,15.450011,11.550225,10.697685,11.48665,51.306409,1.966521,5.24,5,0,11.997089,4.757787,20.679,-817400,0.1145,17.582579
2026-07-31T19:14:21.432316+00:00,11,g011_0113_8994,hit_first_temporal_robustness,loto7-hit-first-2026.07.22-v1,15.343588,11.470165,10.731005,11.1192,51.216885,1.953421,5.095,6,0,11.922853,4.73508,21.747,-806400,0.10888,17.582579
2026-07-31T19:18:38.004304+00:00,12,g012_0012_6047,hit_first_temporal_robustness,loto7-hit-first-2026.07.22-v1,17.9132,12.634635,11.900595,12.369185,66.326056,2.104803,6.55,5,0,14.302766,3.83115,17.846,-846600,0.079935,17.9132
2026-07-31T19:20:05.406467+00:00,13,g013_0132_8162,hit_first_temporal_robustness,loto7-hit-first-2026.07.22-v1,15.419982,11.521105,11.250015,11.25367,51.047668,1.946143,5.386,6,0,11.874818,4.735226,20.388,-820400,0.116135,17.9132
2026-07-31T19:45:17.618493+00:00,14,g014_0143_3644,hit_first_temporal_robustness,loto7-hit-first-2026.07.22-v1,13.145123,10.327525,10.00001,10.13091,39.001455,1.783115,4.076,6,1,10.234352,5.575837,95.74,-43900,0.739915,17.9132
2026-07-31T20:38:13.272041+00:00,15,g015_0015_6391,hit_first_temporal_robustness,loto7-hit-first-2026.07.22-v1,13.074543,10.262,9.9128,10.116545,38.841337,1.772926,3.93,7,1,10.197962,5.580204,94.032,-61500,0.753354,17.9132
2026-07-31T20:39:40.586000+00:00,16,g016_0016_6845,hit_first_temporal_robustness,loto7-hit-first-2026.07.22-v1,12.910757,10.34934,9.6221,10.16117,36.771107,1.75837,4.803,4,0,9.885007,5.710189,23.775,-785500,0.141633,17.9132
2026-07-31T20:40:06.908906+00:00,17,g017_0017_8984,hit_first_temporal_robustness,loto7-hit-first-2026.07.22-v1,15.112247,11.426485,10.639545,11.2399,49.137557,1.930131,5.531,4,0,11.480349,4.805822,19.835,-826100,0.078278,17.9132
2026-07-31T21:55:00.800026+00:00,18,g018_0018_4529,hit_first_temporal_robustness,loto7-hit-first-2026.07.22-v1,15.364745,11.65939,11.220945,11.32643,49.463248,1.947598,5.822,6,0,11.688501,4.859534,24.367,-779400,0.130625,17.9132
2026-08-01T02:11:58.230963+00:00,19,g019_0192_4817,hit_first_temporal_robustness,loto7-hit-first-2026.07.22-v1,13.020542,10.28383,9.88373,10.232398,38.032748,1.780204,3.93,7,0,10.074236,5.630277,30.5,-716200,0.163856,17.9132
2026-08-01T02:44:24.198792+00:00,20,g020_0201_2418,hit_first_temporal_robustness,loto7-hit-first-2026.07.22-v1,12.757036,10.072795,9.41861,10.161085,37.332602,1.752547,3.785,6,0,9.992722,5.68559,23.794,-785300,0.106444,17.9132
2026-08-01T04:00:53.330131+00:00,1,g001_0001_3057,hit_first_temporal_robustness,loto7-hit-first-2026.07.22-v1,12.953099,10.254725,9.94187,10.160745,37.601526,1.759825,4.367,5,0,10.026201,5.665357,26.327,-759200,0.12864,12.983926
2026-08-01T05:45:16.577206+00:00,2,g002_0002_1871,hit_first_temporal_robustness,loto7-hit-first-2026.07.22-v1,15.559389,11.841345,11.140365,11.686048,49.768922,1.957787,6.259,6,0,11.762737,4.853421,23.028,-793200,0.146228,15.559389
2026-08-01T06:42:23.967455+00:00,3,g003_0003_3473,hit_first_temporal_robustness,loto7-hit-first-2026.07.22-v1,15.1485,11.382815,10.526325,11.482557,49.605165,1.924309,5.386,5,0,11.710335,4.850801,22.863,-794900,0.11163,15.559389
2026-08-01T07:17:25.417604+00:00,4,g004_0044_5380,hit_first_temporal_robustness,loto7-hit-first-2026.07.22-v1,13.122833,10.41485,10.08722,10.33559,37.851895,1.786026,4.367,6,0,10.064047,5.649636,25.852,-764100,0.130255,15.559389
2026-08-01T07:52:22.812005+00:00,5,g005_0005_3879,hit_first_temporal_robustness,loto7-hit-first-2026.07.22-v1,12.975692,10.363895,9.302335,10.495475,37.173217,1.761281,4.658,5,1,9.949054,5.686463,102.921,30100,0.776164,15.559389
2026-08-01T08:02:00.970585+00:00,6,g006_0006_3609,hit_first_temporal_robustness,loto7-hit-first-2026.07.22-v1,13.015015,10.378445,9.53489,10.380385,37.416663,1.770015,4.658,4,1,9.988355,5.672344,90.946,-93300,0.785531,15.559389
2026-08-01T08:25:17.555627+00:00,7,g007_0007_7895,hit_first_temporal_robustness,loto7-hit-first-2026.07.22-v1,12.652597,10.000015,9.389545,9.913905,37.117544,1.752547,3.785,3,1,9.949054,5.693886,87.734,-126400,0.807433,15.559389
2026-08-01T09:10:03.053896+00:00,8,g008_0008_6865,hit_first_temporal_robustness,loto7-hit-first-2026.07.22-v1,18.021972,12.94031,11.83141,12.608205,65.042573,2.14556,6.987,4,0,14.091703,3.903785,20.97,-814400,0.065248,18.021972
2026-08-01T09:57:40.374086+00:00,9,g009_0092_3987,hit_first_temporal_robustness,loto7-hit-first-2026.07.22-v1,13.119361,10.45852,9.73838,10.319353,37.810042,1.780204,4.512,7,0,10.048035,5.647744,30.917,-711900,0.161645,18.021972
2026-08-01T13:00:46.526324+00:00,10,g010_0010_3376,hit_first_temporal_robustness,loto7-hit-first-2026.07.22-v1,12.966302,10.378465,9.680245,10.4075,36.780567,1.752547,4.803,6,0,9.895197,5.713683,27.307,-749100,0.153163,18.021972
2026-08-01T13:52:27.419441+00:00,11,g011_0011_2286,hit_first_temporal_robustness,loto7-hit-first-2026.07.22-v1,12.489954,9.788945,9.24419,9.577987,37.487992,1.739447,3.348,3,0,10.017467,5.676419,20.233,-822000,0.184652,18.021972
2026-08-01T14:15:31.356634+00:00,12,g012_0121_4704,hit_first_temporal_robustness,loto7-hit-first-2026.07.22-v1,15.646233,11.75402,11.250015,11.515382,51.365724,1.96361,5.677,8,0,12.026201,4.763464,22.494,-798700,0.069025,18.021972
2026-08-01T15:06:05.222815+00:00,13,g013_0013_7628,hit_first_temporal_robustness,loto7-hit-first-2026.07.22-v1,13.007367,10.327525,9.680245,10.305415,37.670304,1.759825,4.512,6,0,10.039301,5.6623,25.919,-763400,0.129914,18.021972
2026-08-01T15:56:51.686141+00:00,14,g014_0014_3001,hit_first_temporal_robustness,loto7-hit-first-2026.07.22-v1,13.342452,10.669605,9.593035,10.567297,38.382098,1.799127,4.949,6,1,10.152838,5.620378,105.997,61800,0.753639,18.021972
2026-08-01T17:01:15.203794+00:00,15,g015_0015_1466,hit_first_temporal_robustness,loto7-hit-first-2026.07.22-v1,13.108894,10.524015,9.593035,10.567725,37.06514,1.775837,4.803,7,0,9.931587,5.692722,28.287,-739000,0.149914,18.021972
2026-08-01T17:24:23.191241+00:00,16,g016_0161_1073,hit_first_temporal_robustness,loto7-hit-first-2026.07.22-v1,12.926276,10.25474,9.47675,10.10286,37.774746,1.751092,4.512,5,0,10.062591,5.659243,24.357,-779500,0.153386,18.021972
2026-08-01T18:15:13.369214+00:00,17,g017_0017_3148,hit_first_temporal_robustness,loto7-hit-first-2026.07.22-v1,13.069948,10.42213,9.738385,10.203245,37.709972,1.772926,4.512,7,0,10.033479,5.654294,29.005,-731600,0.146203,18.021972
2026-08-01T20:50:21.570207+00:00,18,g018_0018_5902,hit_first_temporal_robustness,loto7-hit-first-2026.07.22-v1,15.322889,11.593885,11.017455,11.311635,49.683769,1.957787,5.531,5,0,11.740902,4.854585,21.844,-805400,0.116837,18.021972
2026-08-01T21:05:32.465419+00:00,19,g019_0194_6240,hit_first_temporal_robustness,loto7-hit-first-2026.07.22-v1,15.137045,11.433785,10.755825,11.340098,49.121177,1.917031,5.677,5,0,11.620087,4.873217,23.979,-783400,0.174423,18.021972
2026-08-01T21:20:41.389496+00:00,20,g020_0202_6290,hit_first_temporal_robustness,loto7-hit-first-2026.07.22-v1,13.078944,10.48034,9.76745,10.319865,37.229259,1.787482,4.658,5,0,9.965066,5.686463,25.638,-766300,0.163134,18.021972
2026-08-01T22:47:34.339625+00:00,1,g001_0001_4893,hit_first_temporal_robustness,loto7-hit-first-2026.07.22-v1,12.913969,10.203805,9.50582,10.000267,38.108079,1.752547,4.221,6,0,10.100437,5.63246,26.356,-758900,0.141753,12.983926
2026-08-02T00:25:14.173365+00:00,2,g002_0002_1938,hit_first_temporal_robustness,loto7-hit-first-2026.07.22-v1,18.082527,12.64918,11.7442,12.696435,67.649924,2.09607,6.841,4,0,14.649199,3.816303,20.204,-822300,0.100865,18.082527
2026-08-02T02:43:48.347784+00:00,3,g003_0003_6927,hit_first_temporal_robustness,loto7-hit-first-2026.07.22-v1,13.214803,10.538565,9.68024,10.568572,37.951598,1.799127,4.658,5,0,10.075691,5.641776,26.958,-752700,0.155148,18.082527
2026-08-02T02:44:36.677067+00:00,4,g004_0043_8648,hit_first_temporal_robustness,loto7-hit-first-2026.07.22-v1,12.915304,10.232905,9.6221,10.029165,37.790029,1.770015,4.221,4,0,10.005822,5.630713,24.901,-773900,0.150039,18.082527
2026-08-02T02:47:06.767655+00:00,5,g005_0051_9701,hit_first_temporal_robustness,loto7-hit-first-2026.07.22-v1,12.4882,9.8617,9.24419,9.636295,36.891191,1.74818,3.493,2,1,9.906841,5.704367,86.958,-134400,0.82156,18.082527
2026-08-02T03:03:58.227776+00:00,6,g006_0006_7219,hit_first_temporal_robustness,loto7-hit-first-2026.07.22-v1,17.947439,12.583695,11.802335,12.478595,66.972344,2.120815,5.822,8,0,14.499272,3.836681,21.902,-804800,0.065131,18.082527
2026-08-02T03:40:41.165954+00:00,7,g007_0007_9238,hit_first_temporal_robustness,loto7-hit-first-2026.07.22-v1,12.674559,10.13829,9.24419,9.986753,36.398106,1.74818,4.076,6,0,9.839884,5.738865,25.163,-771200,0.124566,18.082527
2026-08-02T03:40:55.691914+00:00,8,g008_0081_6515,hit_first_temporal_robustness,loto7-hit-first-2026.07.22-v1,12.796769,10.189215,9.85466,10.07277,36.67213,1.752547,4.367,4,0,9.770015,5.669723,23.028,-793200,0.146228,18.082527
2026-08-02T03:51:56.880471+00:00,9,g009_0009_6875,hit_first_temporal_robustness,loto7-hit-first-2026.07.22-v1,13.222434,10.58224,9.825595,10.465467,37.729621,1.787482,4.803,7,0,10.037846,5.653712,29.83,-723100,0.167534,18.082527
2026-08-02T04:28:49.189477+00:00,10,g010_0010_4879,hit_first_temporal_robustness,loto7-hit-first-2026.07.22-v1,17.935446,12.53277,11.62792,12.53696,67.278381,2.087336,6.405,6,0,14.576419,3.831878,21.019,-813900,0.096953,18.082527
2026-08-02T07:17:41.221056+00:00,11,g011_0011_7761,hit_first_temporal_robustness,loto7-hit-first-2026.07.22-v1,18.050069,12.70015,11.83141,12.523545,67.106257,2.112082,6.55,6,0,14.540029,3.837846,20.136,-823000,0.066024,18.082527
2026-08-02T07:40:56.592085+00:00,12,g012_0012_6628,hit_first_temporal_robustness,loto7-hit-first-2026.07.22-v1,12.916463,10.19651,9.59303,9.971198,38.149201,1.742358,4.367,6,0,10.106259,5.629694,26.172,-760800,0.142751,18.082527
2026-08-02T10:04:05.854530+00:00,13,g013_0134_6229,hit_first_temporal_robustness,loto7-hit-first-2026.07.22-v1,12.662488,10.189225,9.302335,9.97179,35.892288,1.746725,4.367,5,0,9.77147,5.774381,25.512,-767600,0.131989,18.082527
2026-08-02T10:46:56.316598+00:00,14,g014_0014_9986,hit_first_temporal_robustness,loto7-hit-first-2026.07.22-v1,12.594211,10.01455,9.476755,9.869705,36.415207,1.73508,4.076,4,0,9.836972,5.735226,22.746,-796100,0.148038,18.082527
2026-08-02T10:56:28.356187+00:00,15,g015_0015_8760,hit_first_temporal_robustness,loto7-hit-first-2026.07.22-v1,15.521707,11.47745,10.784895,11.45826,52.497088,1.972344,4.803,6,0,12.160116,4.675109,19.913,-825300,0.127193,18.082527
2026-08-02T10:56:48.482039+00:00,16,g016_0016_9491,hit_first_temporal_robustness,loto7-hit-first-2026.07.22-v1,15.177258,11.623,10.959315,11.42833,47.930129,1.94032,5.822,6,0,11.179039,4.826201,21.281,-811200,0.111263,18.082527
2026-08-02T12:09:20.947015+00:00,17,g017_0017_8226,hit_first_temporal_robustness,loto7-hit-first-2026.07.22-v1,17.850194,12.489065,11.80234,12.15806,67.046943,2.107715,6.114,4,0,14.537118,3.844396,18.777,-837000,0.072351,18.082527
2026-08-02T12:32:24.182946+00:00,18,g018_0018_5622,hit_first_temporal_robustness,loto7-hit-first-2026.07.22-v1,15.656563,11.71033,10.872105,11.831395,51.697964,1.96361,5.822,5,0,12.077147,4.74294,19.563,-828900,0.09127,18.082527
2026-08-02T14:04:24.784272+00:00,19,g019_0194_1325,hit_first_temporal_robustness,loto7-hit-first-2026.07.22-v1,12.84125,10.378445,9.65117,10.18973,35.814771,1.767103,4.658,5,0,9.732169,5.766376,26.473,-757700,0.127199,18.082527
2026-08-02T15:47:27.711600+00:00,20,g020_0020_7001,hit_first_temporal_robustness,loto7-hit-first-2026.07.22-v1,17.88625,12.56916,11.4535,12.41976,66.811864,2.112082,6.405,3,0,14.486172,3.851965,17.351,-851700,0.068233,18.082527
2026-08-02T16:35:25.186445+00:00,1,g001_0001_6693,hit_first_temporal_robustness,loto7-hit-first-2026.07.22-v1,12.9721,10.254755,9.88305,10.23257,37.752186,1.762737,4.221,6,0,10.026201,5.645269,27.21,-750100,0.155849,12.983926
2026-08-02T16:38:38.720452+00:00,2,g002_0002_5586,hit_first_temporal_robustness,loto7-hit-first-2026.07.22-v1,15.365379,11.5939,10.755825,11.34181,50.281661,1.949054,5.677,5,0,11.816594,4.810189,21.155,-812500,0.08211,15.365379
2026-08-02T17:46:29.530214+00:00,3,g003_0003_5603,hit_first_temporal_robustness,loto7-hit-first-2026.07.22-v1,13.111223,10.41484,10.08722,10.39356,37.666306,1.77147,4.658,5,1,10.037846,5.662154,103.358,34600,0.764623,15.365379
2026-08-02T18:00:29.872061+00:00,4,g004_0004_5671,hit_first_temporal_robustness,loto7-hit-first-2026.07.22-v1,12.657701,9.98544,9.59303,9.8397,37.196869,1.749636,3.639,5,0,9.967977,5.69214,27.035,-751900,0.125269,15.365379
2026-08-02T18:32:47.562160+00:00,5,g005_0005_5171,hit_first_temporal_robustness,loto7-hit-first-2026.07.22-v1,12.864895,10.225615,9.76745,10.028995,37.220892,1.774381,3.93,6,0,9.972344,5.690975,28.093,-741000,0.120553,15.365379
2026-08-02T19:18:20.753641+00:00,6,g006_0063_9154,hit_first_temporal_robustness,loto7-hit-first-2026.07.22-v1,18.397918,13.180505,12.470945,13.076625,66.046944,2.144105,7.424,8,0,14.262009,3.849345,22.504,-798600,0.063389,18.397918
2026-08-02T20:07:20.467914+00:00,7,g007_0007_6384,hit_first_temporal_robustness,loto7-hit-first-2026.07.22-v1,12.88394,10.167395,9.73838,10.13125,37.719435,1.762737,3.93,6,0,10.048035,5.659825,29.985,-721500,0.166667,18.397918
2026-08-02T20:13:03.560866+00:00,8,g008_0082_5453,hit_first_temporal_robustness,loto7-hit-first-2026.07.22-v1,13.04725,10.291125,9.88373,10.014543,38.51019,1.784571,3.93,6,1,10.151383,5.60262,104.891,50400,0.769729,18.397918
2026-08-02T20:14:08.461520+00:00,9,g009_0009_2010,hit_first_temporal_robustness,loto7-hit-first-2026.07.22-v1,15.267867,11.521125,11.104665,11.282483,49.608081,1.946143,5.677,3,0,11.615721,4.806259,17.982,-845200,0.076093,18.397918
2026-08-02T20:28:38.130610+00:00,10,g010_0102_1699,hit_first_temporal_robustness,loto7-hit-first-2026.07.22-v1,12.6041,9.839895,9.244195,9.738295,38.080424,1.746725,3.348,3,1,10.093159,5.632751,87.113,-132800,0.820096,18.397918
2026-08-02T20:34:20.324204+00:00,11,g011_0114_2959,hit_first_temporal_robustness,loto7-hit-first-2026.07.22-v1,18.03955,12.81658,11.860475,12.91395,65.694323,2.123726,6.841,5,0,14.200873,3.867831,19.874,-825700,0.08252,18.397918
2026-08-02T21:22:45.505204+00:00,12,g012_0012_5967,hit_first_temporal_robustness,loto7-hit-first-2026.07.22-v1,12.571034,9.905365,9.30233,9.86996,37.086969,1.745269,3.493,4,1,9.957787,5.702038,88.074,-122900,0.804319,18.397918
2026-08-02T22:05:18.631059+00:00,13,g013_0013_7400,hit_first_temporal_robustness,loto7-hit-first-2026.07.22-v1,17.984638,12.729255,12.267455,12.638623,65.761284,2.100437,6.841,6,0,14.225619,3.870451,19.641,-828100,0.069664,18.397918
2026-08-02T22:10:47.309132+00:00,14,g014_0014_5980,hit_first_temporal_robustness,loto7-hit-first-2026.07.22-v1,12.849535,10.152835,9.85466,10.0148,37.524016,1.759825,3.93,6,0,10.034934,5.679767,28.899,-732700,0.172935,18.397918
2026-08-02T22:19:40.773976+00:00,15,g015_0015_6772,hit_first_temporal_robustness,loto7-hit-first-2026.07.22-v1,15.263217,11.397385,10.901175,11.399188,50.450509,1.935953,5.24,5,0,11.883552,4.818923,22.669,-796900,0.112586,18.397918
2026-08-02T22:33:49.143699+00:00,16,g016_0163_5419,hit_first_temporal_robustness,loto7-hit-first-2026.07.22-v1,17.995805,12.736545,11.860475,12.582025,66.215426,2.122271,6.405,7,0,14.352256,3.868996,21.097,-813100,0.065777,18.397918
2026-08-02T22:37:04.657255+00:00,17,g017_0172_4227,hit_first_temporal_robustness,loto7-hit-first-2026.07.22-v1,12.596369,9.949045,9.3314,9.94306,36.923579,1.745269,3.639,4,1,9.912664,5.702766,88.316,-120400,0.80211,18.397918
2026-08-02T22:46:05.975020+00:00,18,g018_0181_9593,hit_first_temporal_robustness,loto7-hit-first-2026.07.22-v1,13.104167,10.40757,10.02908,10.334655,37.763831,1.772926,4.367,8,0,10.045124,5.652547,29.956,-721800,0.139618,18.397918
2026-08-02T22:47:58.428736+00:00,19,g019_0019_1132,hit_first_temporal_robustness,loto7-hit-first-2026.07.22-v1,12.631399,9.963605,9.476755,9.956405,37.039668,1.739447,3.93,3,0,9.911208,5.686608,20.67,-817500,0.180751,18.397918
2026-08-02T22:49:50.692468+00:00,20,g020_0020_9154,hit_first_temporal_robustness,loto7-hit-first-2026.07.22-v1,17.938237,12.809305,12.034895,12.812785,64.713972,2.122271,6.841,5,0,13.90393,3.859971,19.787,-826600,0.069152,18.397918
2026-08-02T23:32:20.426604+00:00,1,g001_0001_2788,hit_first_temporal_robustness,loto7-hit-first-2026.07.22-v1,12.979192,10.422125,9.6221,10.438185,36.61354,1.767103,4.803,5,0,9.842795,5.711499,26.046,-762100,0.129285,12.983926
2026-08-02T23:34:21.157540+00:00,2,g002_0024_1956,hit_first_temporal_robustness,loto7-hit-first-2026.07.22-v1,15.490447,11.673965,11.075595,11.631647,50.368265,1.959243,5.677,6,0,11.775837,4.779622,21.853,-805300,0.116785,15.490447
2026-08-02T23:36:21.628323+00:00,3,g003_0003_8481,hit_first_temporal_robustness,loto7-hit-first-2026.07.22-v1,15.074908,11.280935,10.319775,11.152178,50.144101,1.935953,4.949,4,0,11.737991,4.791849,20.233,-822000,0.126139,15.490447
2026-08-02T23:45:54.251731+00:00,4,g004_0004_4332,hit_first_temporal_robustness,loto7-hit-first-2026.07.22-v1,15.47643,11.790375,11.169605,11.5843,49.394835,1.950509,6.114,7,0,11.669578,4.859825,23.29,-790500,0.109583,15.490447
2026-08-02T23:55:26.779262+00:00,5,g005_0005_5194,hit_first_temporal_robustness,loto7-hit-first-2026.07.22-v1,15.361098,11.433785,10.959315,11.28206,51.268558,1.937409,5.24,6,0,11.9869,4.758079,22.717,-796400,0.112345,15.490447
2026-08-02T23:58:55.989279+00:00,6,g006_0006_9831,hit_first_temporal_robustness,loto7-hit-first-2026.07.22-v1,12.76743,10.18923,9.79652,10.088325,36.406481,1.764192,4.076,5,0,9.828239,5.732314,27.288,-749300,0.136913,15.490447
2026-08-03T01:41:47.023030+00:00,7,g007_0007_8665,hit_first_temporal_robustness,loto7-hit-first-2026.07.22-v1,17.554311,12.459975,11.42443,12.30256,64.420666,2.107715,5.822,6,0,14.050946,3.967686,20.408,-820200,0.078459,17.554311
2026-08-03T06:11:30.069715+00:00,8,g008_0083_6772,hit_first_temporal_robustness,loto7-hit-first-2026.07.22-v1,15.407634,11.63755,11.308155,11.5011,49.765646,1.949054,5.822,5,0,11.749636,4.847744,23.872,-784500,0.106911,17.554311
2026-08-03T08:06:39.798002+00:00,9,g009_0009_2391,hit_first_temporal_robustness,loto7-hit-first-2026.07.22-v1,15.322726,11.52112,11.017455,11.296848,50.20924,1.954876,5.24,6,0,11.826783,4.8246,22.581,-797800,0.113021,17.554311
2026-08-03T08:21:39.966480+00:00,10,g010_0102_1987,hit_first_temporal_robustness,loto7-hit-first-2026.07.22-v1,12.839552,10.25473,9.65117,10.26164,36.577507,1.756914,4.512,4,0,9.873362,5.730568,21.184,-812200,0.120476,17.554311
2026-08-03T08:31:11.090874+00:00,11,g011_0011_2622,hit_first_temporal_robustness,loto7-hit-first-2026.07.22-v1,15.435246,11.732185,10.988385,11.340792,49.82751,1.953421,5.968,6,0,11.746725,4.838137,23.367,-789700,0.109219,17.554311
2026-08-03T13:02:35.475096+00:00,12,g012_0012_6921,hit_first_temporal_robustness,loto7-hit-first-2026.07.22-v1,13.017983,10.465795,9.9128,10.408435,36.498906,1.775837,4.803,5,0,9.877729,5.743086,24.377,-779300,0.138137,17.554311
2026-08-03T13:25:50.748854+00:00,13,g013_0013_2334,hit_first_temporal_robustness,loto7-hit-first-2026.07.22-v1,15.379589,11.615735,10.755825,11.399867,50.201241,1.953421,5.677,5,0,11.828239,4.826346,24.454,-778500,0.130159,17.554311
2026-08-03T14:00:42.286816+00:00,14,g014_0014_3899,hit_first_temporal_robustness,loto7-hit-first-2026.07.22-v1,12.883132,10.15285,9.76609,10.11629,37.808949,1.74818,4.221,5,0,10.065502,5.656041,26.026,-762300,0.160701,17.554311
2026-08-03T14:06:39.534581+00:00,15,g015_0015_1221,hit_first_temporal_robustness,loto7-hit-first-2026.07.22-v1,12.808661,10.2038,9.82559,10.117395,36.65866,1.75837,4.221,5,0,9.88064,5.723144,23.814,-785100,0.141402,17.554311
2026-08-03T14:12:36.140930+00:00,16,g016_0016_5955,hit_first_temporal_robustness,loto7-hit-first-2026.07.22-v1,15.206503,11.360985,10.467845,11.395347,50.489446,1.937409,5.095,5,0,11.841339,4.794032,21.524,-808700,0.118575,17.554311
2026-08-03T14:14:38.063165+00:00,17,g017_0017_5920,hit_first_temporal_robustness,loto7-hit-first-2026.07.22-v1,15.290836,11.550205,10.872105,11.383788,49.698693,1.937409,5.822,4,0,11.676856,4.822707,22.669,-796900,0.104452,17.554311
2026-08-03T15:27:58.128291+00:00,18,g018_0184_9892,hit_first_temporal_robustness,loto7-hit-first-2026.07.22-v1,13.069755,10.32751,9.9128,10.305243,38.108445,1.77147,4.512,4,0,10.120815,5.641921,26.036,-762200,0.160641,17.554311
2026-08-03T17:50:59.420714+00:00,19,g019_0019_3200,hit_first_temporal_robustness,loto7-hit-first-2026.07.22-v1,15.348612,11.3974,10.436055,11.123193,52.00764,1.947598,4.949,6,0,12.10917,4.716594,20.786,-816300,0.074697,17.554311
2026-08-03T18:41:16.822318+00:00,20,g020_0020_8482,hit_first_temporal_robustness,loto7-hit-first-2026.07.22-v1,17.780752,12.68559,11.68606,12.302715,64.896287,2.112082,6.696,4,0,14.148472,3.949782,20.097,-823400,0.081603,17.780752
2026-08-03T22:11:40.708128+00:00,1,g001_0013_3665,hit_first_temporal_robustness,loto7-hit-first-2026.07.22-v1,12.879179,10.291145,9.65117,10.23206,36.754371,1.770015,4.221,6,0,9.917031,5.727365,26.919,-753100,0.125811,12.983926
2026-08-03T22:55:13.727615+00:00,2,g002_0023_5592,hit_first_temporal_robustness,loto7-hit-first-2026.07.22-v1,15.159129,11.40464,10.813965,11.179887,49.691776,1.934498,5.386,4,0,11.695779,4.83246,21.766,-806200,0.146233,15.159129
2026-08-03T23:45:56.521898+00:00,3,g003_0003_3161,hit_first_temporal_robustness,loto7-hit-first-2026.07.22-v1,15.524788,11.695785,11.19884,11.555232,50.552039,1.957787,5.677,7,0,11.901019,4.813537,23.328,-790100,0.109401,15.524788
2026-08-04T00:01:01.297151+00:00,4,g004_0004_2245,hit_first_temporal_robustness,loto7-hit-first-2026.07.22-v1,12.603712,9.963605,9.360475,9.679475,37.188139,1.739447,3.93,3,0,9.937409,5.679039,23.862,-784600,0.175275,15.524788
2026-08-04T00:10:37.161056+00:00,5,g005_0005_3485,hit_first_temporal_robustness,loto7-hit-first-2026.07.22-v1,15.319359,11.652115,10.964925,11.540698,49.008003,1.943231,5.822,6,1,11.609898,4.883552,98.612,-14300,0.792757,15.524788
2026-08-04T00:14:06.904555+00:00,6,g006_0006_5672,hit_first_temporal_robustness,loto7-hit-first-2026.07.22-v1,12.66171,10.138285,9.65117,10.01565,35.909389,1.745269,4.512,2,0,9.755459,5.764629,22.824,-795300,0.11182,15.524788
2026-08-04T00:19:59.928519+00:00,7,g007_0007_9527,hit_first_temporal_robustness,loto7-hit-first-2026.07.22-v1,15.161424,11.586615,11.04652,11.311298,48.09716,1.950509,5.531,6,0,11.445415,4.928239,24.949,-773400,0.134967,15.524788
2026-08-04T02:43:09.857353+00:00,8,g008_0008_2583,hit_first_temporal_robustness,loto7-hit-first-2026.07.22-v1,15.423146,11.499285,10.988385,11.224512,51.476345,1.950509,5.24,6,0,12.05968,4.764338,21.533,-808600,0.117621,15.524788
2026-08-04T04:14:57.249057+00:00,9,g009_0009_7772,hit_first_temporal_robustness,loto7-hit-first-2026.07.22-v1,12.999567,10.356635,9.418615,10.334485,37.562956,1.774381,4.221,7,1,9.997089,5.656914,105.23,53900,0.759129,15.524788
2026-08-04T04:49:29.356733+00:00,10,g010_0010_9195,hit_first_temporal_robustness,loto7-hit-first-2026.07.22-v1,12.971984,10.38575,9.6221,10.407755,36.832608,1.77147,4.512,6,0,9.909753,5.713537,28.675,-735000,0.174281,15.524788
2026-08-04T05:24:00.111922+00:00,11,g011_0112_1568,hit_first_temporal_robustness,loto7-hit-first-2026.07.22-v1,12.985261,10.349335,9.738385,10.408265,37.126638,1.761281,4.658,5,0,9.947598,5.691994,24.105,-782100,0.139694,15.524788
2026-08-04T06:35:57.029620+00:00,12,g012_0012_6890,hit_first_temporal_robustness,loto7-hit-first-2026.07.22-v1,12.987005,10.334815,9.79533,10.14536,37.515645,1.775837,4.221,6,1,10.007278,5.667977,106.152,63400,0.760581,15.524788
2026-08-04T07:14:25.783617+00:00,13,g013_0013_6379,hit_first_temporal_robustness,loto7-hit-first-2026.07.22-v1,15.318852,11.5939,10.523265,11.76263,49.497453,1.949054,5.677,5,0,11.717613,4.868559,23.532,-788000,0.108454,15.524788
2026-08-04T07:25:39.063742+00:00,14,g014_0014_6640,hit_first_temporal_robustness,loto7-hit-first-2026.07.22-v1,12.573698,9.956325,9.186055,9.75368,36.989442,1.737991,3.93,3,0,9.928675,5.701456,21.912,-804700,0.143047,15.524788
2026-08-04T07:30:05.511485+00:00,15,g015_0151_2988,hit_first_temporal_robustness,loto7-hit-first-2026.07.22-v1,15.333732,11.630285,10.901175,11.587107,49.299854,1.938865,5.968,5,0,11.647744,4.8623,23.755,-785700,0.142565,15.524788
2026-08-04T07:47:31.020938+00:00,16,g016_0016_8360,hit_first_temporal_robustness,loto7-hit-first-2026.07.22-v1,13.034168,10.342095,9.941875,10.232653,37.714336,1.777293,4.221,6,1,10.037846,5.65575,105.852,60300,0.762743,15.524788
2026-08-04T07:50:03.952085+00:00,17,g017_0171_2562,hit_first_temporal_robustness,loto7-hit-first-2026.07.22-v1,12.688445,10.10191,9.36047,9.943315,36.750724,1.749636,4.221,3,0,9.866084,5.704076,19.961,-824800,0.157025,15.524788
2026-08-04T09:36:40.764182+00:00,18,g018_0018_6783,hit_first_temporal_robustness,loto7-hit-first-2026.07.22-v1,17.526663,12.34352,11.39536,12.624085,64.5968,2.09607,5.531,7,0,14.084425,3.959825,20.32,-821100,0.108883,17.526663
2026-08-04T11:29:52.875376+00:00,19,g019_0019_4173,hit_first_temporal_robustness,loto7-hit-first-2026.07.22-v1,13.032311,10.407585,9.680245,10.451105,37.184494,1.775837,4.512,6,0,9.973799,5.696507,25.842,-764200,0.130304,17.526663
2026-08-04T12:20:13.783546+00:00,20,g020_0020_9265,hit_first_temporal_robustness,loto7-hit-first-2026.07.22-v1,17.809311,12.6492,12.163755,12.281975,65.079332,2.125182,6.259,5,0,14.180495,3.94032,20.378,-820500,0.067143,17.809311
2026-08-04T13:24:17.191728+00:00,1,g001_0001_4232,hit_first_temporal_robustness,loto7-hit-first-2026.07.22-v1,12.970681,10.312975,9.563965,10.406817,37.376636,1.759825,4.221,8,1,9.973799,5.670888,107.026,72400,0.754375,12.983926
2026-08-04T13:27:44.378619+00:00,2,g002_0022_5550,hit_first_temporal_robustness,loto7-hit-first-2026.07.22-v1,12.783388,10.1019,9.418615,10.116288,37.446138,1.743814,4.221,4,0,9.983988,5.666376,21.611,-807800,0.155815,12.983926
2026-08-04T13:28:50.754674+00:00,3,g003_0003_4669,hit_first_temporal_robustness,loto7-hit-first-2026.07.22-v1,17.565404,12.59097,11.48257,12.696845,63.094982,2.09607,6.55,5,0,13.497817,3.886317,19.515,-829400,0.084038,17.565404
2026-08-04T13:38:17.485224+00:00,4,g004_0004_4691,hit_first_temporal_robustness,loto7-hit-first-2026.07.22-v1,18.066916,12.8166,11.4535,12.8722,66.343522,2.112082,7.132,4,0,14.359534,3.855313,18.205,-842900,0.065032,18.066916
2026-08-04T13:38:53.913709+00:00,5,g005_0005_4239,hit_first_temporal_robustness,loto7-hit-first-2026.07.22-v1,17.169079,12.409025,11.81288,12.325582,60.58661,2.077147,6.259,5,0,12.815138,3.902183,18.913,-835600,0.072345,18.066916
2026-08-04T13:48:19.126741+00:00,6,g006_0064_6866,hit_first_temporal_robustness,loto7-hit-first-2026.07.22-v1,18.123758,12.816585,12.122105,12.813805,66.447233,2.135371,6.841,3,0,14.381368,3.851674,18.001,-845000,0.065768,18.123758
2026-08-04T14:38:35.827395+00:00,7,g007_0007_7807,hit_first_temporal_robustness,loto7-hit-first-2026.07.22-v1,12.900446,10.29842,10.00001,10.043615,36.863178,1.77147,4.221,6,0,9.909753,5.709461,28.355,-738300,0.147502,18.123758
2026-08-04T15:13:08.552442+00:00,8,g008_0008_4158,hit_first_temporal_robustness,loto7-hit-first-2026.07.22-v1,15.364115,11.601185,10.755825,11.38491,50.166304,1.944687,5.677,6,0,11.740902,4.790247,19.602,-828500,0.069802,18.123758
2026-08-04T16:57:11.270313+00:00,9,g009_0092_6943,hit_first_temporal_robustness,loto7-hit-first-2026.07.22-v1,12.911088,10.232895,10.02908,10.10184,37.335148,1.752547,4.367,5,1,9.991266,5.684571,179.787,822200,0.865062,18.123758
2026-08-04T19:30:57.887785+00:00,10,g010_0010_4738,hit_first_temporal_robustness,loto7-hit-first-2026.07.22-v1,12.9334,10.218345,9.76609,10.218035,37.731074,1.770015,3.93,6,1,10.058224,5.663028,105.279,54400,0.766891,18.123758
2026-08-04T20:13:39.684892+00:00,11,g011_0011_7322,hit_first_temporal_robustness,loto7-hit-first-2026.07.22-v1,15.161517,11.484715,10.843035,11.31283,48.972339,1.930131,5.822,3,0,11.547307,4.859098,20.689,-817300,0.114447,18.123758
2026-08-04T20:37:12.820570+00:00,12,g012_0012_3301,hit_first_temporal_robustness,loto7-hit-first-2026.07.22-v1,15.421695,11.76855,11.081885,11.468023,49.209969,1.96361,5.822,7,0,11.622999,4.862737,23.076,-792700,0.110597,18.123758
2026-08-04T20:40:46.282911+00:00,13,g013_0013_7540,hit_first_temporal_robustness,loto7-hit-first-2026.07.22-v1,17.848211,12.66375,12.005825,12.404885,65.345337,2.110626,6.55,5,0,14.090247,3.862737,19.554,-829000,0.063524,18.123758
2026-08-04T20:44:18.243393+00:00,14,g014_0014_5223,hit_first_temporal_robustness,loto7-hit-first-2026.07.22-v1,12.572474,9.9709,9.215125,10.043615,36.504001,1.73508,3.785,5,1,9.822416,5.716594,88.685,-116600,0.798774,18.123758
2026-08-04T23:08:48.687634+00:00,15,g015_0015_7534,hit_first_temporal_robustness,loto7-hit-first-2026.07.22-v1,12.77858,10.138285,9.68024,10.145955,36.898469,1.759825,3.785,7,0,9.912664,5.706114,29.918,-722200,0.167045,18.123758
2026-08-05T00:14:05.735144+00:00,16,g016_0016_4240,hit_first_temporal_robustness,loto7-hit-first-2026.07.22-v1,15.51077,11.644855,11.315805,11.497107,50.744544,1.953421,5.677,6,0,11.917031,4.795342,19.864,-825800,0.078163,18.123758
2026-08-05T01:57:33.231355+00:00,17,g017_0174_4896,hit_first_temporal_robustness,loto7-hit-first-2026.07.22-v1,17.70005,12.496365,12.15118,12.536125,64.761647,2.091703,6.405,4,0,14.071325,3.931732,18.273,-842200,0.074881,18.123758
2026-08-05T02:33:38.693054+00:00,18,g018_0018_7657,hit_first_temporal_robustness,loto7-hit-first-2026.07.22-v1,18.192503,12.998545,12.28072,12.68894,65.883915,2.128093,7.278,6,0,14.245997,3.86361,20.417,-820100,0.080323,18.192503
2026-08-05T02:50:25.677286+00:00,19,g019_0019_8012,hit_first_temporal_robustness,loto7-hit-first-2026.07.22-v1,18.091176,12.853005,11.889545,12.782967,66.089525,2.107715,7.132,6,0,14.336245,3.878311,19.971,-824700,0.059281,18.192503
2026-08-05T02:51:51.958231+00:00,20,g020_0020_6067,hit_first_temporal_robustness,loto7-hit-first-2026.07.22-v1,15.569387,11.797665,11.04652,11.851105,50.051676,1.946143,6.114,8,0,11.767103,4.817758,23.319,-790200,0.10154,18.192503
2026-08-05T06:28:31.457186+00:00,1,g001_0001_5818,hit_first_temporal_robustness,loto7-hit-first-2026.07.22-v1,12.800094,10.131015,9.73685,10.02908,37.259462,1.752547,3.785,8,0,9.992722,5.695342,28.937,-732300,0.172703,12.983926
2026-08-05T08:42:53.105063+00:00,2,g002_0023_4030,hit_first_temporal_robustness,loto7-hit-first-2026.07.22-v1,12.88225,10.25474,9.68024,10.00001,37.295121,1.756914,4.221,7,0,9.959243,5.674964,26.046,-762100,0.160581,12.983926
2026-08-05T10:09:20.256581+00:00,3,g003_0003_2672,hit_first_temporal_robustness,loto7-hit-first-2026.07.22-v1,12.734878,10.174695,9.50582,9.855173,36.695051,1.746725,4.221,6,0,9.874818,5.715575,25.492,-767800,0.13209,12.983926
2026-08-05T11:17:36.983456+00:00,4,g004_0004_6876,hit_first_temporal_robustness,loto7-hit-first-2026.07.22-v1,12.77984,10.131015,9.27326,10.1457,37.287848,1.755459,3.785,7,1,9.970888,5.681368,96.303,-38100,0.741838,12.983926
2026-08-05T12:43:40.981551+00:00,5,g005_0051_8200,hit_first_temporal_robustness,loto7-hit-first-2026.07.22-v1,15.613631,11.652115,11.075595,11.60326,51.787117,1.943231,5.968,5,0,12.082969,4.73377,21.31,-810900,0.111111,15.613631
2026-08-05T13:05:08.395488+00:00,6,g006_0006_9724,hit_first_temporal_robustness,loto7-hit-first-2026.07.22-v1,12.880045,10.262015,9.56396,10.2766,36.983262,1.761281,4.076,8,0,9.931587,5.703639,31.266,-708300,0.133768,15.613631
2026-08-05T13:36:57.264145+00:00,7,g007_0007_2494,hit_first_temporal_robustness,loto7-hit-first-2026.07.22-v1,18.147465,12.85297,12.354635,12.41969,66.716522,2.131004,6.841,5,0,14.474527,3.859243,18.845,-836300,0.065911,18.147465
