{
  "baseline_genome": {
    "best_rank_count": 0,
    "consecutive_penalty": 0.12271174817945016,
    "dormancy_weight": 0.07077473274754276,
    "full_weight": 0.25146912521891274,
    "generation": 58,
    "id": "g058_0058_1225",
    "low_high_bonus": 0.27337759273309875,
    "max_consecutive_pairs": 2,
    "max_main_match": 0,
    "odd_bonus": 0.36047307316438826,
    "overlap_limit": 4,
    "pair_recency_weight": 0.13045034036301761,
    "pair_stability_weight": 0.11991774524256904,
    "pair_weight": 0.07978128883055263,
    "pool_size": 17,
    "recent120_weight": 0.3195784731973337,
    "recent240_weight": 0.35187909182691646,
    "recent60_weight": 0.07707330975683721,
    "score": 0.0,
    "sum_bonus": 0.5575418968871495,
    "target_sum_max": 167,
    "target_sum_min": 108,
    "triple_weight": 0.0
  },
  "baseline_metrics": {
    "evolution_score": 0.0,
    "genome_id": "g058_0058_1225",
    "grade_hit_count": 145,
    "high_grade_hit_count": 8,
    "max_bonus_match": 2,
    "max_main_match": 6,
    "missing_prize_draw_count": 0,
    "missing_prize_draws": [],
    "path": "loto7_best_model.json",
    "profit": -340900,
    "purchase_count": 5,
    "rank_counts": {
      "1等": 0,
      "2等": 0,
      "3等": 1,
      "4等": 7,
      "5等": 52,
      "6等": 85,
      "外れ": 2965
    },
    "roi": 0.63462,
    "roi_percent": 63.462,
    "target_draws": 622,
    "total_cost": 933000,
    "total_payout": 592100,
    "total_tickets": 3110,
    "unit_cost": 300
  },
  "best_genome": {
    "best_rank_count": 0,
    "consecutive_penalty": 0.12271174817945016,
    "dormancy_weight": 0.07077473274754276,
    "full_weight": 0.25146912521891274,
    "generation": 58,
    "id": "g058_0058_1225",
    "low_high_bonus": 0.27337759273309875,
    "max_consecutive_pairs": 2,
    "max_main_match": 0,
    "odd_bonus": 0.36047307316438826,
    "overlap_limit": 4,
    "pair_recency_weight": 0.13045034036301761,
    "pair_stability_weight": 0.11991774524256904,
    "pair_weight": 0.07978128883055263,
    "pool_size": 17,
    "recent120_weight": 0.3195784731973337,
    "recent240_weight": 0.35187909182691646,
    "recent60_weight": 0.07707330975683721,
    "score": 0.0,
    "sum_bonus": 0.5575418968871495,
    "target_sum_max": 167,
    "target_sum_min": 108,
    "triple_weight": 0.0
  },
  "best_metrics": {
    "evolution_score": 0.0,
    "genome_id": "g058_0058_1225",
    "grade_hit_count": 145,
    "high_grade_hit_count": 8,
    "max_bonus_match": 2,
    "max_main_match": 6,
    "missing_prize_draw_count": 0,
    "missing_prize_draws": [],
    "path": "loto7_best_model.json",
    "profit": -340900,
    "purchase_count": 5,
    "rank_counts": {
      "1等": 0,
      "2等": 0,
      "3等": 1,
      "4等": 7,
      "5等": 52,
      "6等": 85,
      "外れ": 2965
    },
    "roi": 0.63462,
    "roi_percent": 63.462,
    "target_draws": 622,
    "total_cost": 933000,
    "total_payout": 592100,
    "total_tickets": 3110,
    "unit_cost": 300
  },
  "csv": "loto7.csv",
  "iterations_evaluated": 43,
  "iterations_requested": 500,
  "last_iteration": 43,
  "parent_pool": [
    {
      "best_rank_count": 0,
      "consecutive_penalty": 0.12271174817945016,
      "dormancy_weight": 0.07077473274754276,
      "full_weight": 0.25146912521891274,
      "generation": 58,
      "id": "g058_0058_1225",
      "low_high_bonus": 0.27337759273309875,
      "max_consecutive_pairs": 2,
      "max_main_match": 0,
      "odd_bonus": 0.36047307316438826,
      "overlap_limit": 4,
      "pair_recency_weight": 0.13045034036301761,
      "pair_stability_weight": 0.11991774524256904,
      "pair_weight": 0.07978128883055263,
      "pool_size": 17,
      "recent120_weight": 0.3195784731973337,
      "recent240_weight": 0.35187909182691646,
      "recent60_weight": 0.07707330975683721,
      "score": 0.0,
      "sum_bonus": 0.5575418968871495,
      "target_sum_max": 167,
      "target_sum_min": 108,
      "triple_weight": 0.0
    }
  ],
  "purchase_count": 5,
  "rng_state": "gASViA4AAAAAAABLAyhKyBsqc0q8xLVFigUkBLnUAIoFP9/W4gCKBegaeNQASsf5SWpKN+CUTkqp/OxkSvNCIzpKoLUdK4oFT5ka8QBKYMjiCooFsjfcsgCKBQ/TncgASgHo1xeKBTDsfKEASs5BGylKFY9adUpiHnkrSnflYxVKMdojGooF7ar79gBKhptnV4oFNEv12ABKSkYFVYoFfP2kygBKxCueQooFHGVNlACKBd2Wr8AASqyxvC1KNpFJX4oFbmQ1nQBKqLhzKUrYa8ozigVfmkm+AEpqL9lmSnUPki9K40j3Q0ruKhliSqxf9TFKtqPgJYoFTAuB0wBKBZ8dMUpJhOY/Sp+sIRZK1UPVFUqCqTNKigXVsjCQAIoFWoo00gBK3a2yYooFxmuBqgCKBW+CeZAAigWqwOHYAEofDWUOigVzvae8AIoF+D3tqQCKBRmqEb4ASnSktFxKDUJLE0qVf9UoSrrAf1JKd7zBIUpTLLhYShpsb3KKBdM0y9AAStHTXRCKBaCzBYAASkA7biJKg9BqHkrixMMEShdhaRtKQgvtV0qTcHRLSiIHjBqKBVC1vtYASr69HzhKafjZPYoFEQl59gCKBTEqKsoAigWLc2vCAEp4mBJUSpCRI2eKBZMwOroASgUWWmmKBbE55JsAigXucITZAIoFfP2R9gCKBUWsGfQAigWDdei8AIoFP89bxABK5EirIUoYxfdeSgDNIgGKBfoJA8AAigUxC1/RAIoF97GDngCKBTiAw5QAigVa3o/7AIoF5fZulQCKBURVaYQAigWvnn6FAIoF2OLsxgBKhF9bAEomSUwOigXUok6+AEqJnBtrSucpolSKBemVaMoAigWTQea1AEoL09IAigUDVSv9AEpjWVxxigUcRQG1AIoFHo/RgwCKBfaw24sAigVgY1ewAEp8BEgoigWBZlboAEolr/g8SssnnXuKBYvoM4IAigUiH5OQAEpGUbsTigUAkwCAAEoqwQFlSvVYYQyKBeOO2JMASrvqZTFK/dcoKUpJdg4cigWhWcjiAIoFSh6t2wBKnahJIkqM/2FzigXPeYO+AIoFZFbawgBKo6OeRkpHM+V6SmbO4UtKv5kyQooF8+WKgQCKBWP7EfIASigKAnJKZVewakrfDV93SuLQamtK+pclW4oFkdXj0wCKBR/OxLMASrhfjGeKBeFxWvcAigUhu2nQAEqQx41FigX4K2mLAErd8k8/SiugfxJKDPHLSkrH2a1gSuiM1VZKjfwoG0q/ua9ESt9G9V6KBQiNYekASsqe00iKBW5fg6oAigXkYi/xAIoFRaO9iQBKOon/WEqPJHhPigXKh+zjAIoFf0DmkgCKBZtAP9YASmByRRyKBRI0ArcASmURCz+KBVoGRvgAigXD40yeAEogQ8l4Skg1VluKBayYSM0ASrwrN2aKBQe0u7cAigW1Hga8AEpHh01LigUTOYPlAEqrDR0xStLtrXVKAzHrdkp3voF/SkW84glKGerkKYoFt5Ox7QBK9e1UZkqiVwR5SnWXeABKRMmoaooFBvRywwCKBYN/X/UAigXv3USyAEqEnx8GSvZUXilK3QQSOEoYZ853igXCH5mFAIoFTCqF5gBKgHy1JYoFYJXv9QBKadGLVYoFAwG0xwBKb/TOAkqpcmRAigXrcWbrAErnZ1MSigVLaRKJAEr6rqoySiBiwhlK8HjgMIoF+y0GzgCKBdjPFoYAigXrOEjpAErOZC0nigW9+OWHAIoFQOSF/ACKBSuHoJgAigV6ZuemAErHryQUigUOwSTxAIoFHYzctQCKBaqHMdAAigWaSXG2AIoFtjSuygBKFFj+SIoF/4G0pQCKBRd8OZsAigWcfiqSAEpUF0sbigVYDWu/AIoFbzA39ACKBYJS35AAStqJbySKBUrXH/QAigXA7MTxAEoLZhJoigVXu5iWAEoqKHt5igVir8jdAIoFQ3coswBKjUdCdooFf/g7oABK8fNGY4oFd0295QBKNbN0D0rWN0oSigUtQAyMAIoFE9w08wBKnXkwREoRTgEDShztpExK3ZUWF0qbmkZjigW9s0KNAEqnvJowSmsqbGRKmltKYYoFMzL50wBKoKXxeErzA7tuigVBw8ibAErNF+MIigWcGzrXAEoSMfdySg212z9KZWkYHUo7YgwQigUyGFK1AEqpUoBHigVCCKyXAIoFOMeg3wBK/TI7C0rQs1NJSuUwbwtK3wV5EooF6xd1yABK3P7QJErFKSRaSudQ/CWKBR3PKdoAStFOQl5KnxO2GUpDiTMpStu/q0uKBXu9joYAigWW8sLlAIoFqcXq3wBKCt1wVUq+91BiSk9SYH2KBU9DWs4AigUh/2KLAIoFOTajmwBKwGsZR0q2DXUxSkoVZClK1lY2a4oFIM3+jABK5QWZUUpJjS1WSvS7rgiKBd6bOrYAStu13WJKeeNLGkpiy4w3igV9nlD4AEohsN1ZigXNZxDTAEpTDPR1igVf3Z/2AEp+UdN8igX/scmHAEr3swsNShUGnQaKBXjuL/YASstQXz1K1M6QeYoF8/faowBKDQLJeooFu6J63QCKBRvE6N0AigUG6JW4AEoTOwN0Sij2FT2KBSjl0aUAStTlXlWKBUZtsdgASuXP02qKBZgCrNIAigXDJ1yTAEr4dfN2SoeX1WeKBdm7gbIAigX/g+yqAEowyXgzSvQ+OVtKHIZHMooFhAAalgCKBc2lnY4AigUefOmvAIoFBJIJuQCKBWv3TaAAigWqIRXzAIoFQGW18ABKAFhgeooFHO1/pACKBTdFSogAigXAhWOEAIoFdE4VyQBKYbbZHkpxTNMJStQ5q2yKBYn299cASpJR+yeKBdI2yPsAigXPxdC+AIoFi3IG2wBKWnVlLkrp41xUSgXS53qKBUk1I/cAigVvsszvAEqYppxfigU3RiHYAEpXiFIdigWzF0LoAIoFJpIZtABKwmjWQIoFHubzogBKGrMDXEoEYc8PSswsNDZKpr/MN0qNR/kqShCL2TmKBakCKMUAigVIlNr1AIoFBA9Q/QCKBQQiccYASuEabUiKBXvpdOIAigUIYge+AIoFbzZf0wBKEcQbdIoFcVTEngCKBRHSktwAigXRVJ6XAIoFFpg2ngCKBZzsk+AASopThHxKzHw0ZkpZFfQaigUUwNLTAIoFMxd5sABKM7DIdEowOQcKSqsUiHyKBc1B3tMAigUue4LAAEoimDozigX7/+TuAIoFWos6kgBKxXt4WUpSMqhsSsPKajZKByFpSYoFVxz2lQCKBfOE254AigWv7J/nAIoFoB9ingCKBUXYeeoAigUn8YD7AEqhOcl8SnraA1mKBRle2ssAigUYHgDnAEqsoEcuStrIyXBKfcYMB0qWv/MTSsXrnzFKLWQiJooFRMIY7wCKBeioTvEASmDgSFSKBUTt5YUAShZRxWGKBfJSLOIASnj2YWOKBZ+quIoAigUi5wSSAIoFCFeO4QCKBTWYV4EASjIjXmqKBeyaWYcAigWiEmSaAEpA6kAcSlz4TV6KBRzIbZgASh5RBhKKBe4A4dwAigW5jaaGAEo8q7Y7Soh3dgKKBVxoHbsAigXu5U+rAErK9pEqigUkbFzyAEqgdfkPigXnERHdAEq/WX5YSsTtqCaKBdWF3/8AigU0dGW4AErJK3dyigUJrjSNAIoFecI8sACKBaucr+0ASugEMCSKBUNOVdUASkCCbluKBSzXEuQAigUwYqGqAIoF/FuctQCKBXa/eKsAigWEa3WQAEr8twQpigVD3mXfAIoFtLg9oQBKM+TESEpqx3gvigUaqcPWAIoFbhnBogCKBZklh6QAigVOaPLCAEo06w43SjKA4gRK4UWrc4oFB8PVjACKBelN1tYAigVHUpOAAEo7sfcCigW+3yvZAEoAXm5RSooUIRKKBcF+lNAAigVmGgm/AIoFwXKVnACKBR+gVNUASgnvrG9KzaYmKooFbG0fqQBKACrkOUpkf40lSj