{
  "baseline_genome": {
    "best_rank_count": 0,
    "consecutive_penalty": 0.12271174817945016,
    "dormancy_weight": 0.07077473274754276,
    "full_weight": 0.25146912521891274,
    "generation": 58,
    "id": "g058_0058_1225",
    "low_high_bonus": 0.27337759273309875,
    "max_consecutive_pairs": 2,
    "max_main_match": 0,
    "odd_bonus": 0.36047307316438826,
    "overlap_limit": 4,
    "pair_recency_weight": 0.13045034036301761,
    "pair_stability_weight": 0.11991774524256904,
    "pair_weight": 0.07978128883055263,
    "pool_size": 17,
    "recent120_weight": 0.3195784731973337,
    "recent240_weight": 0.35187909182691646,
    "recent60_weight": 0.07707330975683721,
    "score": 0.0,
    "sum_bonus": 0.5575418968871495,
    "target_sum_max": 167,
    "target_sum_min": 108,
    "triple_weight": 0.0
  },
  "baseline_metrics": {
    "evolution_score": 0.0,
    "genome_id": "g058_0058_1225",
    "grade_hit_count": 145,
    "high_grade_hit_count": 8,
    "max_bonus_match": 2,
    "max_main_match": 6,
    "missing_prize_draw_count": 0,
    "missing_prize_draws": [],
    "path": "loto7_best_model.json",
    "profit": -340900,
    "purchase_count": 5,
    "rank_counts": {
      "1等": 0,
      "2等": 0,
      "3等": 1,
      "4等": 7,
      "5等": 52,
      "6等": 85,
      "外れ": 2965
    },
    "roi": 0.63462,
    "roi_percent": 63.462,
    "target_draws": 622,
    "total_cost": 933000,
    "total_payout": 592100,
    "total_tickets": 3110,
    "unit_cost": 300
  },
  "best_genome": {
    "best_rank_count": 0,
    "consecutive_penalty": 0.12271174817945016,
    "dormancy_weight": 0.07077473274754276,
    "full_weight": 0.25146912521891274,
    "generation": 58,
    "id": "g058_0058_1225",
    "low_high_bonus": 0.27337759273309875,
    "max_consecutive_pairs": 2,
    "max_main_match": 0,
    "odd_bonus": 0.36047307316438826,
    "overlap_limit": 4,
    "pair_recency_weight": 0.13045034036301761,
    "pair_stability_weight": 0.11991774524256904,
    "pair_weight": 0.07978128883055263,
    "pool_size": 17,
    "recent120_weight": 0.3195784731973337,
    "recent240_weight": 0.35187909182691646,
    "recent60_weight": 0.07707330975683721,
    "score": 0.0,
    "sum_bonus": 0.5575418968871495,
    "target_sum_max": 167,
    "target_sum_min": 108,
    "triple_weight": 0.0
  },
  "best_metrics": {
    "evolution_score": 0.0,
    "genome_id": "g058_0058_1225",
    "grade_hit_count": 145,
    "high_grade_hit_count": 8,
    "max_bonus_match": 2,
    "max_main_match": 6,
    "missing_prize_draw_count": 0,
    "missing_prize_draws": [],
    "path": "loto7_best_model.json",
    "profit": -340900,
    "purchase_count": 5,
    "rank_counts": {
      "1等": 0,
      "2等": 0,
      "3等": 1,
      "4等": 7,
      "5等": 52,
      "6等": 85,
      "外れ": 2965
    },
    "roi": 0.63462,
    "roi_percent": 63.462,
    "target_draws": 622,
    "total_cost": 933000,
    "total_payout": 592100,
    "total_tickets": 3110,
    "unit_cost": 300
  },
  "csv": "loto7.csv",
  "iterations_evaluated": 39,
  "iterations_requested": 1000,
  "last_iteration": 39,
  "parent_pool": [
    {
      "best_rank_count": 0,
      "consecutive_penalty": 0.12271174817945016,
      "dormancy_weight": 0.07077473274754276,
      "full_weight": 0.25146912521891274,
      "generation": 58,
      "id": "g058_0058_1225",
      "low_high_bonus": 0.27337759273309875,
      "max_consecutive_pairs": 2,
      "max_main_match": 0,
      "odd_bonus": 0.36047307316438826,
      "overlap_limit": 4,
      "pair_recency_weight": 0.13045034036301761,
      "pair_stability_weight": 0.11991774524256904,
      "pair_weight": 0.07978128883055263,
      "pool_size": 17,
      "recent120_weight": 0.3195784731973337,
      "recent240_weight": 0.35187909182691646,
      "recent60_weight": 0.07707330975683721,
      "score": 0.0,
      "sum_bonus": 0.5575418968871495,
      "target_sum_max": 167,
      "target_sum_min": 108,
      "triple_weight": 0.0
    }
  ],
  "purchase_count": 5,
  "rng_state": "gASVlg4AAAAAAABLAyiKBSNz5+MAigVAd9+NAIoFIp1MhwCKBSSY6MgAigVhHWeqAErBlOpySqNAjA6KBcVQvOcASieRf1VKbmzVFkpp0LdLigXRUurDAEoe/cw+SgoaWg1KntKxDkqhxe89SrjbKkiKBSQC1qUASsen/iVKWok5VkoJkLcdigUgzW2UAIoFbg+riABKshLoYYoFYcZPwgBK6dznGEpPny9ligWv2zbUAEr20sVySguOFGWKBUwadOgAigWODMmgAEomEdM2SnDqbTyKBRbnrJEASizJYXyKBVK4sPQAigX1zDeWAIoFOsTg5gCKBdanKukASq1MEj9KSU/fFEqrU8RqigWPue+wAEo6HnsaigV39y/0AErwcyZFSsdsoFiKBZU1zLIAigVk+W3JAIoF1wopjQBKl76peUppnGFvSiuGwWFK0usab4oFOe0J5gCKBQ67xOUAigU8rMSZAErbdVc0igWNVPSlAIoFdOMT9ACKBRaCP9QASsnEnWVKIu1uMUrP9FNzSin1Nl1KZlEuKUrQAvFVSgzWWVJK5hMzdIoF3/JkiwCKBdnCAOYASrQ7hHRKnBRGaooF7gfq3ABKD5V6AUp9nG5wigVNXcGpAEp5C64RSkFNeVdKt73/IooFbDyT0wBKELjEPkpsbdpIigUEOtPZAIoFJuZFowCKBRYOwKgAigUB9DTgAIoFByDJlQBKdZ23AooF1pZD5wBK9+psOkpbiW8pSqvCPHBKDrQ+U0oUT91figVMBGWfAIoFDUtB6QCKBf3b3YMAigV/H6HdAIoFRe1S7QCKBXccQsUAigVLDMbcAEp3mUldigW4QqakAEqW8GJvigXOm1+ZAIoFbIVF6QBK+TMDU4oF1uDh8ACKBTxAPqYASoIa+j1KSeUcfYoF0BfIkwCKBXwfzLkASnJ0BgyKBdTl790AigXMgaqSAIoFVRv7nABKgVxpQYoFiy543QBKd/7vMIoFnNUtwgBKkCc1I0qmaOR4Sn3LGB6KBbcPoMMAigX2juHZAEoFjI1HSh/WhzZKa1SkIUpr8rpaigVVFQO1AEpFht5iSjNJZgKKBQ/ri90AigUKPWTTAIoFlTl71gBKmgYpBooFn0o7iACKBf6QjtwAigXyQy+IAIoFhYrqlQBKDAuAOEoNUMF1igXmfZi+AEpZUsNOigWe8OqxAIoFQPN/ngBK92L/GEqEUlYpSkJJXi2KBVAT+rQASvUAs0NKJQM8BIoFDfwt3wCKBdfAUtMASqUUdV+KBV0WVLMASovDoVCKBXGDks0ASkZcTFlKGXomYYoFDsHjjgCKBdIXvfUASo5WXCKKBZJaWOsAigUr0rrxAEoQTUMtSoI41G5K8e74B0rtbpkwigWii2LbAIoFs1RL6gCKBbxfcuQASrbr5RxKJOLETEq87XRKigVGicWwAIoF25VBkgBKJjLTbooFmdfehQCKBSfhDIQAigXPOdrqAEqhN5p1SocdJ1FK012aP0p/Z19OSsqFH1hKqbaucooFmxQKsACKBWk+cekAShQUIm6KBSwR6akASjPfGj2KBdO9grkAigWqbCq9AEpV53BcigUTugHpAEqDhZRCigXApvaFAEohaHYtSoCJJ0BKczvYBkpUl38NigVRqDzrAEopaNITigUGQqqvAIoFfasYmABKKLfxe4oFtrZX+wBKAiG6OErQh8laShBmhXxK17b2cYoFjB1QnwBKlyH2G4oFawhf5ACKBaAspckASu3gFD6KBZor0p4AigXzHQiMAIoFnpH84ABKKnhDJUpoYC4fSvsEpWpKpKUOJooFLKSdvgCKBd+aQsEAigVbalquAEpsCQgyigXkUcCbAIoF4rEktwCKBed0uvQAigWwv1jeAIoFmm03ugCKBVjMrssASp0EHmGKBatKGscASiw992pKmVVOKUrWAph5Sjr3oztK8F3mGooFbCdy3QCKBfnLP6oAigWiS8zOAEpKIC1IigXe+9/RAIoF91JX8ABKoguvPooF9zQtmwBKTiX4G0qZv1weigVxc2yJAEqVoCYpigV1K+KhAIoFrtqxlQBK3LDLPUrRTZYyigV8ypSZAEovx/YvigU10SLjAEqulWs/SjlfyW9KBFcsbEpxIXY8SiSfa0mKBTBc8NcAStgfCXCKBQsf+aoAigViC4+LAEowUu5higUoCJPUAEpk999bigVRyerPAEqCRZ1higWlSSmoAEqDMTMGigXfNy3aAEogtCIHSnTaIlSKBaDLo+IASso12TqKBcvkb+IASt7ZjRlKBn0eQIoFLSuOnwCKBfCa8aIASsCxciFKRDcdXErpyCUyigV8fZ3fAIoFCb9a9gBKORnvD4oF9LA9mgBKPSyee0oWT7FmSr0QlA9KJDPPAEp0EUA/igUduvjDAIoF9LEDiACKBeeUhrAAigUHtWu9AEoQ7g4qSiujmViKBeB0/KkAigU1XOTcAEpfnbJGigVgrSWlAEpkuI8gigVBqWiLAIoFdI40ywBKKRysDUrAhGEZSrRRkQlK4d4/Z0qOF3YzigUmKhvzAIoFYPhAzACKBasJqY4ASqnBsiOKBQfK2tQAigW3LjOEAIoFFWpJ5wBKyeqeYIoFaoYe7wCKBa59KdwASvld8m2KBc6TAsIAigWifXi9AIoF10/K1QBKKV0TRUpfbg4CSmnvIS2KBXIxdIAASqdRbmVKr1bgUUrmriBgSju0kkqKBcyIyZMASgBxNgVKk+4RGEqhIppmigWuBTfXAEoAgg5pigXb2+DBAErWb0MaigWCxeaxAEp5JIYSShi8+FqKBZ7csPUAigUrES/WAEp4Vv5EigUSPFDKAIoFSRH2yABKABYefIoFR0jfxQCKBbrRk6oASjFHYSmKBXH3r+oASqkm4U+KBduYXvkAigWLpB22AIoFIJPrqQCKBUX7l4UASiweMg+KBb6vfukAigXGkO7aAIoFnCN7hgCKBVm5yYsASj15SU+KBc7tDNQAigVMXvzDAEqrzy5OigWOzcTTAEpsiIswigUktdmpAIoFVi4rrgBKeZAVZYoFf2zFmgCKBblsxKYAigX/iajUAEoVE4VSigV1hZi/AEooc5JDigUB3U6LAIoFHOZClgCKBSlsla8AStGjuyOKBRk8rvcAigUOtE7TAEoJ7YoDigUJvNzWAEoC5tE6igXL4t6PAErNPlZ0SpxrgA+KBct2JqUASkhC6WVKY9qbTIoFii6NwwBKbq/fXUqbaIZpigWEcHujAIoFyS4b/QBKNmQTZooFjK6LggCKBdtq+NAAigXvhynuAEq5LuZwSgct2hNKPRMBC0rpaPVpStFi0COKBUosZc4ASqhVwFBKvmUBCYoFQoVa1ABK+gVnUooF3oOCrwBKQ38yC4oF0I4hrwCKBXuGu7YAShYlZ0NKQ9ltYooFxIgx5ACKBXUJ7cYASuZhpDaKBa6HusMAigWMBrqlAErvL80nigVvqFPiAIoFVKMO3QCKBfLc+tEAigVaEmrEAErR5sFkSvooOkiKBTTKWfEAigU6qKCxAIoFd8OqvQBKsrySGooF67RW0QCKBfH08bEASvyTPkFK5hH0Q4oFRXK38gCKBaM1ZvkAigU7L4XXAEpKmrd9Sjv0zHpKQNV7HooF4tJB3wBKsQBzWEo+VQJZSu/exF6KBUiXYLoAShwPuX5KgXOPAIoFlaDlzwBK/EP0U0qyzxJKSnFHC3eKBXb4sMQASsbvwV+KBQvg1qMASho+4giKBTbdv6UAigVlKLD6AIoFBZfVkQCKBcMeXY0ASrGVC2GKBcIEP8gAigV3sUXhAIoFApPblABK/euUIUoF1cVfigVGu9vKAIoFczFm3ACKBU4c66sASn7l7khKghwJH4oF1BEI9QBKHpycY4oFQLgIzQCKBZ7JCosAigWQVGeQAEpeYbA2igV0HFfwAErsjlthigVXec6QAErjaQQtSo2GFxxK1H95ZUpWGpFpSotCxTVKCPNkR4oFo0m13