{
  "baseline_genome": {
    "best_rank_count": 0,
    "consecutive_penalty": 0.1795610104986201,
    "dormancy_weight": 0.07425200919324469,
    "full_weight": 0.2802323680672007,
    "generation": 97,
    "id": "g097_0097_1844",
    "low_high_bonus": 0.302496328282947,
    "max_consecutive_pairs": 2,
    "max_main_match": 0,
    "odd_bonus": 0.3635733796357519,
    "overlap_limit": 4,
    "pair_recency_weight": 0.1903981867976266,
    "pair_stability_weight": 0.15539442380072657,
    "pair_weight": 0.09568923276715088,
    "pool_size": 16,
    "recent120_weight": 0.24225512587474127,
    "recent240_weight": 0.33841848320447765,
    "recent60_weight": 0.13909402285358013,
    "score": 0.0,
    "sum_bonus": 0.6347632152580138,
    "target_sum_max": 164,
    "target_sum_min": 108,
    "triple_weight": 0.000696478803470166
  },
  "baseline_metrics": {
    "evolution_score": 0.0,
    "genome_id": "g097_0097_1844",
    "grade_hit_count": 158,
    "high_grade_hit_count": 9,
    "max_bonus_match": 2,
    "max_main_match": 6,
    "missing_prize_draw_count": 0,
    "missing_prize_draws": [],
    "path": "loto7_best_model.json",
    "profit": -404000,
    "purchase_count": 5,
    "rank_counts": {
      "1等": 0,
      "2等": 0,
      "3等": 1,
      "4等": 8,
      "5等": 49,
      "6等": 100,
      "外れ": 3247
    },
    "roi": 0.604503,
    "roi_percent": 60.45,
    "target_draws": 681,
    "total_cost": 1021500,
    "total_payout": 617500,
    "total_tickets": 3405,
    "unit_cost": 300
  },
  "best_genome": {
    "best_rank_count": 0,
    "consecutive_penalty": 0.1795610104986201,
    "dormancy_weight": 0.07425200919324469,
    "full_weight": 0.2802323680672007,
    "generation": 97,
    "id": "g097_0097_1844",
    "low_high_bonus": 0.302496328282947,
    "max_consecutive_pairs": 2,
    "max_main_match": 0,
    "odd_bonus": 0.3635733796357519,
    "overlap_limit": 4,
    "pair_recency_weight": 0.1903981867976266,
    "pair_stability_weight": 0.15539442380072657,
    "pair_weight": 0.09568923276715088,
    "pool_size": 16,
    "recent120_weight": 0.24225512587474127,
    "recent240_weight": 0.33841848320447765,
    "recent60_weight": 0.13909402285358013,
    "score": 0.0,
    "sum_bonus": 0.6347632152580138,
    "target_sum_max": 164,
    "target_sum_min": 108,
    "triple_weight": 0.000696478803470166
  },
  "best_metrics": {
    "evolution_score": 0.0,
    "genome_id": "g097_0097_1844",
    "grade_hit_count": 158,
    "high_grade_hit_count": 9,
    "max_bonus_match": 2,
    "max_main_match": 6,
    "missing_prize_draw_count": 0,
    "missing_prize_draws": [],
    "path": "loto7_best_model.json",
    "profit": -404000,
    "purchase_count": 5,
    "rank_counts": {
      "1等": 0,
      "2等": 0,
      "3等": 1,
      "4等": 8,
      "5等": 49,
      "6等": 100,
      "外れ": 3247
    },
    "roi": 0.604503,
    "roi_percent": 60.45,
    "target_draws": 681,
    "total_cost": 1021500,
    "total_payout": 617500,
    "total_tickets": 3405,
    "unit_cost": 300
  },
  "csv": "loto7.csv",
  "iterations_evaluated": 73,
  "iterations_requested": 1000,
  "last_iteration": 73,
  "parent_pool": [
    {
      "best_rank_count": 0,
      "consecutive_penalty": 0.1795610104986201,
      "dormancy_weight": 0.07425200919324469,
      "full_weight": 0.2802323680672007,
      "generation": 97,
      "id": "g097_0097_1844",
      "low_high_bonus": 0.302496328282947,
      "max_consecutive_pairs": 2,
      "max_main_match": 0,
      "odd_bonus": 0.3635733796357519,
      "overlap_limit": 4,
      "pair_recency_weight": 0.1903981867976266,
      "pair_stability_weight": 0.15539442380072657,
      "pair_weight": 0.09568923276715088,
      "pool_size": 16,
      "recent120_weight": 0.24225512587474127,
      "recent240_weight": 0.33841848320447765,
      "recent60_weight": 0.13909402285358013,
      "score": 0.0,
      "sum_bonus": 0.6347632152580138,
      "target_sum_max": 164,
      "target_sum_min": 108,
      "triple_weight": 0.000696478803470166
    }
  ],
  "purchase_count": 5,