{
  "baseline_genome": {
    "best_rank_count": 16,
    "consecutive_penalty": 0.4935683974469848,
    "dormancy_weight": 0.010199486558624075,
    "full_weight": 0.13519265317915038,
    "generation": 228,
    "id": "g228_0228_2057",
    "low_high_bonus": 0.3626754851381677,
    "max_consecutive_pairs": 0,
    "max_main_match": 6,
    "odd_bonus": 0.311995376549624,
    "overlap_limit": 6,
    "pair_recency_weight": 0.050839300946951035,
    "pair_stability_weight": 0.2556279699561879,
    "pair_weight": 0.0317857540682134,
    "pool_size": 21,
    "recent120_weight": 0.40339417355164786,
    "recent240_weight": 0.011409372125524774,
    "recent60_weight": 0.4500038011436771,
    "score": 71271.89,
    "sum_bonus": 0.5503278341511205,
    "target_sum_max": 140,
    "target_sum_min": 113,
    "triple_weight": 0.006679732087377485
  },
  "baseline_metrics": {
    "evolution_score": 71271.89,
    "genome_id": "g228_0228_2057",
    "grade_hit_count": 166,
    "high_grade_hit_count": 16,
    "max_bonus_match": 2,
    "max_main_match": 6,
    "missing_prize_draw_count": 0,
    "missing_prize_draws": [],
    "path": "loto7_best_model.json",
    "profit": 68200,
    "purchase_count": 5,
    "rank_counts": {
      "1等": 0,
      "2等": 0,
      "3等": 1,
      "4等": 15,
      "5等": 60,
      "6等": 90,
      "外れ": 3249
    },
    "roi": 1.066569,
    "roi_percent": 106.657,
    "target_draws": 683,
    "total_cost": 1024500,
    "total_payout": 1092700,
    "total_tickets": 3415,
    "unit_cost": 300
  },
  "best_genome": {
    "best_rank_count": 16,
    "consecutive_penalty": 0.4935683974469848,
    "dormancy_weight": 0.010199486558624075,
    "full_weight": 0.13519265317915038,
    "generation": 228,
    "id": "g228_0228_2057",
    "low_high_bonus": 0.3626754851381677,
    "max_consecutive_pairs": 0,
    "max_main_match": 6,
    "odd_bonus": 0.311995376549624,
    "overlap_limit": 6,
    "pair_recency_weight": 0.050839300946951035,
    "pair_stability_weight": 0.2556279699561879,
    "pair_weight": 0.0317857540682134,
    "pool_size": 21,
    "recent120_weight": 0.40339417355164786,
    "recent240_weight": 0.011409372125524774,
    "recent60_weight": 0.4500038011436771,
    "score": 71271.89,
    "sum_bonus": 0.5503278341511205,
    "target_sum_max": 140,
    "target_sum_min": 113,
    "triple_weight": 0.006679732087377485
  },
  "best_metrics": {
    "evolution_score": 71271.89,
    "genome_id": "g228_0228_2057",
    "grade_hit_count": 166,
    "high_grade_hit_count": 16,
    "max_bonus_match": 2,
    "max_main_match": 6,
    "missing_prize_draw_count": 0,
    "missing_prize_draws": [],
    "path": "loto7_best_model.json",
    "profit": 68200,
    "purchase_count": 5,
    "rank_counts": {
      "1等": 0,
      "2等": 0,
      "3等": 1,
      "4等": 15,
      "5等": 60,
      "6等": 90,
      "外れ": 3249
    },
    "roi": 1.066569,
    "roi_percent": 106.657,
    "target_draws": 683,
    "total_cost": 1024500,
    "total_payout": 1092700,
    "total_tickets": 3415,
    "unit_cost": 300
  },
  "csv": "loto7.csv",
  "iterations_evaluated": 4,
  "iterations_requested": 20,
  "last_iteration": 4,
  "objective": "composite_roi_profit_highgrade_exploration",
  "parent_pool": [
    {
      "best_rank_count": 16,
      "consecutive_penalty": 0.4935683974469848,
      "dormancy_weight": 0.010199486558624075,
      "full_weight": 0.13519265317915038,
      "generation": 228,
      "id": "g228_0228_2057",
      "low_high_bonus": 0.3626754851381677,
      "max_consecutive_pairs": 0,
      "max_main_match": 6,
      "odd_bonus": 0.311995376549624,
      "overlap_limit": 6,
      "pair_recency_weight": 0.050839300946951035,
      "pair_stability_weight": 0.2556279699561879,
      "pair_weight": 0.0317857540682134,
      "pool_size": 21,
      "recent120_weight": 0.40339417355164786,
      "recent240_weight": 0.011409372125524774,
      "recent60_weight": 0.4500038011436771,
      "score": 71271.89,
      "sum_bonus": 0.5503278341511205,
      "target_sum_max": 140,
      "target_sum_min": 113,
      "triple_weight": 0.006679732087377485
    },
    {
      "best_rank_count": 16,
      "consecutive_penalty": 0.47922007096448316,
      "dormancy_weight": 0.0,
      "full_weight": 0.24648282744001185,
      "generation": 4,
      "id": "g004_0004_6749",
      "low_high_bonus": 0.29113270953652154,
      "max_consecutive_pairs": 0,
      "max_main_match": 5,
      "odd_bonus": 0.22383191360262844,
      "overlap_limit": 6,
      "pair_recency_weight": 0.070779896410267,
      "pair_stability_weight": 0.24403195144635592,
      "pair_weight": 0.025461757591416535,
      "pool_size": 19,
      "recent120_weight": 0.4132478808878398,
      "recent240_weight": 0.010862708204051764,
      "recent60_weight": 0.32940658346809654,
      "score": 54574.9,
      "sum_bonus": 0.4980149218016581,
      "target_sum_max": 143,
      "target_sum_min": 110,
      "triple_weight": 0.032866391037489145
    },
    {
      "best_rank_count": 14,
      "consecutive_penalty": 0.5592972813253855,
      "dormancy_weight": 0.0,
      "full_weight": 0.1315086109828912,
      "generation": 3,
      "id": "g003_0003_4648",
      "low_high_bonus": 0.3246599201631667,
      "max_consecutive_pairs": 0,
      "max_main_match": 5,
      "odd_bonus": 0.21327703406733992,
      "overlap_limit": 6,
      "pair_recency_weight": 0.03463471369579625,
      "pair_stability_weight": 0.23948097514452776,
      "pair_weight": 0.08284483757268488,
      "pool_size": 19,
      "recent120_weight": 0.3231657618049309,
      "recent240_weight": 0.011845704494865538,
      "recent60_weight": 0.5334799227173124,
      "score": 49014.58,
      "sum_bonus": 0.601686607320417,
      "target_sum_max": 140,
      "target_sum_min": 118,
      "triple_weight": 0.0
    },
    {
      "best_rank_count": 13,
      "consecutive_penalty": 0.2789439465304626,
      "dormancy_weight": 0.00170958057359384,
      "full_weight": 0.36037260560539325,
      "generation": 2,
      "id": "g002_0002_8046",
      "low_high_bonus": 0.2542749928234955,
      "max_consecutive_pairs": 2,
      "max_main_match": 5,
      "odd_bonus": 0.17419938647627814,
      "overlap_limit": 6,
      "pair_recency_weight": 0.038455750828499544,
      "pair_stability_weight": 0.26919289783920924,
      "pair_weight": 0.013129850586208231,
      "pool_size": 21,
      "recent120_weight": 0.15238059859331576,
      "recent240_weight": 0.15831188085436915,
      "recent60_weight": 0.32893491494692195,
      "score": 47239.78,
      "sum_bonus": 0.41439981121389347,
      "target_sum_max": 145,
      "target_sum_min": 110,
      "triple_weight": 0.03041415400658208
    },
    {
      "best_rank_count": 9,
      "consecutive_penalty": 0.4805071475908996,
      "dormancy_weight": 0.019973157991106667,
      "full_weight": 0.06455076756864095,
      "generation": 1,
      "id": "g001_0001_2094",
      "low_high_bonus": 0.3081121585882592,
      "max_consecutive_pairs": 0,
      "max_main_match": 5,
      "odd_bonus": 0.3051929057053262,
      "overlap_limit": 5,
      "pair_recency_weight": 0.0,
      "pair_stability_weight": 0.23266778648231815,
      "pair_weight": 0.03653371068111064,
      "pool_size": 21,
      "recent120_weight": 0.1246438565408052,
      "recent240_weight": 0.06349174886834844,
      "recent60_weight": 0.7473136270222054,
      "score": 38411.85,
      "sum_bonus": 0.9517863262238612,
      "target_sum_max": 142,
      "target_sum_min": 112,
      "triple_weight": 0.01333501060672811
    },
    {
      "best_rank_count": 0,
      "consecutive_penalty": 0.590538208080507,
      "dormancy_weight": 0.05802311619125955,
      "full_weight": 0.1433929563846923,
      "generation": 1,
      "id": "g001_0001_4140",
      "low_high_bonus": 0.44267832145366026,
      "max_consecutive_pairs": 0,
      "max_main_match": 0,
      "odd_bonus": 0.3421212100776466,
      "overlap_limit": 4,
      "pair_recency_weight": 0.05008026475011418,