{
  "baseline_genome": {
    "best_rank_count": 16,
    "consecutive_penalty": 0.4935683974469848,
    "dormancy_weight": 0.010199486558624075,
    "full_weight": 0.13519265317915038,
    "generation": 228,
    "id": "g228_0228_2057",
    "low_high_bonus": 0.3626754851381677,
    "max_consecutive_pairs": 0,
    "max_main_match": 6,
    "odd_bonus": 0.311995376549624,
    "overlap_limit": 6,
    "pair_recency_weight": 0.050839300946951035,
    "pair_stability_weight": 0.2556279699561879,
    "pair_weight": 0.0317857540682134,
    "pool_size": 21,
    "recent120_weight": 0.40339417355164786,
    "recent240_weight": 0.011409372125524774,
    "recent60_weight": 0.4500038011436771,
    "score": 71271.89,
    "sum_bonus": 0.5503278341511205,
    "target_sum_max": 140,
    "target_sum_min": 113,
    "triple_weight": 0.006679732087377485
  },
  "baseline_metrics": {
    "evolution_score": 71271.89,
    "genome_id": "g228_0228_2057",
    "grade_hit_count": 166,
    "high_grade_hit_count": 16,
    "max_bonus_match": 2,
    "max_main_match": 6,
    "missing_prize_draw_count": 0,
    "missing_prize_draws": [],
    "path": "loto7_best_model.json",
    "profit": 68200,
    "purchase_count": 5,
    "rank_counts": {
      "1等": 0,
      "2等": 0,
      "3等": 1,
      "4等": 15,
      "5等": 60,
      "6等": 90,
      "外れ": 3249
    },
    "roi": 1.066569,
    "roi_percent": 106.657,
    "target_draws": 683,
    "total_cost": 1024500,
    "total_payout": 1092700,
    "total_tickets": 3415,
    "unit_cost": 300
  },
  "best_genome": {
    "best_rank_count": 16,
    "consecutive_penalty": 0.4935683974469848,
    "dormancy_weight": 0.010199486558624075,
    "full_weight": 0.13519265317915038,
    "generation": 228,
    "id": "g228_0228_2057",
    "low_high_bonus": 0.3626754851381677,
    "max_consecutive_pairs": 0,
    "max_main_match": 6,
    "odd_bonus": 0.311995376549624,
    "overlap_limit": 6,
    "pair_recency_weight": 0.050839300946951035,
    "pair_stability_weight": 0.2556279699561879,
    "pair_weight": 0.0317857540682134,
    "pool_size": 21,
    "recent120_weight": 0.40339417355164786,
    "recent240_weight": 0.011409372125524774,
    "recent60_weight": 0.4500038011436771,
    "score": 71271.89,
    "sum_bonus": 0.5503278341511205,
    "target_sum_max": 140,
    "target_sum_min": 113,
    "triple_weight": 0.006679732087377485
  },
  "best_metrics": {
    "evolution_score": 71271.89,
    "genome_id": "g228_0228_2057",
    "grade_hit_count": 166,
    "high_grade_hit_count": 16,
    "max_bonus_match": 2,
    "max_main_match": 6,
    "missing_prize_draw_count": 0,
    "missing_prize_draws": [],
    "path": "loto7_best_model.json",
    "profit": 68200,
    "purchase_count": 5,
    "rank_counts": {
      "1等": 0,
      "2等": 0,
      "3等": 1,
      "4等": 15,
      "5等": 60,
      "6等": 90,
      "外れ": 3249
    },
    "roi": 1.066569,
    "roi_percent": 106.657,
    "target_draws": 683,
    "total_cost": 1024500,
    "total_payout": 1092700,
    "total_tickets": 3415,
    "unit_cost": 300
  },
  "csv": "loto7.csv",
  "iterations_evaluated": 4,
  "iterations_requested": 20,
  "last_iteration": 4,
  "objective": "composite_roi_profit_highgrade_exploration",
  "parent_pool": [
    {
      "best_rank_count": 16,
      "consecutive_penalty": 0.4935683974469848,
      "dormancy_weight": 0.010199486558624075,
      "full_weight": 0.13519265317915038,
      "generation": 228,
      "id": "g228_0228_2057",
      "low_high_bonus": 0.3626754851381677,
      "max_consecutive_pairs": 0,
      "max_main_match": 6,
      "odd_bonus": 0.311995376549624,
      "overlap_limit": 6,
      "pair_recency_weight": 0.050839300946951035,
      "pair_stability_weight": 0.2556279699561879,
      "pair_weight": 0.0317857540682134,
      "pool_size": 21,
      "recent120_weight": 0.40339417355164786,
      "recent240_weight": 0.011409372125524774,
      "recent60_weight": 0.4500038011436771,
      "score": 71271.89,
      "sum_bonus": 0.5503278341511205,
      "target_sum_max": 140,
      "target_sum_min": 113,
      "triple_weight": 0.006679732087377485
    },
    {
      "best_rank_count": 15,
      "consecutive_penalty": 0.6217789220994405,
      "dormancy_weight": 0.0,
      "full_weight": 0.012009227690606103,
      "generation": 1,
      "id": "g001_0001_4397",
      "low_high_bonus": 0.40124366729371463,
      "max_consecutive_pairs": 1,
      "max_main_match": 6,
      "odd_bonus": 0.2844713360322859,
      "overlap_limit": 6,
      "pair_recency_weight": 0.07186833876795873,
      "pair_stability_weight": 0.24320205224556396,
      "pair_weight": 0.043654949374069024,
      "pool_size": 24,
      "recent120_weight": 0.3221962712846297,
      "recent240_weight": 0.012009227690606103,
      "recent60_weight": 0.6537852733341581,
      "score": 68828.23,
      "sum_bonus": 0.5098902595441791,
      "target_sum_max": 146,
      "target_sum_min": 108,
      "triple_weight": 0.0025905626248110165
    },
    {
      "best_rank_count": 14,
      "consecutive_penalty": 0.4765877483869638,
      "dormancy_weight": 0.04304055684701259,
      "full_weight": 0.15026588864422027,
      "generation": 4,
      "id": "g004_0004_3937",
      "low_high_bonus": 0.36544392374288903,
      "max_consecutive_pairs": 0,
      "max_main_match": 5,
      "odd_bonus": 0.3529955872093654,
      "overlap_limit": 6,
      "pair_recency_weight": 0.04169852049206467,
      "pair_stability_weight": 0.22196234611187923,
      "pair_weight": 0.07867641358611518,
      "pool_size": 23,
      "recent120_weight": 0.29892637293077867,
      "recent240_weight": 0.11330669135762893,
      "recent60_weight": 0.43750104706737203,
      "score": 50900.33,
      "sum_bonus": 0.5834216450607796,
      "target_sum_max": 145,
      "target_sum_min": 118,
      "triple_weight": 0.004517445690683897
    },
    {
      "best_rank_count": 9,
      "consecutive_penalty": 0.5324043293297394,
      "dormancy_weight": 0.012378708803492386,
      "full_weight": 0.12623447667612797,
      "generation": 3,
      "id": "g003_0003_2066",
      "low_high_bonus": 0.22100139397550203,
      "max_consecutive_pairs": 0,
      "max_main_match": 5,
      "odd_bonus": 0.27513305047744685,
      "overlap_limit": 4,
      "pair_recency_weight": 0.0023706613542110316,
      "pair_stability_weight": 0.25790421250799356,
      "pair_weight": 0.012911915581147362,
      "pool_size": 22,
      "recent120_weight": 0.29491254534303496,
      "recent240_weight": 0.16876054559180256,
      "recent60_weight": 0.41009243238903453,
      "score": 36566.95,
      "sum_bonus": 0.7074013913113071,
      "target_sum_max": 145,
      "target_sum_min": 110,
      "triple_weight": 0.026877378106077487
    },
    {
      "best_rank_count": 6,
      "consecutive_penalty": 0.7285630651091338,
      "dormancy_weight": 0.007725444411359442,
      "full_weight": 0.05320500983945553,
      "generation": 2,
      "id": "g002_0002_3191",
      "low_high_bonus": 0.48867195637964445,
      "max_consecutive_pairs": 0,
      "max_main_match": 5,
      "odd_bonus": 0.36389138429966905,
      "overlap_limit": 4,
      "pair_recency_weight": 0.03169462786106718,
      "pair_stability_weight": 0.27791656475658505,
      "pair_weight": 0.10026710346902987,
      "pool_size": 20,
      "recent120_weight": 0.3313165856503174,
      "recent240_weight": 0.08079441585033582,
      "recent60_weight": 0.5346839886598914,
      "score": 29713.93,
      "sum_bonus": 0.6156010957463078,
      "target_sum_max": 148,
      "target_sum_min": 113,
      "triple_weight": 0.029231159090643097
    },
    {
      "best_rank_count": 0,
      "consecutive_penalty": 0.48868638701943334,
      "dormancy_weight": 0.013386030058316765,
      "full_weight": 0.09914239733056987,
      "generation": 1,
      "id": "g001_0001_1804",
      "low_high_bonus": 0.3251719134338755,
      "max_consecutive_pairs": 0,
      "max_main_match": 0,
      "odd_bonus": 0.45001251758419153,
      "overlap_limit": 4,