{
  "baseline_genome": {
    "best_rank_count": 16,
    "consecutive_penalty": 0.4935683974469848,
    "dormancy_weight": 0.010199486558624075,
    "full_weight": 0.13519265317915038,
    "generation": 228,
    "id": "g228_0228_2057",
    "low_high_bonus": 0.3626754851381677,
    "max_consecutive_pairs": 0,
    "max_main_match": 6,
    "odd_bonus": 0.311995376549624,
    "overlap_limit": 6,
    "pair_recency_weight": 0.050839300946951035,
    "pair_stability_weight": 0.2556279699561879,
    "pair_weight": 0.0317857540682134,
    "pool_size": 21,
    "recent120_weight": 0.40339417355164786,
    "recent240_weight": 0.011409372125524774,
    "recent60_weight": 0.4500038011436771,
    "score": 71237.75,
    "sum_bonus": 0.5503278341511205,
    "target_sum_max": 140,
    "target_sum_min": 113,
    "triple_weight": 0.006679732087377485
  },
  "baseline_metrics": {
    "evolution_score": 71271.89,
    "genome_id": "g228_0228_2057",
    "grade_hit_count": 166,
    "high_grade_hit_count": 16,
    "max_bonus_match": 2,
    "max_main_match": 6,
    "missing_prize_draw_count": 0,
    "missing_prize_draws": [],
    "path": "loto7_best_model.json",
    "profit": 65200,
    "purchase_count": 5,
    "rank_counts": {
      "1等": 0,
      "2等": 0,
      "3等": 1,
      "4等": 15,
      "5等": 60,
      "6等": 90,
      "外れ": 3259
    },
    "roi": 1.063455,
    "roi_percent": 106.345,
    "target_draws": 685,
    "total_cost": 1027500,
    "total_payout": 1092700,
    "total_tickets": 3425,
    "unit_cost": 300
  },
  "best_genome": {
    "best_rank_count": 16,
    "consecutive_penalty": 0.4935683974469848,
    "dormancy_weight": 0.010199486558624075,
    "full_weight": 0.13519265317915038,
    "generation": 228,
    "id": "g228_0228_2057",
    "low_high_bonus": 0.3626754851381677,
    "max_consecutive_pairs": 0,
    "max_main_match": 6,
    "odd_bonus": 0.311995376549624,
    "overlap_limit": 6,
    "pair_recency_weight": 0.050839300946951035,
    "pair_stability_weight": 0.2556279699561879,
    "pair_weight": 0.0317857540682134,
    "pool_size": 21,
    "recent120_weight": 0.40339417355164786,
    "recent240_weight": 0.011409372125524774,
    "recent60_weight": 0.4500038011436771,
    "score": 71237.75,
    "sum_bonus": 0.5503278341511205,
    "target_sum_max": 140,
    "target_sum_min": 113,
    "triple_weight": 0.006679732087377485
  },
  "best_metrics": {
    "evolution_score": 71271.89,
    "genome_id": "g228_0228_2057",
    "grade_hit_count": 166,
    "high_grade_hit_count": 16,
    "max_bonus_match": 2,
    "max_main_match": 6,
    "missing_prize_draw_count": 0,
    "missing_prize_draws": [],
    "path": "loto7_best_model.json",
    "profit": 65200,
    "purchase_count": 5,
    "rank_counts": {
      "1等": 0,
      "2等": 0,
      "3等": 1,
      "4等": 15,
      "5等": 60,
      "6等": 90,
      "外れ": 3259
    },
    "roi": 1.063455,
    "roi_percent": 106.345,
    "target_draws": 685,
    "total_cost": 1027500,
    "total_payout": 1092700,
    "total_tickets": 3425,
    "unit_cost": 300
  },
  "csv": "loto7.csv",
  "iterations_evaluated": 2,
  "iterations_requested": 20,
  "last_iteration": 2,
  "objective": "composite_roi_profit_highgrade_exploration",
  "parent_pool": [
    {
      "best_rank_count": 16,
      "consecutive_penalty": 0.4935683974469848,
      "dormancy_weight": 0.010199486558624075,
      "full_weight": 0.13519265317915038,
      "generation": 228,
      "id": "g228_0228_2057",
      "low_high_bonus": 0.3626754851381677,
      "max_consecutive_pairs": 0,
      "max_main_match": 6,
      "odd_bonus": 0.311995376549624,
      "overlap_limit": 6,
      "pair_recency_weight": 0.050839300946951035,
      "pair_stability_weight": 0.2556279699561879,
      "pair_weight": 0.0317857540682134,
      "pool_size": 21,
      "recent120_weight": 0.40339417355164786,
      "recent240_weight": 0.011409372125524774,
      "recent60_weight": 0.4500038011436771,
      "score": 71271.89,
      "sum_bonus": 0.5503278341511205,
      "target_sum_max": 140,
      "target_sum_min": 113,
      "triple_weight": 0.006679732087377485
    },
    {
      "best_rank_count": 8,
      "consecutive_penalty": 0.702416680356843,
      "dormancy_weight": 0.022701900536475805,
      "full_weight": 0.12197180236523864,
      "generation": 1,
      "id": "g001_0001_2641",
      "low_high_bonus": 0.30584554246465123,
      "max_consecutive_pairs": 1,
      "max_main_match": 5,
      "odd_bonus": 0.18288988973859743,
      "overlap_limit": 5,
      "pair_recency_weight": 0.026070824025552993,
      "pair_stability_weight": 0.2238968149320024,
      "pair_weight": 0.09211797546310538,
      "pool_size": 15,
      "recent120_weight": 0.10657907722856713,
      "recent240_weight": 0.010173191590560052,
      "recent60_weight": 0.7612759288156342,
      "score": 34795.43,
      "sum_bonus": 0.40800279415589574,
      "target_sum_max": 149,
      "target_sum_min": 112,
      "triple_weight": 0.049824170421429274
    },
    {
      "best_rank_count": 7,
      "consecutive_penalty": 0.5619023239482464,
      "dormancy_weight": 0.0,
      "full_weight": 0.010762617578375532,
      "generation": 2,
      "id": "g002_0002_7761",
      "low_high_bonus": 0.3683214298388915,
      "max_consecutive_pairs": 2,
      "max_main_match": 5,
      "odd_bonus": 0.2421061615164612,
      "overlap_limit": 5,
      "pair_recency_weight": 0.011559511390523285,
      "pair_stability_weight": 0.2679036024091024,
      "pair_weight": 0.04843432204429761,
      "pool_size": 24,
      "recent120_weight": 0.4552509394548438,
      "recent240_weight": 0.10685226535620952,
      "recent60_weight": 0.42713417761057115,
      "score": 33620.11,
      "sum_bonus": 0.45354839008072334,
      "target_sum_max": 140,
      "target_sum_min": 120,
      "triple_weight": 0.02566272191302991
    },
    {
      "best_rank_count": 0,
      "consecutive_penalty": 0.6529680768740745,
      "dormancy_weight": 0.0,
      "full_weight": 0.2459452257339895,
      "generation": 1,
      "id": "g001_0001_6481",
      "low_high_bonus": 0.1747527250689986,
      "max_consecutive_pairs": 2,
      "max_main_match": 0,
      "odd_bonus": 0.5151348123841074,
      "overlap_limit": 6,
      "pair_recency_weight": 0.0,
      "pair_stability_weight": 0.2654684245616417,
      "pair_weight": 0.061736870730654175,
      "pool_size": 22,
      "recent120_weight": 0.1382908960389398,
      "recent240_weight": 0.018163717131661063,
      "recent60_weight": 0.5976001610954097,
      "score": 0.0,
      "sum_bonus": 0.41661715658409537,
      "target_sum_max": 151,
      "target_sum_min": 102,
      "triple_weight": 0.0040049796680771835
    },
    {
      "best_rank_count": 0,
      "consecutive_penalty": 0.17144396601974562,
      "dormancy_weight": 0.009404459036473642,
      "full_weight": 0.0060748660268451085,
      "generation": 0,
      "id": "g000_0001_1909",
      "low_high_bonus": 0.35758853682098873,
      "max_consecutive_pairs": 1,
      "max_main_match": 0,
      "odd_bonus": 0.5443268403867916,
      "overlap_limit": 4,
      "pair_recency_weight": 0.15225167320685862,
      "pair_stability_weight": 0.11715594565722251,
      "pair_weight": 0.10468329916537013,
      "pool_size": 16,
      "recent120_weight": 0.39856117145233155,
      "recent240_weight": 0.3998512122081151,
      "recent60_weight": 0.1955127503127082,
      "score": 0.0,
      "sum_bonus": 0.5833902646702003,
      "target_sum_max": 175,
      "target_sum_min": 88,
      "triple_weight": 0.09250733883122042
    },
    {
      "best_rank_count": 0,
      "consecutive_penalty": 0.5324896173384946,
      "dormancy_weight": 0.022419498077126628,
      "full_weight": 0.2321490999016817,
      "generation": 3,
      "id": "g003_0003_4391",
      "low_high_bonus": 0.3846253744466211,
      "max_consecutive_pairs": 0,
      "max_main_match": 0,
      "odd_bonus": 0.5860506057816858,
      "overlap_limit": 6,
      "pair_recency_weight": 0.08091126660480279,