{
  "baseline_genome": {
    "best_rank_count": 8,
    "consecutive_penalty": 0.42261976467266604,
    "dormancy_weight": 0.059948838181738615,
    "full_weight": 0.36445490627470717,
    "generation": 300,
    "id": "g300_0300_2692",
    "low_high_bonus": 0.0,
    "max_consecutive_pairs": 3,
    "max_main_match": 6,
    "odd_bonus": 0.5822067535449567,
    "overlap_limit": 6,
    "pair_recency_weight": 0.14008199119199763,
    "pair_stability_weight": 0.10265327576630087,
    "pair_weight": 0.1384315186009821,
    "pool_size": 24,
    "recent120_weight": 0.23853629409086843,
    "recent240_weight": 0.38474363231158426,
    "recent60_weight": 0.012265167322840189,
    "score": 49883.36,
    "sum_bonus": 0.614304499336318,
    "target_sum_max": 172,
    "target_sum_min": 97,
    "triple_weight": 0.024598349142934503
  },
  "baseline_metrics": {
    "evolution_score": 49883.36,
    "genome_id": "g300_0300_2692",
    "grade_hit_count": 147,
    "high_grade_hit_count": 8,
    "max_bonus_match": 2,
    "max_main_match": 6,
    "missing_prize_draw_count": 0,
    "missing_prize_draws": [],
    "path": "loto7_best_model.json",
    "profit": -107900,
    "purchase_count": 5,
    "rank_counts": {
      "1等": 0,
      "2等": 0,
      "3等": 1,
      "4等": 7,
      "5等": 53,
      "6等": 86,
      "外れ": 3263
    },
    "roi": 0.894526,
    "roi_percent": 89.453,
    "target_draws": 682,
    "total_cost": 1023000,
    "total_payout": 915100,
    "total_tickets": 3410,
    "unit_cost": 300
  },
  "best_genome": {
    "best_rank_count": 8,
    "consecutive_penalty": 0.42261976467266604,
    "dormancy_weight": 0.059948838181738615,
    "full_weight": 0.36445490627470717,
    "generation": 300,
    "id": "g300_0300_2692",
    "low_high_bonus": 0.0,
    "max_consecutive_pairs": 3,
    "max_main_match": 6,
    "odd_bonus": 0.5822067535449567,
    "overlap_limit": 6,
    "pair_recency_weight": 0.14008199119199763,
    "pair_stability_weight": 0.10265327576630087,
    "pair_weight": 0.1384315186009821,
    "pool_size": 24,
    "recent120_weight": 0.23853629409086843,
    "recent240_weight": 0.38474363231158426,
    "recent60_weight": 0.012265167322840189,
    "score": 49883.36,
    "sum_bonus": 0.614304499336318,
    "target_sum_max": 172,
    "target_sum_min": 97,
    "triple_weight": 0.024598349142934503
  },
  "best_metrics": {
    "evolution_score": 49883.36,
    "genome_id": "g300_0300_2692",
    "grade_hit_count": 147,
    "high_grade_hit_count": 8,
    "max_bonus_match": 2,
    "max_main_match": 6,
    "missing_prize_draw_count": 0,
    "missing_prize_draws": [],
    "path": "loto7_best_model.json",
    "profit": -107900,
    "purchase_count": 5,
    "rank_counts": {
      "1等": 0,
      "2等": 0,
      "3等": 1,
      "4等": 7,
      "5等": 53,
      "6等": 86,
      "外れ": 3263
    },
    "roi": 0.894526,
    "roi_percent": 89.453,
    "target_draws": 682,
    "total_cost": 1023000,
    "total_payout": 915100,
    "total_tickets": 3410,
    "unit_cost": 300
  },
  "csv": "loto7.csv",
  "iterations_evaluated": 3,
  "iterations_requested": 20,
  "last_iteration": 3,
  "objective": "composite_roi_profit_highgrade_exploration",
  "parent_pool": [
    {
      "best_rank_count": 8,
      "consecutive_penalty": 0.42261976467266604,
      "dormancy_weight": 0.059948838181738615,
      "full_weight": 0.36445490627470717,
      "generation": 300,
      "id": "g300_0300_2692",
      "low_high_bonus": 0.0,
      "max_consecutive_pairs": 3,
      "max_main_match": 6,
      "odd_bonus": 0.5822067535449567,
      "overlap_limit": 6,
      "pair_recency_weight": 0.14008199119199763,
      "pair_stability_weight": 0.10265327576630087,
      "pair_weight": 0.1384315186009821,
      "pool_size": 24,
      "recent120_weight": 0.23853629409086843,
      "recent240_weight": 0.38474363231158426,
      "recent60_weight": 0.012265167322840189,
      "score": 49883.36,
      "sum_bonus": 0.614304499336318,
      "target_sum_max": 172,
      "target_sum_min": 97,
      "triple_weight": 0.024598349142934503
    },
    {
      "best_rank_count": 5,
      "consecutive_penalty": 0.3238057775832258,
      "dormancy_weight": 0.02670028506667802,
      "full_weight": 0.18798735499674968,
      "generation": 3,
      "id": "g003_0003_9436",
      "low_high_bonus": 0.12021406753031372,
      "max_consecutive_pairs": 2,
      "max_main_match": 6,
      "odd_bonus": 0.5055353393578097,
      "overlap_limit": 6,
      "pair_recency_weight": 0.035946615863123976,
      "pair_stability_weight": 0.23412124397708223,
      "pair_weight": 0.20896294854923578,
      "pool_size": 26,
      "recent120_weight": 0.48160410888891425,
      "recent240_weight": 0.14693607768966677,
      "recent60_weight": 0.1834724584246694,
      "score": 42764.93,
      "sum_bonus": 0.7891994399945212,
      "target_sum_max": 186,
      "target_sum_min": 95,
      "triple_weight": 0.0397551883297494
    },
    {
      "best_rank_count": 8,
      "consecutive_penalty": 0.3150111826044884,
      "dormancy_weight": 0.06851161512769742,
      "full_weight": 0.2989533370365211,
      "generation": 1,
      "id": "g001_0001_7753",
      "low_high_bonus": 0.0,
      "max_consecutive_pairs": 3,
      "max_main_match": 5,
      "odd_bonus": 0.7165083362274919,
      "overlap_limit": 5,
      "pair_recency_weight": 0.1784775823484659,
      "pair_stability_weight": 0.19816064625813787,
      "pair_weight": 0.14775675580575937,
      "pool_size": 23,
      "recent120_weight": 0.25403119156451837,
      "recent240_weight": 0.43466156054210614,
      "recent60_weight": 0.012353910856854312,
      "score": 34248.25,
      "sum_bonus": 0.569532044417799,
      "target_sum_max": 175,
      "target_sum_min": 85,
      "triple_weight": 0.0
    },
    {
      "best_rank_count": 6,
      "consecutive_penalty": 0.48128318609639353,
      "dormancy_weight": 0.0504052158085628,
      "full_weight": 0.03091967831238622,
      "generation": 2,
      "id": "g002_0002_1482",
      "low_high_bonus": 0.42036285202198226,
      "max_consecutive_pairs": 3,
      "max_main_match": 5,
      "odd_bonus": 0.4706047262324029,
      "overlap_limit": 5,
      "pair_recency_weight": 0.12836304048124086,
      "pair_stability_weight": 0.11870787424318915,
      "pair_weight": 0.1255554665712721,
      "pool_size": 26,
      "recent120_weight": 0.5569364442706565,
      "recent240_weight": 0.4000719360735502,
      "recent60_weight": 0.0120719413434072,
      "score": 29824.02,
      "sum_bonus": 0.7624799186012184,
      "target_sum_max": 170,
      "target_sum_min": 103,
      "triple_weight": 0.05030272055004379
    },
    {
      "best_rank_count": 0,
      "consecutive_penalty": 0.47835285952233075,
      "dormancy_weight": 0.07860395223596807,
      "full_weight": 0.3933527844904902,
      "generation": 1,
      "id": "g001_0001_4586",
      "low_high_bonus": 0.0,
      "max_consecutive_pairs": 1,
      "max_main_match": 0,
      "odd_bonus": 0.5853083497382084,
      "overlap_limit": 4,
      "pair_recency_weight": 0.03722863181859061,
      "pair_stability_weight": 0.16351817711209993,
      "pair_weight": 0.16378122222499641,
      "pool_size": 26,
      "recent120_weight": 0.010025598681381191,
      "recent240_weight": 0.45367439920092095,
      "recent60_weight": 0.14294721762720766,
      "score": 0.0,
      "sum_bonus": 0.516093619395772,
      "target_sum_max": 172,
      "target_sum_min": 100,
      "triple_weight": 0.050836810107173246
    },
    {
      "best_rank_count": 0,
      "consecutive_penalty": 0.1437758356995665,
      "dormancy_weight": 0.038643022414615424,
      "full_weight": 0.35559495618513465,
      "generation": 0,
      "id": "g000_0001_9233",
      "low_high_bonus": 0.12801668414244383,
      "max_consecutive_pairs": 1,
      "max_main_match": 0,
      "odd_bonus": 0.1547150852805989,
      "overlap_limit": 5,
      "pair_recency_weight": 0.0796645313861053,
      "pair_stability_weight": 0.02426231191691586,