{
  "baseline_genome": {
    "best_rank_count": 2,
    "consecutive_penalty": 0.2307354823692875,
    "dormancy_weight": 0.04916003393539038,
    "full_weight": 0.3032937958195276,
    "generation": 2,
    "id": "g002_0013_8486",
    "low_high_bonus": 0.2661977650130201,
    "max_consecutive_pairs": 1,
    "max_main_match": 6,
    "odd_bonus": 0.3571829368097169,
    "overlap_limit": 4,
    "pair_recency_weight": 0.09639309396022575,
    "pair_stability_weight": 0.1595570365521473,
    "pair_weight": 0.08323802332455774,
    "pool_size": 17,
    "recent120_weight": 0.2328013140826817,
    "recent240_weight": 0.3444181065874426,
    "recent60_weight": 0.11948678351034817,
    "score": 67991.78238597537,
    "sum_bonus": 0.5785715541028872,
    "target_sum_max": 175,
    "target_sum_min": 103,
    "triple_weight": 0.012776004750939308
  },
  "baseline_metrics": {
    "evolution_score": 67991.78238597537,
    "genome_id": "g002_0013_8486",
    "grade_hit_count": 138,
    "high_grade_hit_count": 6,
    "max_bonus_match": 2,
    "max_main_match": 6,
    "missing_prize_draw_count": 0,
    "missing_prize_draws": [],
    "path": "loto7_best_model.json",
    "profit": -359600,
    "purchase_count": 5,
    "rank_counts": {
      "1等": 0,
      "2等": 0,
      "3等": 1,
      "4等": 5,
      "5等": 51,
      "6等": 81,
      "外れ": 2972
    },
    "roi": 0.614577,
    "roi_percent": 61.458,
    "target_draws": 622,
    "total_cost": 933000,
    "total_payout": 573400,
    "total_tickets": 3110,
    "unit_cost": 300
  },
  "best_genome": {
    "best_rank_count": 0,
    "consecutive_penalty": 0.15420355858782325,
    "dormancy_weight": 0.05315078949282385,
    "full_weight": 0.34722986332710987,
    "generation": 13,
    "id": "g013_0013_6833",
    "low_high_bonus": 0.23442235896619495,
    "max_consecutive_pairs": 1,
    "max_main_match": 0,
    "odd_bonus": 0.4710764761655891,
    "overlap_limit": 4,
    "pair_recency_weight": 0.07727112390638444,
    "pair_stability_weight": 0.13598869218651194,
    "pair_weight": 0.05835338655796643,
    "pool_size": 16,
    "recent120_weight": 0.2679687077098274,
    "recent240_weight": 0.24250302789826686,
    "recent60_weight": 0.14229840106479594,
    "score": 0.0,
    "sum_bonus": 0.5965900360780584,
    "target_sum_max": 170,
    "target_sum_min": 106,
    "triple_weight": 0.025621031265314467
  },
  "best_metrics": {
    "evolution_score": 0.0,
    "genome_id": "g013_0013_6833",
    "grade_hit_count": 144,
    "high_grade_hit_count": 6,
    "max_bonus_match": 2,
    "max_main_match": 6,
    "missing_prize_draw_count": 0,
    "missing_prize_draws": [],
    "path": "candidate_13",
    "profit": -359000,
    "purchase_count": 5,
    "rank_counts": {
      "1等": 0,
      "2等": 0,
      "3等": 1,
      "4等": 5,
      "5等": 47,
      "6等": 91,
      "外れ": 2966
    },
    "roi": 0.61522,
    "roi_percent": 61.522,
    "target_draws": 622,
    "total_cost": 933000,
    "total_payout": 574000,
    "total_tickets": 3110,
    "unit_cost": 300
  },
  "csv": "loto7.csv",
  "iterations_evaluated": 100,
  "iterations_requested": 100,
  "last_iteration": 100,
  "parent_pool": [
    {
      "best_rank_count": 2,
      "consecutive_penalty": 0.2307354823692875,
      "dormancy_weight": 0.04916003393539038,
      "full_weight": 0.3032937958195276,
      "generation": 2,
      "id": "g002_0013_8486",
      "low_high_bonus": 0.2661977650130201,
      "max_consecutive_pairs": 1,
      "max_main_match": 6,
      "odd_bonus": 0.3571829368097169,
      "overlap_limit": 4,
      "pair_recency_weight": 0.09639309396022575,
      "pair_stability_weight": 0.1595570365521473,
      "pair_weight": 0.08323802332455774,
      "pool_size": 17,
      "recent120_weight": 0.2328013140826817,
      "recent240_weight": 0.3444181065874426,
      "recent60_weight": 0.11948678351034817,
      "score": 67991.78238597537,
      "sum_bonus": 0.5785715541028872,
      "target_sum_max": 175,
      "target_sum_min": 103,
      "triple_weight": 0.012776004750939308
    },
    {
      "best_rank_count": 0,
      "consecutive_penalty": 0.15420355858782325,
      "dormancy_weight": 0.05315078949282385,
      "full_weight": 0.34722986332710987,
      "generation": 13,
      "id": "g013_0013_6833",
      "low_high_bonus": 0.23442235896619495,
      "max_consecutive_pairs": 1,
      "max_main_match": 0,
      "odd_bonus": 0.4710764761655891,
      "overlap_limit": 4,
      "pair_recency_weight": 0.07727112390638444,
      "pair_stability_weight": 0.13598869218651194,
      "pair_weight": 0.05835338655796643,
      "pool_size": 16,
      "recent120_weight": 0.2679687077098274,
      "recent240_weight": 0.24250302789826686,
      "recent60_weight": 0.14229840106479594,
      "score": 0.0,
      "sum_bonus": 0.5965900360780584,
      "target_sum_max": 170,
      "target_sum_min": 106,
      "triple_weight": 0.025621031265314467
    }
  ],
  "purchase_count": 5,