{
  "baseline_genome": {
    "best_rank_count": 16,
    "consecutive_penalty": 0.4935683974469848,
    "dormancy_weight": 0.010199486558624075,
    "full_weight": 0.13519265317915038,
    "generation": 228,
    "id": "g228_0228_2057",
    "low_high_bonus": 0.3626754851381677,
    "max_consecutive_pairs": 0,
    "max_main_match": 6,
    "odd_bonus": 0.311995376549624,
    "overlap_limit": 6,
    "pair_recency_weight": 0.050839300946951035,
    "pair_stability_weight": 0.2556279699561879,
    "pair_weight": 0.0317857540682134,
    "pool_size": 21,
    "recent120_weight": 0.40339417355164786,
    "recent240_weight": 0.011409372125524774,
    "recent60_weight": 0.4500038011436771,
    "score": 71254.8,
    "sum_bonus": 0.5503278341511205,
    "target_sum_max": 140,
    "target_sum_min": 113,
    "triple_weight": 0.006679732087377485
  },
  "baseline_metrics": {
    "evolution_score": 71271.89,
    "genome_id": "g228_0228_2057",
    "grade_hit_count": 166,
    "high_grade_hit_count": 16,
    "max_bonus_match": 2,
    "max_main_match": 6,
    "missing_prize_draw_count": 0,
    "missing_prize_draws": [],
    "path": "loto7_best_model.json",
    "profit": 66700,
    "purchase_count": 5,
    "rank_counts": {
      "1等": 0,
      "2等": 0,
      "3等": 1,
      "4等": 15,
      "5等": 60,
      "6等": 90,
      "外れ": 3254
    },
    "roi": 1.06501,
    "roi_percent": 106.501,
    "target_draws": 684,
    "total_cost": 1026000,
    "total_payout": 1092700,
    "total_tickets": 3420,
    "unit_cost": 300
  },
  "best_genome": {
    "best_rank_count": 16,
    "consecutive_penalty": 0.4935683974469848,
    "dormancy_weight": 0.010199486558624075,
    "full_weight": 0.13519265317915038,
    "generation": 228,
    "id": "g228_0228_2057",
    "low_high_bonus": 0.3626754851381677,
    "max_consecutive_pairs": 0,
    "max_main_match": 6,
    "odd_bonus": 0.311995376549624,
    "overlap_limit": 6,
    "pair_recency_weight": 0.050839300946951035,
    "pair_stability_weight": 0.2556279699561879,
    "pair_weight": 0.0317857540682134,
    "pool_size": 21,
    "recent120_weight": 0.40339417355164786,
    "recent240_weight": 0.011409372125524774,
    "recent60_weight": 0.4500038011436771,
    "score": 71254.8,
    "sum_bonus": 0.5503278341511205,
    "target_sum_max": 140,
    "target_sum_min": 113,
    "triple_weight": 0.006679732087377485
  },
  "best_metrics": {
    "evolution_score": 71271.89,
    "genome_id": "g228_0228_2057",
    "grade_hit_count": 166,
    "high_grade_hit_count": 16,
    "max_bonus_match": 2,
    "max_main_match": 6,
    "missing_prize_draw_count": 0,
    "missing_prize_draws": [],
    "path": "loto7_best_model.json",
    "profit": 66700,
    "purchase_count": 5,
    "rank_counts": {
      "1等": 0,
      "2等": 0,
      "3等": 1,
      "4等": 15,
      "5等": 60,
      "6等": 90,
      "外れ": 3254
    },
    "roi": 1.06501,
    "roi_percent": 106.501,
    "target_draws": 684,
    "total_cost": 1026000,
    "total_payout": 1092700,
    "total_tickets": 3420,
    "unit_cost": 300
  },
  "csv": "loto7.csv",
  "iterations_evaluated": 2,
  "iterations_requested": 20,
  "last_iteration": 2,
  "objective": "composite_roi_profit_highgrade_exploration",
  "parent_pool": [
    {
      "best_rank_count": 16,
      "consecutive_penalty": 0.4935683974469848,
      "dormancy_weight": 0.010199486558624075,
      "full_weight": 0.13519265317915038,
      "generation": 228,
      "id": "g228_0228_2057",
      "low_high_bonus": 0.3626754851381677,
      "max_consecutive_pairs": 0,
      "max_main_match": 6,
      "odd_bonus": 0.311995376549624,
      "overlap_limit": 6,
      "pair_recency_weight": 0.050839300946951035,
      "pair_stability_weight": 0.2556279699561879,
      "pair_weight": 0.0317857540682134,
      "pool_size": 21,
      "recent120_weight": 0.40339417355164786,
      "recent240_weight": 0.011409372125524774,
      "recent60_weight": 0.4500038011436771,
      "score": 71271.89,
      "sum_bonus": 0.5503278341511205,
      "target_sum_max": 140,
      "target_sum_min": 113,
      "triple_weight": 0.006679732087377485
    },
    {
      "best_rank_count": 10,
      "consecutive_penalty": 0.5462602163038601,
      "dormancy_weight": 0.009415356920893776,
      "full_weight": 0.1631410176408201,
      "generation": 2,
      "id": "g002_0002_4381",
      "low_high_bonus": 0.3317800799224555,
      "max_consecutive_pairs": 0,
      "max_main_match": 5,
      "odd_bonus": 0.29710119637780474,
      "overlap_limit": 5,
      "pair_recency_weight": 0.03864904777883478,
      "pair_stability_weight": 0.2606164812689419,
      "pair_weight": 0.015502414237218105,
      "pool_size": 20,
      "recent120_weight": 0.3795443080952009,
      "recent240_weight": 0.07482936087046153,
      "recent60_weight": 0.3824853133935175,
      "score": 40498.41,
      "sum_bonus": 0.46754427081428324,
      "target_sum_max": 140,
      "target_sum_min": 108,
      "triple_weight": 0.024979470936273736
    },
    {
      "best_rank_count": 4,
      "consecutive_penalty": 0.05427849656994281,
      "dormancy_weight": 0.05653012569722274,
      "full_weight": 0.3219346669968763,
      "generation": 1,
      "id": "g001_0001_8363",
      "low_high_bonus": 0.41927848104412624,
      "max_consecutive_pairs": 1,
      "max_main_match": 5,
      "odd_bonus": 0.5750912412454137,
      "overlap_limit": 4,
      "pair_recency_weight": 0.07542084556521995,
      "pair_stability_weight": 0.09285361602959322,
      "pair_weight": 0.21830003667449735,
      "pool_size": 23,
      "recent120_weight": 0.2726156391402052,
      "recent240_weight": 0.06752279673280859,
      "recent60_weight": 0.3379268971301099,
      "score": 26928.14,
      "sum_bonus": 0.285677175167089,
      "target_sum_max": 168,
      "target_sum_min": 108,
      "triple_weight": 0.009215503543653827
    },
    {
      "best_rank_count": 0,
      "consecutive_penalty": 0.39348729950204514,
      "dormancy_weight": 0.029483982333717584,
      "full_weight": 0.1505631972235003,
      "generation": 1,
      "id": "g001_0001_4182",
      "low_high_bonus": 0.2550302696879258,
      "max_consecutive_pairs": 0,
      "max_main_match": 0,
      "odd_bonus": 0.387086139302307,
      "overlap_limit": 5,
      "pair_recency_weight": 0.12446679050701825,
      "pair_stability_weight": 0.29112766384181715,
      "pair_weight": 0.0777734775628001,
      "pool_size": 21,
      "recent120_weight": 0.2794896535608803,
      "recent240_weight": 0.2064243589929452,
      "recent60_weight": 0.36352279022267414,
      "score": 0.0,
      "sum_bonus": 0.5843294967426964,
      "target_sum_max": 145,
      "target_sum_min": 120,
      "triple_weight": 0.0
    },
    {
      "best_rank_count": 0,
      "consecutive_penalty": 0.371573376851569,
      "dormancy_weight": 0.009518186052454271,
      "full_weight": 0.2391542721697742,
      "generation": 0,
      "id": "g000_0001_8997",
      "low_high_bonus": 0.2902546099772954,
      "max_consecutive_pairs": 1,
      "max_main_match": 0,
      "odd_bonus": 0.3316718682483498,
      "overlap_limit": 6,
      "pair_recency_weight": 0.0968116375563814,
      "pair_stability_weight": 0.13054852762341446,
      "pair_weight": 0.06967656859967261,
      "pool_size": 19,
      "recent120_weight": 0.1163363115253278,
      "recent240_weight": 0.1272971014439695,
      "recent60_weight": 0.5172123148609286,
      "score": 0.0,
      "sum_bonus": 0.49985686747559754,
      "target_sum_max": 184,
      "target_sum_min": 100,
      "triple_weight": 0.07562650135839762
    },
    {
      "best_rank_count": 0,
      "consecutive_penalty": 0.41452610143193336,
      "dormancy_weight": 0.0,
      "full_weight": 0.19560123242919183,
      "generation": 3,
      "id": "g003_0003_2001",
      "low_high_bonus": 0.33721557721436884,
      "max_consecutive_pairs": 0,
      "max_main_match": 0,
      "odd_bonus": 0.1263458131809257,
      "overlap_limit": 6,
      "pair_recency_weight": 0.09408069731885749,