{
  "baseline_genome": {
    "best_rank_count": 12,
    "consecutive_penalty": 0.3623574832250292,
    "dormancy_weight": 0.012917181473117875,
    "full_weight": 0.49195168760124847,
    "generation": 48,
    "id": "g048_0048_8272",
    "low_high_bonus": 0.12148584570315821,
    "max_consecutive_pairs": 2,
    "max_main_match": 6,
    "odd_bonus": 0.5183284059616986,
    "overlap_limit": 6,
    "pair_recency_weight": 0.12270295129554955,
    "pair_stability_weight": 0.15898518288574848,
    "pair_weight": 0.11909966623908186,
    "pool_size": 15,
    "recent120_weight": 0.16621995522504893,
    "recent240_weight": 0.13532064094378332,
    "recent60_weight": 0.20650771622991929,
    "score": 58590.51,
    "sum_bonus": 0.6121964505564605,
    "target_sum_max": 140,
    "target_sum_min": 108,
    "triple_weight": 0.018700599039030055
  },
  "baseline_metrics": {
    "evolution_score": 58590.51,
    "genome_id": "g048_0048_8272",
    "grade_hit_count": 147,
    "high_grade_hit_count": 12,
    "max_bonus_match": 2,
    "max_main_match": 6,
    "missing_prize_draw_count": 0,
    "missing_prize_draws": [],
    "path": "loto7_best_model.json",
    "profit": -79500,
    "purchase_count": 5,
    "rank_counts": {
      "1等": 0,
      "2等": 0,
      "3等": 1,
      "4等": 11,
      "5等": 49,
      "6等": 86,
      "外れ": 3268
    },
    "roi": 0.922401,
    "roi_percent": 92.24,
    "target_draws": 683,
    "total_cost": 1024500,
    "total_payout": 945000,
    "total_tickets": 3415,
    "unit_cost": 300
  },
  "best_genome": {
    "best_rank_count": 12,
    "consecutive_penalty": 0.3623574832250292,
    "dormancy_weight": 0.012917181473117875,
    "full_weight": 0.49195168760124847,
    "generation": 48,
    "id": "g048_0048_8272",
    "low_high_bonus": 0.12148584570315821,
    "max_consecutive_pairs": 2,
    "max_main_match": 6,
    "odd_bonus": 0.5183284059616986,
    "overlap_limit": 6,
    "pair_recency_weight": 0.12270295129554955,
    "pair_stability_weight": 0.15898518288574848,
    "pair_weight": 0.11909966623908186,
    "pool_size": 15,
    "recent120_weight": 0.16621995522504893,
    "recent240_weight": 0.13532064094378332,
    "recent60_weight": 0.20650771622991929,
    "score": 58590.51,
    "sum_bonus": 0.6121964505564605,
    "target_sum_max": 140,
    "target_sum_min": 108,
    "triple_weight": 0.018700599039030055
  },
  "best_metrics": {
    "evolution_score": 58590.51,
    "genome_id": "g048_0048_8272",
    "grade_hit_count": 147,
    "high_grade_hit_count": 12,
    "max_bonus_match": 2,
    "max_main_match": 6,
    "missing_prize_draw_count": 0,
    "missing_prize_draws": [],
    "path": "loto7_best_model.json",
    "profit": -79500,
    "purchase_count": 5,
    "rank_counts": {
      "1等": 0,
      "2等": 0,
      "3等": 1,
      "4等": 11,
      "5等": 49,
      "6等": 86,
      "外れ": 3268
    },
    "roi": 0.922401,
    "roi_percent": 92.24,
    "target_draws": 683,
    "total_cost": 1024500,
    "total_payout": 945000,
    "total_tickets": 3415,
    "unit_cost": 300
  },
  "csv": "loto7.csv",
  "iterations_evaluated": 2,
  "iterations_requested": 20,
  "last_iteration": 2,
  "objective": "composite_roi_profit_highgrade_exploration",
  "parent_pool": [
    {
      "best_rank_count": 12,
      "consecutive_penalty": 0.3623574832250292,
      "dormancy_weight": 0.012917181473117875,
      "full_weight": 0.49195168760124847,
      "generation": 48,
      "id": "g048_0048_8272",
      "low_high_bonus": 0.12148584570315821,
      "max_consecutive_pairs": 2,
      "max_main_match": 6,
      "odd_bonus": 0.5183284059616986,
      "overlap_limit": 6,
      "pair_recency_weight": 0.12270295129554955,
      "pair_stability_weight": 0.15898518288574848,
      "pair_weight": 0.11909966623908186,
      "pool_size": 15,
      "recent120_weight": 0.16621995522504893,
      "recent240_weight": 0.13532064094378332,
      "recent60_weight": 0.20650771622991929,
      "score": 58590.51,
      "sum_bonus": 0.6121964505564605,
      "target_sum_max": 140,
      "target_sum_min": 108,
      "triple_weight": 0.018700599039030055
    },
    {
      "best_rank_count": 6,
      "consecutive_penalty": 0.24098328246905112,
      "dormancy_weight": 0.0615304852362674,
      "full_weight": 0.3233282385947128,
      "generation": 2,
      "id": "g002_0002_5935",
      "low_high_bonus": 0.15054668507484492,
      "max_consecutive_pairs": 0,
      "max_main_match": 5,
      "odd_bonus": 0.08703443626560883,
      "overlap_limit": 4,
      "pair_recency_weight": 0.1575098713991112,
      "pair_stability_weight": 0.019359088457516195,
      "pair_weight": 0.22024394071805933,
      "pool_size": 23,
      "recent120_weight": 0.32540731085248464,
      "recent240_weight": 0.23774356290754853,
      "recent60_weight": 0.11352088764525395,
      "score": 27779.19,
      "sum_bonus": 0.43780164568478735,
      "target_sum_max": 172,
      "target_sum_min": 85,
      "triple_weight": 0.06237609195224149
    },
    {
      "best_rank_count": 3,
      "consecutive_penalty": 0.16618365085920686,
      "dormancy_weight": 0.05792393889154323,
      "full_weight": 0.2704105143116022,
      "generation": 1,
      "id": "g001_0001_3919",
      "low_high_bonus": 0.1666575979415104,
      "max_consecutive_pairs": 0,
      "max_main_match": 5,
      "odd_bonus": 0.03394328969072581,
      "overlap_limit": 4,
      "pair_recency_weight": 0.18629279570905552,
      "pair_stability_weight": 0.07118531840654294,
      "pair_weight": 0.21127832283308995,
      "pool_size": 23,
      "recent120_weight": 0.29924718823242513,
      "recent240_weight": 0.41535842080347113,
      "recent60_weight": 0.01498387665250151,
      "score": 21110.95,
      "sum_bonus": 0.3982430596636643,
      "target_sum_max": 172,
      "target_sum_min": 90,
      "triple_weight": 0.08835273374800362
    },
    {
      "best_rank_count": 0,
      "consecutive_penalty": 0.33036538255671266,
      "dormancy_weight": 0.0112365439706793,
      "full_weight": 0.5268573558760935,
      "generation": 1,
      "id": "g001_0001_1854",
      "low_high_bonus": 0.13089025220689615,
      "max_consecutive_pairs": 1,
      "max_main_match": 0,
      "odd_bonus": 0.4768812999482772,
      "overlap_limit": 6,
      "pair_recency_weight": 0.19537187585232516,
      "pair_stability_weight": 0.17311527663728815,
      "pair_weight": 0.07747021330691595,
      "pool_size": 18,
      "recent120_weight": 0.18838537294851998,
      "recent240_weight": 0.16986502877037843,
      "recent60_weight": 0.114892242405008,
      "score": 0.0,
      "sum_bonus": 0.6113690655631616,
      "target_sum_max": 145,
      "target_sum_min": 106,
      "triple_weight": 0.052116711700066626
    },
    {
      "best_rank_count": 0,
      "consecutive_penalty": 0.5834310040637437,
      "dormancy_weight": 0.023271796281561598,
      "full_weight": 0.38681844018448946,
      "generation": 0,
      "id": "g000_0001_4564",
      "low_high_bonus": 0.26702073172437707,
      "max_consecutive_pairs": 1,
      "max_main_match": 0,
      "odd_bonus": 0.478873912138829,
      "overlap_limit": 5,
      "pair_recency_weight": 0.17493053962572172,
      "pair_stability_weight": 0.028228861675818603,
      "pair_weight": 0.06848735650393402,
      "pool_size": 18,
      "recent120_weight": 0.18407740376206227,
      "recent240_weight": 0.23127148216003665,
      "recent60_weight": 0.19783267389341164,
      "score": 0.0,
      "sum_bonus": 0.4372656930662576,
      "target_sum_max": 190,
      "target_sum_min": 87,
      "triple_weight": 0.01089527068625723
    },
    {
      "best_rank_count": 0,
      "consecutive_penalty": 0.37944413732033067,
      "dormancy_weight": 0.012959659861290787,
      "full_weight": 0.4749688520055931,
      "generation": 3,
      "id": "g003_0003_3253",
      "low_high_bonus": 0.21100166342575885,
      "max_consecutive_pairs": 1,
      "max_main_match": 0,
      "odd_bonus": 0.60767151449562,
      "overlap_limit": 5,