{
  "baseline_genome": {
    "best_rank_count": 16,
    "consecutive_penalty": 0.4935683974469848,
    "dormancy_weight": 0.010199486558624075,
    "full_weight": 0.13519265317915038,
    "generation": 228,
    "id": "g228_0228_2057",
    "low_high_bonus": 0.3626754851381677,
    "max_consecutive_pairs": 0,
    "max_main_match": 6,
    "odd_bonus": 0.311995376549624,
    "overlap_limit": 6,
    "pair_recency_weight": 0.050839300946951035,
    "pair_stability_weight": 0.2556279699561879,
    "pair_weight": 0.0317857540682134,
    "pool_size": 21,
    "recent120_weight": 0.40339417355164786,
    "recent240_weight": 0.011409372125524774,
    "recent60_weight": 0.4500038011436771,
    "score": 71237.75,
    "sum_bonus": 0.5503278341511205,
    "target_sum_max": 140,
    "target_sum_min": 113,
    "triple_weight": 0.006679732087377485
  },
  "baseline_metrics": {
    "evolution_score": 71271.89,
    "genome_id": "g228_0228_2057",
    "grade_hit_count": 166,
    "high_grade_hit_count": 16,
    "max_bonus_match": 2,
    "max_main_match": 6,
    "missing_prize_draw_count": 0,
    "missing_prize_draws": [],
    "path": "loto7_best_model.json",
    "profit": 65200,
    "purchase_count": 5,
    "rank_counts": {
      "1等": 0,
      "2等": 0,
      "3等": 1,
      "4等": 15,
      "5等": 60,
      "6等": 90,
      "外れ": 3259
    },
    "roi": 1.063455,
    "roi_percent": 106.345,
    "target_draws": 685,
    "total_cost": 1027500,
    "total_payout": 1092700,
    "total_tickets": 3425,
    "unit_cost": 300
  },
  "best_genome": {
    "best_rank_count": 16,
    "consecutive_penalty": 0.4935683974469848,
    "dormancy_weight": 0.010199486558624075,
    "full_weight": 0.13519265317915038,
    "generation": 228,
    "id": "g228_0228_2057",
    "low_high_bonus": 0.3626754851381677,
    "max_consecutive_pairs": 0,
    "max_main_match": 6,
    "odd_bonus": 0.311995376549624,
    "overlap_limit": 6,
    "pair_recency_weight": 0.050839300946951035,
    "pair_stability_weight": 0.2556279699561879,
    "pair_weight": 0.0317857540682134,
    "pool_size": 21,
    "recent120_weight": 0.40339417355164786,
    "recent240_weight": 0.011409372125524774,
    "recent60_weight": 0.4500038011436771,
    "score": 71237.75,
    "sum_bonus": 0.5503278341511205,
    "target_sum_max": 140,
    "target_sum_min": 113,
    "triple_weight": 0.006679732087377485
  },
  "best_metrics": {
    "evolution_score": 71271.89,
    "genome_id": "g228_0228_2057",
    "grade_hit_count": 166,
    "high_grade_hit_count": 16,
    "max_bonus_match": 2,
    "max_main_match": 6,
    "missing_prize_draw_count": 0,
    "missing_prize_draws": [],
    "path": "loto7_best_model.json",
    "profit": 65200,
    "purchase_count": 5,
    "rank_counts": {
      "1等": 0,
      "2等": 0,
      "3等": 1,
      "4等": 15,
      "5等": 60,
      "6等": 90,
      "外れ": 3259
    },
    "roi": 1.063455,
    "roi_percent": 106.345,
    "target_draws": 685,
    "total_cost": 1027500,
    "total_payout": 1092700,
    "total_tickets": 3425,
    "unit_cost": 300
  },
  "csv": "loto7.csv",
  "iterations_evaluated": 2,
  "iterations_requested": 20,
  "last_iteration": 2,
  "objective": "composite_roi_profit_highgrade_exploration",
  "parent_pool": [
    {
      "best_rank_count": 16,
      "consecutive_penalty": 0.4935683974469848,
      "dormancy_weight": 0.010199486558624075,
      "full_weight": 0.13519265317915038,
      "generation": 228,
      "id": "g228_0228_2057",
      "low_high_bonus": 0.3626754851381677,
      "max_consecutive_pairs": 0,
      "max_main_match": 6,
      "odd_bonus": 0.311995376549624,
      "overlap_limit": 6,
      "pair_recency_weight": 0.050839300946951035,
      "pair_stability_weight": 0.2556279699561879,
      "pair_weight": 0.0317857540682134,
      "pool_size": 21,
      "recent120_weight": 0.40339417355164786,
      "recent240_weight": 0.011409372125524774,
      "recent60_weight": 0.4500038011436771,
      "score": 71271.89,
      "sum_bonus": 0.5503278341511205,
      "target_sum_max": 140,
      "target_sum_min": 113,
      "triple_weight": 0.006679732087377485
    },
    {
      "best_rank_count": 8,
      "consecutive_penalty": 0.2810647101777589,
      "dormancy_weight": 0.030578975781752477,
      "full_weight": 0.31209961495031213,
      "generation": 2,
      "id": "g002_0002_2911",
      "low_high_bonus": 0.3645320273740678,
      "max_consecutive_pairs": 0,
      "max_main_match": 5,
      "odd_bonus": 0.480971976906364,
      "overlap_limit": 5,
      "pair_recency_weight": 0.05663023253498914,
      "pair_stability_weight": 0.323591557383493,
      "pair_weight": 0.05254801249989657,
      "pool_size": 21,
      "recent120_weight": 0.20971474338353413,
      "recent240_weight": 0.1311802584179165,
      "recent60_weight": 0.34700538324823726,
      "score": 33299.03,
      "sum_bonus": 0.4429901579009662,
      "target_sum_max": 192,
      "target_sum_min": 85,
      "triple_weight": 0.09994198534756009
    },
    {
      "best_rank_count": 4,
      "consecutive_penalty": 0.5111168268411683,
      "dormancy_weight": 0.01594321746830608,
      "full_weight": 0.36281555823962075,
      "generation": 1,
      "id": "g001_0001_6749",
      "low_high_bonus": 0.3334537183563662,
      "max_consecutive_pairs": 1,
      "max_main_match": 5,
      "odd_bonus": 0.012046028201496082,
      "overlap_limit": 4,
      "pair_recency_weight": 0.0,
      "pair_stability_weight": 0.17756346475764834,
      "pair_weight": 0.011542775330796408,
      "pool_size": 23,
      "recent120_weight": 0.3624798300437635,
      "recent240_weight": 0.010251998601489393,
      "recent60_weight": 0.2644526131151264,
      "score": 27832.79,
      "sum_bonus": 0.5219012474410976,
      "target_sum_max": 152,
      "target_sum_min": 116,
      "triple_weight": 0.03705983065835049
    },
    {
      "best_rank_count": 0,
      "consecutive_penalty": 0.37922424186433557,
      "dormancy_weight": 0.0,
      "full_weight": 0.1791547112385772,
      "generation": 1,
      "id": "g001_0001_8925",
      "low_high_bonus": 0.16944843304998275,
      "max_consecutive_pairs": 0,
      "max_main_match": 0,
      "odd_bonus": 0.5109842794028838,
      "overlap_limit": 6,
      "pair_recency_weight": 0.05630743766090085,
      "pair_stability_weight": 0.19773969599868185,
      "pair_weight": 0.016198509863551633,
      "pool_size": 18,
      "recent120_weight": 0.42270890233050173,
      "recent240_weight": 0.06579358639028375,
      "recent60_weight": 0.3323428000406374,
      "score": 0.0,
      "sum_bonus": 0.4138951293105916,
      "target_sum_max": 140,
      "target_sum_min": 120,
      "triple_weight": 0.04649041097798611
    },
    {
      "best_rank_count": 0,
      "consecutive_penalty": 0.3785094904236518,
      "dormancy_weight": 0.01590092480118251,
      "full_weight": 0.35757675365539476,
      "generation": 0,
      "id": "g000_0001_6243",
      "low_high_bonus": 0.4409403713523523,
      "max_consecutive_pairs": 1,
      "max_main_match": 0,
      "odd_bonus": 0.2529914576473408,
      "overlap_limit": 5,
      "pair_recency_weight": 0.21606470538352823,
      "pair_stability_weight": 0.13418398396221262,
      "pair_weight": 0.03270682003250445,
      "pool_size": 14,
      "recent120_weight": 0.23563077818487302,
      "recent240_weight": 0.397187026636398,
      "recent60_weight": 0.00960544152333419,
      "score": 0.0,
      "sum_bonus": 0.14569077535223904,
      "target_sum_max": 176,
      "target_sum_min": 87,
      "triple_weight": 0.00011393175505195475
    },
    {
      "best_rank_count": 0,
      "consecutive_penalty": 0.5147895305393007,
      "dormancy_weight": 0.0,
      "full_weight": 0.2523120987159239,
      "generation": 3,
      "id": "g003_0003_3842",
      "low_high_bonus": 0.21713517575759902,
      "max_consecutive_pairs": 0,
      "max_main_match": 0,
      "odd_bonus": 0.17243868166333345,
      "overlap_limit": 6,
      "pair_recency_weight": 0.03286877979012443,