{
  "baseline_genome": {
    "best_rank_count": 16,
    "consecutive_penalty": 0.4935683974469848,
    "dormancy_weight": 0.010199486558624075,
    "full_weight": 0.13519265317915038,
    "generation": 228,
    "id": "g228_0228_2057",
    "low_high_bonus": 0.3626754851381677,
    "max_consecutive_pairs": 0,
    "max_main_match": 6,
    "odd_bonus": 0.311995376549624,
    "overlap_limit": 6,
    "pair_recency_weight": 0.050839300946951035,
    "pair_stability_weight": 0.2556279699561879,
    "pair_weight": 0.0317857540682134,
    "pool_size": 21,
    "recent120_weight": 0.40339417355164786,
    "recent240_weight": 0.011409372125524774,
    "recent60_weight": 0.4500038011436771,
    "score": 71254.8,
    "sum_bonus": 0.5503278341511205,
    "target_sum_max": 140,
    "target_sum_min": 113,
    "triple_weight": 0.006679732087377485
  },
  "baseline_metrics": {
    "evolution_score": 71271.89,
    "genome_id": "g228_0228_2057",
    "grade_hit_count": 166,
    "high_grade_hit_count": 16,
    "max_bonus_match": 2,
    "max_main_match": 6,
    "missing_prize_draw_count": 0,
    "missing_prize_draws": [],
    "path": "loto7_best_model.json",
    "profit": 66700,
    "purchase_count": 5,
    "rank_counts": {
      "1等": 0,
      "2等": 0,
      "3等": 1,
      "4等": 15,
      "5等": 60,
      "6等": 90,
      "外れ": 3254
    },
    "roi": 1.06501,
    "roi_percent": 106.501,
    "target_draws": 684,
    "total_cost": 1026000,
    "total_payout": 1092700,
    "total_tickets": 3420,
    "unit_cost": 300
  },
  "best_genome": {
    "best_rank_count": 16,
    "consecutive_penalty": 0.4935683974469848,
    "dormancy_weight": 0.010199486558624075,
    "full_weight": 0.13519265317915038,
    "generation": 228,
    "id": "g228_0228_2057",
    "low_high_bonus": 0.3626754851381677,
    "max_consecutive_pairs": 0,
    "max_main_match": 6,
    "odd_bonus": 0.311995376549624,
    "overlap_limit": 6,
    "pair_recency_weight": 0.050839300946951035,
    "pair_stability_weight": 0.2556279699561879,
    "pair_weight": 0.0317857540682134,
    "pool_size": 21,
    "recent120_weight": 0.40339417355164786,
    "recent240_weight": 0.011409372125524774,
    "recent60_weight": 0.4500038011436771,
    "score": 71254.8,
    "sum_bonus": 0.5503278341511205,
    "target_sum_max": 140,
    "target_sum_min": 113,
    "triple_weight": 0.006679732087377485
  },
  "best_metrics": {
    "evolution_score": 71271.89,
    "genome_id": "g228_0228_2057",
    "grade_hit_count": 166,
    "high_grade_hit_count": 16,
    "max_bonus_match": 2,
    "max_main_match": 6,
    "missing_prize_draw_count": 0,
    "missing_prize_draws": [],
    "path": "loto7_best_model.json",
    "profit": 66700,
    "purchase_count": 5,
    "rank_counts": {
      "1等": 0,
      "2等": 0,
      "3等": 1,
      "4等": 15,
      "5等": 60,
      "6等": 90,
      "外れ": 3254
    },
    "roi": 1.06501,
    "roi_percent": 106.501,
    "target_draws": 684,
    "total_cost": 1026000,
    "total_payout": 1092700,
    "total_tickets": 3420,
    "unit_cost": 300
  },
  "csv": "loto7.csv",
  "iterations_evaluated": 5,
  "iterations_requested": 20,
  "last_iteration": 5,
  "objective": "composite_roi_profit_highgrade_exploration",
  "parent_pool": [
    {
      "best_rank_count": 16,
      "consecutive_penalty": 0.4935683974469848,
      "dormancy_weight": 0.010199486558624075,
      "full_weight": 0.13519265317915038,
      "generation": 228,
      "id": "g228_0228_2057",
      "low_high_bonus": 0.3626754851381677,
      "max_consecutive_pairs": 0,
      "max_main_match": 6,
      "odd_bonus": 0.311995376549624,
      "overlap_limit": 6,
      "pair_recency_weight": 0.050839300946951035,
      "pair_stability_weight": 0.2556279699561879,
      "pair_weight": 0.0317857540682134,
      "pool_size": 21,
      "recent120_weight": 0.40339417355164786,
      "recent240_weight": 0.011409372125524774,
      "recent60_weight": 0.4500038011436771,
      "score": 71271.89,
      "sum_bonus": 0.5503278341511205,
      "target_sum_max": 140,
      "target_sum_min": 113,
      "triple_weight": 0.006679732087377485
    },
    {
      "best_rank_count": 10,
      "consecutive_penalty": 0.5174701420109841,
      "dormancy_weight": 0.007866740665536002,
      "full_weight": 0.05222678889313088,
      "generation": 3,
      "id": "g003_0003_7077",
      "low_high_bonus": 0.30606504654056865,
      "max_consecutive_pairs": 1,
      "max_main_match": 5,
      "odd_bonus": 0.6169763332191075,
      "overlap_limit": 6,
      "pair_recency_weight": 0.07628063290678205,
      "pair_stability_weight": 0.03423884278448317,
      "pair_weight": 0.0,
      "pool_size": 13,
      "recent120_weight": 0.7946967077686934,
      "recent240_weight": 0.08484605017748649,
      "recent60_weight": 0.06823045316068924,
      "score": 42285.41,
      "sum_bonus": 0.5515148901066684,
      "target_sum_max": 171,
      "target_sum_min": 106,
      "triple_weight": 0.04218906087380017
    },
    {
      "best_rank_count": 9,
      "consecutive_penalty": 0.42609837966763725,
      "dormancy_weight": 0.004496405389766376,
      "full_weight": 0.10198643520225235,
      "generation": 4,
      "id": "g004_0004_6699",
      "low_high_bonus": 0.2908317514941915,
      "max_consecutive_pairs": 2,
      "max_main_match": 5,
      "odd_bonus": 0.3776727914248409,
      "overlap_limit": 5,
      "pair_recency_weight": 0.01877793627559405,
      "pair_stability_weight": 0.3282962749568254,
      "pair_weight": 0.030065641470470528,
      "pool_size": 21,
      "recent120_weight": 0.3586486450428313,
      "recent240_weight": 0.00922379141810729,
      "recent60_weight": 0.530141128336809,
      "score": 37886.3,
      "sum_bonus": 0.4654736839301277,
      "target_sum_max": 142,
      "target_sum_min": 103,
      "triple_weight": 0.022434641642866942
    },
    {
      "best_rank_count": 8,
      "consecutive_penalty": 0.45599539846168774,
      "dormancy_weight": 0.0009220927226069969,
      "full_weight": 0.12597223624338594,
      "generation": 1,
      "id": "g001_0001_3041",
      "low_high_bonus": 0.3199078908789048,
      "max_consecutive_pairs": 1,
      "max_main_match": 5,
      "odd_bonus": 0.3739010882876361,
      "overlap_limit": 5,
      "pair_recency_weight": 0.029715963303296157,
      "pair_stability_weight": 0.3495583827384541,
      "pair_weight": 0.025886938053266712,
      "pool_size": 21,
      "recent120_weight": 0.3470070746179499,
      "recent240_weight": 0.029191573939788395,
      "recent60_weight": 0.49782911519887585,
      "score": 35357.59,
      "sum_bonus": 0.5434993876059733,
      "target_sum_max": 145,
      "target_sum_min": 108,
      "triple_weight": 0.0
    },
    {
      "best_rank_count": 8,
      "consecutive_penalty": 0.212278090973923,
      "dormancy_weight": 0.014911280975230904,
      "full_weight": 0.4602732491657763,
      "generation": 5,
      "id": "g005_0005_2734",
      "low_high_bonus": 0.4369727363660801,
      "max_consecutive_pairs": 1,
      "max_main_match": 5,
      "odd_bonus": 0.4954006421540869,
      "overlap_limit": 6,
      "pair_recency_weight": 0.05637392095302617,
      "pair_stability_weight": 0.07366870502727144,
      "pair_weight": 0.190976953321971,
      "pool_size": 16,
      "recent120_weight": 0.19633708790180604,
      "recent240_weight": 0.24358045548603177,
      "recent60_weight": 0.09980920744638591,
      "score": 33902.89,
      "sum_bonus": 0.6288899681380842,
      "target_sum_max": 163,
      "target_sum_min": 89,
      "triple_weight": 0.032882241346456564
    },
    {
      "best_rank_count": 7,
      "consecutive_penalty": 0.4637382649587427,
      "dormancy_weight": 0.029021241365579726,
      "full_weight": 0.07614368389395376,
      "generation": 2,
      "id": "g002_0002_1765",
      "low_high_bonus": 0.16181059446992602,
      "max_consecutive_pairs": 0,
      "max_main_match": 5,
      "odd_bonus": 0.30941096581121863,
      "overlap_limit": 6,
      "pair_recency_weight": 0.07011652663105611,