{
  "baseline_genome": {
    "best_rank_count": 12,
    "consecutive_penalty": 0.3623574832250292,
    "dormancy_weight": 0.012917181473117875,
    "full_weight": 0.49195168760124847,
    "generation": 48,
    "id": "g048_0048_8272",
    "low_high_bonus": 0.12148584570315821,
    "max_consecutive_pairs": 2,
    "max_main_match": 6,
    "odd_bonus": 0.5183284059616986,
    "overlap_limit": 6,
    "pair_recency_weight": 0.12270295129554955,
    "pair_stability_weight": 0.15898518288574848,
    "pair_weight": 0.11909966623908186,
    "pool_size": 15,
    "recent120_weight": 0.16621995522504893,
    "recent240_weight": 0.13532064094378332,
    "recent60_weight": 0.20650771622991929,
    "score": 58590.51,
    "sum_bonus": 0.6121964505564605,
    "target_sum_max": 140,
    "target_sum_min": 108,
    "triple_weight": 0.018700599039030055
  },
  "baseline_metrics": {
    "evolution_score": 58590.51,
    "genome_id": "g048_0048_8272",
    "grade_hit_count": 147,
    "high_grade_hit_count": 12,
    "max_bonus_match": 2,
    "max_main_match": 6,
    "missing_prize_draw_count": 0,
    "missing_prize_draws": [],
    "path": "loto7_best_model.json",
    "profit": -79500,
    "purchase_count": 5,
    "rank_counts": {
      "1等": 0,
      "2等": 0,
      "3等": 1,
      "4等": 11,
      "5等": 49,
      "6等": 86,
      "外れ": 3268
    },
    "roi": 0.922401,
    "roi_percent": 92.24,
    "target_draws": 683,
    "total_cost": 1024500,
    "total_payout": 945000,
    "total_tickets": 3415,
    "unit_cost": 300
  },
  "best_genome": {
    "best_rank_count": 12,
    "consecutive_penalty": 0.3623574832250292,
    "dormancy_weight": 0.012917181473117875,
    "full_weight": 0.49195168760124847,
    "generation": 48,
    "id": "g048_0048_8272",
    "low_high_bonus": 0.12148584570315821,
    "max_consecutive_pairs": 2,
    "max_main_match": 6,
    "odd_bonus": 0.5183284059616986,
    "overlap_limit": 6,
    "pair_recency_weight": 0.12270295129554955,
    "pair_stability_weight": 0.15898518288574848,
    "pair_weight": 0.11909966623908186,
    "pool_size": 15,
    "recent120_weight": 0.16621995522504893,
    "recent240_weight": 0.13532064094378332,
    "recent60_weight": 0.20650771622991929,
    "score": 58590.51,
    "sum_bonus": 0.6121964505564605,
    "target_sum_max": 140,
    "target_sum_min": 108,
    "triple_weight": 0.018700599039030055
  },
  "best_metrics": {
    "evolution_score": 58590.51,
    "genome_id": "g048_0048_8272",
    "grade_hit_count": 147,
    "high_grade_hit_count": 12,
    "max_bonus_match": 2,
    "max_main_match": 6,
    "missing_prize_draw_count": 0,
    "missing_prize_draws": [],
    "path": "loto7_best_model.json",
    "profit": -79500,
    "purchase_count": 5,
    "rank_counts": {
      "1等": 0,
      "2等": 0,
      "3等": 1,
      "4等": 11,
      "5等": 49,
      "6等": 86,
      "外れ": 3268
    },
    "roi": 0.922401,
    "roi_percent": 92.24,
    "target_draws": 683,
    "total_cost": 1024500,
    "total_payout": 945000,
    "total_tickets": 3415,
    "unit_cost": 300
  },
  "csv": "loto7.csv",
  "iterations_evaluated": 4,
  "iterations_requested": 20,
  "last_iteration": 4,
  "objective": "composite_roi_profit_highgrade_exploration",
  "parent_pool": [
    {
      "best_rank_count": 12,
      "consecutive_penalty": 0.3623574832250292,
      "dormancy_weight": 0.012917181473117875,
      "full_weight": 0.49195168760124847,
      "generation": 48,
      "id": "g048_0048_8272",
      "low_high_bonus": 0.12148584570315821,
      "max_consecutive_pairs": 2,
      "max_main_match": 6,
      "odd_bonus": 0.5183284059616986,
      "overlap_limit": 6,
      "pair_recency_weight": 0.12270295129554955,
      "pair_stability_weight": 0.15898518288574848,
      "pair_weight": 0.11909966623908186,
      "pool_size": 15,
      "recent120_weight": 0.16621995522504893,
      "recent240_weight": 0.13532064094378332,
      "recent60_weight": 0.20650771622991929,
      "score": 58590.51,
      "sum_bonus": 0.6121964505564605,
      "target_sum_max": 140,
      "target_sum_min": 108,
      "triple_weight": 0.018700599039030055
    },
    {
      "best_rank_count": 10,
      "consecutive_penalty": 0.5034134795774878,
      "dormancy_weight": 0.06007164803082632,
      "full_weight": 0.4998274124983662,
      "generation": 2,
      "id": "g002_0002_8162",
      "low_high_bonus": 0.3902039730487629,
      "max_consecutive_pairs": 3,
      "max_main_match": 5,
      "odd_bonus": 0.26800819470018233,
      "overlap_limit": 5,
      "pair_recency_weight": 0.10266819777144902,
      "pair_stability_weight": 0.1640614734227912,
      "pair_weight": 0.10767158060435064,
      "pool_size": 22,
      "recent120_weight": 0.1703180703716225,
      "recent240_weight": 0.23863701543330407,
      "recent60_weight": 0.09121750169670725,
      "score": 40111.11,
      "sum_bonus": 0.27217853502565853,
      "target_sum_max": 181,
      "target_sum_min": 100,
      "triple_weight": 0.0
    },
    {
      "best_rank_count": 8,
      "consecutive_penalty": 0.400351406276387,
      "dormancy_weight": 0.005753724480431509,
      "full_weight": 0.2301009847309925,
      "generation": 3,
      "id": "g003_0003_8688",
      "low_high_bonus": 0.34550497247166745,
      "max_consecutive_pairs": 2,
      "max_main_match": 5,
      "odd_bonus": 0.1499978255493002,
      "overlap_limit": 5,
      "pair_recency_weight": 0.1153435669407339,
      "pair_stability_weight": 0.03166037687365096,
      "pair_weight": 0.181612733073402,
      "pool_size": 18,
      "recent120_weight": 0.11755408005794683,
      "recent240_weight": 0.64529042159796,
      "recent60_weight": 0.007054513613100682,
      "score": 33845.91,
      "sum_bonus": 0.2959354469696057,
      "target_sum_max": 166,
      "target_sum_min": 105,
      "triple_weight": 0.06092167658014384
    },
    {
      "best_rank_count": 7,
      "consecutive_penalty": 0.2744237441664342,
      "dormancy_weight": 0.015985540794608025,
      "full_weight": 0.28531555328593744,
      "generation": 4,
      "id": "g004_0004_7132",
      "low_high_bonus": 0.15110783105012401,
      "max_consecutive_pairs": 0,
      "max_main_match": 5,
      "odd_bonus": 0.40718423366181977,
      "overlap_limit": 5,
      "pair_recency_weight": 0.12045486189006759,
      "pair_stability_weight": 0.018079926639927624,
      "pair_weight": 0.12564864438473758,
      "pool_size": 21,
      "recent120_weight": 0.6348094282640778,
      "recent240_weight": 0.06783698918641708,
      "recent60_weight": 0.012038029263567642,
      "score": 30587.26,
      "sum_bonus": 0.30531376341421457,
      "target_sum_max": 165,
      "target_sum_min": 88,
      "triple_weight": 0.132450878659985
    },
    {
      "best_rank_count": 6,
      "consecutive_penalty": 0.14149812827685385,
      "dormancy_weight": 0.008093037642430028,
      "full_weight": 0.40243809442864176,
      "generation": 1,
      "id": "g001_0001_6659",
      "low_high_bonus": 0.3266827890013204,
      "max_consecutive_pairs": 2,
      "max_main_match": 5,
      "odd_bonus": 0.5419587200439794,
      "overlap_limit": 5,
      "pair_recency_weight": 0.2073236322099456,
      "pair_stability_weight": 0.042899586691615615,
      "pair_weight": 0.16139487267841696,
      "pool_size": 21,
      "recent120_weight": 0.3751311928696806,
      "recent240_weight": 0.14400274050198364,
      "recent60_weight": 0.07842797219969397,
      "score": 28271.91,
      "sum_bonus": 0.5619336049762711,
      "target_sum_max": 175,
      "target_sum_min": 83,
      "triple_weight": 0.08494368185453126
    },
    {
      "best_rank_count": 0,
      "consecutive_penalty": 0.2928882901564408,
      "dormancy_weight": 0.035679106375714406,
      "full_weight": 0.4497209913694596,
      "generation": 1,
      "id": "g001_0001_6904",
      "low_high_bonus": 0.2539310695526299,
      "max_consecutive_pairs": 3,
      "max_main_match": 0,
      "odd_bonus": 0.4238135856959578,
      "overlap_limit": 6,