{
  "baseline_genome": {
    "best_rank_count": 16,
    "consecutive_penalty": 0.4935683974469848,
    "dormancy_weight": 0.010199486558624075,
    "full_weight": 0.13519265317915038,
    "generation": 228,
    "id": "g228_0228_2057",
    "low_high_bonus": 0.3626754851381677,
    "max_consecutive_pairs": 0,
    "max_main_match": 6,
    "odd_bonus": 0.311995376549624,
    "overlap_limit": 6,
    "pair_recency_weight": 0.050839300946951035,
    "pair_stability_weight": 0.2556279699561879,
    "pair_weight": 0.0317857540682134,
    "pool_size": 21,
    "recent120_weight": 0.40339417355164786,
    "recent240_weight": 0.011409372125524774,
    "recent60_weight": 0.4500038011436771,
    "score": 71254.8,
    "sum_bonus": 0.5503278341511205,
    "target_sum_max": 140,
    "target_sum_min": 113,
    "triple_weight": 0.006679732087377485
  },
  "baseline_metrics": {
    "evolution_score": 71271.89,
    "genome_id": "g228_0228_2057",
    "grade_hit_count": 166,
    "high_grade_hit_count": 16,
    "max_bonus_match": 2,
    "max_main_match": 6,
    "missing_prize_draw_count": 0,
    "missing_prize_draws": [],
    "path": "loto7_best_model.json",
    "profit": 66700,
    "purchase_count": 5,
    "rank_counts": {
      "1等": 0,
      "2等": 0,
      "3等": 1,
      "4等": 15,
      "5等": 60,
      "6等": 90,
      "外れ": 3254
    },
    "roi": 1.06501,
    "roi_percent": 106.501,
    "target_draws": 684,
    "total_cost": 1026000,
    "total_payout": 1092700,
    "total_tickets": 3420,
    "unit_cost": 300
  },
  "best_genome": {
    "best_rank_count": 16,
    "consecutive_penalty": 0.4935683974469848,
    "dormancy_weight": 0.010199486558624075,
    "full_weight": 0.13519265317915038,
    "generation": 228,
    "id": "g228_0228_2057",
    "low_high_bonus": 0.3626754851381677,
    "max_consecutive_pairs": 0,
    "max_main_match": 6,
    "odd_bonus": 0.311995376549624,
    "overlap_limit": 6,
    "pair_recency_weight": 0.050839300946951035,
    "pair_stability_weight": 0.2556279699561879,
    "pair_weight": 0.0317857540682134,
    "pool_size": 21,
    "recent120_weight": 0.40339417355164786,
    "recent240_weight": 0.011409372125524774,
    "recent60_weight": 0.4500038011436771,
    "score": 71254.8,
    "sum_bonus": 0.5503278341511205,
    "target_sum_max": 140,
    "target_sum_min": 113,
    "triple_weight": 0.006679732087377485
  },
  "best_metrics": {
    "evolution_score": 71271.89,
    "genome_id": "g228_0228_2057",
    "grade_hit_count": 166,
    "high_grade_hit_count": 16,
    "max_bonus_match": 2,
    "max_main_match": 6,
    "missing_prize_draw_count": 0,
    "missing_prize_draws": [],
    "path": "loto7_best_model.json",
    "profit": 66700,
    "purchase_count": 5,
    "rank_counts": {
      "1等": 0,
      "2等": 0,
      "3等": 1,
      "4等": 15,
      "5等": 60,
      "6等": 90,
      "外れ": 3254
    },
    "roi": 1.06501,
    "roi_percent": 106.501,
    "target_draws": 684,
    "total_cost": 1026000,
    "total_payout": 1092700,
    "total_tickets": 3420,
    "unit_cost": 300
  },
  "csv": "loto7.csv",
  "iterations_evaluated": 6,
  "iterations_requested": 20,
  "last_iteration": 6,
  "objective": "composite_roi_profit_highgrade_exploration",
  "parent_pool": [
    {
      "best_rank_count": 16,
      "consecutive_penalty": 0.4935683974469848,
      "dormancy_weight": 0.010199486558624075,
      "full_weight": 0.13519265317915038,
      "generation": 228,
      "id": "g228_0228_2057",
      "low_high_bonus": 0.3626754851381677,
      "max_consecutive_pairs": 0,
      "max_main_match": 6,
      "odd_bonus": 0.311995376549624,
      "overlap_limit": 6,
      "pair_recency_weight": 0.050839300946951035,
      "pair_stability_weight": 0.2556279699561879,
      "pair_weight": 0.0317857540682134,
      "pool_size": 21,
      "recent120_weight": 0.40339417355164786,
      "recent240_weight": 0.011409372125524774,
      "recent60_weight": 0.4500038011436771,
      "score": 71271.89,
      "sum_bonus": 0.5503278341511205,
      "target_sum_max": 140,
      "target_sum_min": 113,
      "triple_weight": 0.006679732087377485
    },
    {
      "best_rank_count": 9,
      "consecutive_penalty": 0.29416458110205224,
      "dormancy_weight": 0.010994824027912685,
      "full_weight": 0.19769151117823333,
      "generation": 6,
      "id": "g006_0006_8729",
      "low_high_bonus": 0.32075147625956973,
      "max_consecutive_pairs": 0,
      "max_main_match": 6,
      "odd_bonus": 0.39743688198968824,
      "overlap_limit": 6,
      "pair_recency_weight": 0.06818542176501485,
      "pair_stability_weight": 0.15178419711047608,
      "pair_weight": 0.21014599125537892,
      "pool_size": 24,
      "recent120_weight": 0.5437067645800701,
      "recent240_weight": 0.07673214095723344,
      "recent60_weight": 0.1818695832844632,
      "score": 53540.75,
      "sum_bonus": 0.6871177692247228,
      "target_sum_max": 148,
      "target_sum_min": 100,
      "triple_weight": 0.03600492918853401
    },
    {
      "best_rank_count": 13,
      "consecutive_penalty": 0.4422615714123197,
      "dormancy_weight": 0.0,
      "full_weight": 0.23526801160453248,
      "generation": 1,
      "id": "g001_0001_7619",
      "low_high_bonus": 0.3268797794719311,
      "max_consecutive_pairs": 0,
      "max_main_match": 5,
      "odd_bonus": 0.23238512254413046,
      "overlap_limit": 6,
      "pair_recency_weight": 0.11394614514296031,
      "pair_stability_weight": 0.2597510115246343,
      "pair_weight": 0.017205791411857498,
      "pool_size": 21,
      "recent120_weight": 0.37330438102858166,
      "recent240_weight": 0.11703557252842883,
      "recent60_weight": 0.27439203483845714,
      "score": 49240.26,
      "sum_bonus": 0.5641535644043731,
      "target_sum_max": 150,
      "target_sum_min": 107,
      "triple_weight": 0.03200546749756971
    },
    {
      "best_rank_count": 9,
      "consecutive_penalty": 0.41649144597881027,
      "dormancy_weight": 0.0026533748783719602,
      "full_weight": 0.14586580929474707,
      "generation": 4,
      "id": "g004_0004_1589",
      "low_high_bonus": 0.38125021998547226,
      "max_consecutive_pairs": 0,
      "max_main_match": 5,
      "odd_bonus": 0.602123078191751,
      "overlap_limit": 5,
      "pair_recency_weight": 0.0616143886232983,
      "pair_stability_weight": 0.16185892529984178,
      "pair_weight": 0.016337656003910454,
      "pool_size": 22,
      "recent120_weight": 0.3891603964413867,
      "recent240_weight": 0.13904728343948497,
      "recent60_weight": 0.32592651082438123,
      "score": 37594.99,
      "sum_bonus": 0.2548838086629248,
      "target_sum_max": 171,
      "target_sum_min": 115,
      "triple_weight": 0.05081403964887243
    },
    {
      "best_rank_count": 8,
      "consecutive_penalty": 0.4475013704500156,
      "dormancy_weight": 0.004280134035372525,
      "full_weight": 0.1987171981503145,
      "generation": 3,
      "id": "g003_0003_9423",
      "low_high_bonus": 0.3674754132039017,
      "max_consecutive_pairs": 0,
      "max_main_match": 5,
      "odd_bonus": 0.29063628411871345,
      "overlap_limit": 5,
      "pair_recency_weight": 0.02808105122789884,
      "pair_stability_weight": 0.21990204325779286,
      "pair_weight": 0.0,
      "pool_size": 23,
      "recent120_weight": 0.2653725027702299,
      "recent240_weight": 0.11904991636875233,
      "recent60_weight": 0.4168603827107032,
      "score": 35392.11,
      "sum_bonus": 0.6559700721372355,
      "target_sum_max": 140,
      "target_sum_min": 106,
      "triple_weight": 0.0
    },
    {
      "best_rank_count": 7,
      "consecutive_penalty": 0.41047169808614764,
      "dormancy_weight": 0.013402682146585175,
      "full_weight": 0.13237472220919735,
      "generation": 2,
      "id": "g002_0002_1339",
      "low_high_bonus": 0.38087337665350446,
      "max_consecutive_pairs": 0,
      "max_main_match": 5,
      "odd_bonus": 0.5510654684086418,
      "overlap_limit": 5,
      "pair_recency_weight": 0.06916126353511064,