{
  "baseline_genome": {
    "best_rank_count": 16,
    "consecutive_penalty": 0.4935683974469848,
    "dormancy_weight": 0.010199486558624075,
    "full_weight": 0.13519265317915038,
    "generation": 228,
    "id": "g228_0228_2057",
    "low_high_bonus": 0.3626754851381677,
    "max_consecutive_pairs": 0,
    "max_main_match": 6,
    "odd_bonus": 0.311995376549624,
    "overlap_limit": 6,
    "pair_recency_weight": 0.050839300946951035,
    "pair_stability_weight": 0.2556279699561879,
    "pair_weight": 0.0317857540682134,
    "pool_size": 21,
    "recent120_weight": 0.40339417355164786,
    "recent240_weight": 0.011409372125524774,
    "recent60_weight": 0.4500038011436771,
    "score": 71271.89,
    "sum_bonus": 0.5503278341511205,
    "target_sum_max": 140,
    "target_sum_min": 113,
    "triple_weight": 0.006679732087377485
  },
  "baseline_metrics": {
    "evolution_score": 71271.89,
    "genome_id": "g228_0228_2057",
    "grade_hit_count": 166,
    "high_grade_hit_count": 16,
    "max_bonus_match": 2,
    "max_main_match": 6,
    "missing_prize_draw_count": 0,
    "missing_prize_draws": [],
    "path": "loto7_best_model.json",
    "profit": 68200,
    "purchase_count": 5,
    "rank_counts": {
      "1等": 0,
      "2等": 0,
      "3等": 1,
      "4等": 15,
      "5等": 60,
      "6等": 90,
      "外れ": 3249
    },
    "roi": 1.066569,
    "roi_percent": 106.657,
    "target_draws": 683,
    "total_cost": 1024500,
    "total_payout": 1092700,
    "total_tickets": 3415,
    "unit_cost": 300
  },
  "best_genome": {
    "best_rank_count": 16,
    "consecutive_penalty": 0.4935683974469848,
    "dormancy_weight": 0.010199486558624075,
    "full_weight": 0.13519265317915038,
    "generation": 228,
    "id": "g228_0228_2057",
    "low_high_bonus": 0.3626754851381677,
    "max_consecutive_pairs": 0,
    "max_main_match": 6,
    "odd_bonus": 0.311995376549624,
    "overlap_limit": 6,
    "pair_recency_weight": 0.050839300946951035,
    "pair_stability_weight": 0.2556279699561879,
    "pair_weight": 0.0317857540682134,
    "pool_size": 21,
    "recent120_weight": 0.40339417355164786,
    "recent240_weight": 0.011409372125524774,
    "recent60_weight": 0.4500038011436771,
    "score": 71271.89,
    "sum_bonus": 0.5503278341511205,
    "target_sum_max": 140,
    "target_sum_min": 113,
    "triple_weight": 0.006679732087377485
  },
  "best_metrics": {
    "evolution_score": 71271.89,
    "genome_id": "g228_0228_2057",
    "grade_hit_count": 166,
    "high_grade_hit_count": 16,
    "max_bonus_match": 2,
    "max_main_match": 6,
    "missing_prize_draw_count": 0,
    "missing_prize_draws": [],
    "path": "loto7_best_model.json",
    "profit": 68200,
    "purchase_count": 5,
    "rank_counts": {
      "1等": 0,
      "2等": 0,
      "3等": 1,
      "4等": 15,
      "5等": 60,
      "6等": 90,
      "外れ": 3249
    },
    "roi": 1.066569,
    "roi_percent": 106.657,
    "target_draws": 683,
    "total_cost": 1024500,
    "total_payout": 1092700,
    "total_tickets": 3415,
    "unit_cost": 300
  },
  "csv": "loto7.csv",
  "iterations_evaluated": 4,
  "iterations_requested": 20,
  "last_iteration": 4,
  "objective": "composite_roi_profit_highgrade_exploration",
  "parent_pool": [
    {
      "best_rank_count": 16,
      "consecutive_penalty": 0.4935683974469848,
      "dormancy_weight": 0.010199486558624075,
      "full_weight": 0.13519265317915038,
      "generation": 228,
      "id": "g228_0228_2057",
      "low_high_bonus": 0.3626754851381677,
      "max_consecutive_pairs": 0,
      "max_main_match": 6,
      "odd_bonus": 0.311995376549624,
      "overlap_limit": 6,
      "pair_recency_weight": 0.050839300946951035,
      "pair_stability_weight": 0.2556279699561879,
      "pair_weight": 0.0317857540682134,
      "pool_size": 21,
      "recent120_weight": 0.40339417355164786,
      "recent240_weight": 0.011409372125524774,
      "recent60_weight": 0.4500038011436771,
      "score": 71271.89,
      "sum_bonus": 0.5503278341511205,
      "target_sum_max": 140,
      "target_sum_min": 113,
      "triple_weight": 0.006679732087377485
    },
    {
      "best_rank_count": 16,
      "consecutive_penalty": 0.4126198429905588,
      "dormancy_weight": 0.0,
      "full_weight": 0.16309739958601335,
      "generation": 1,
      "id": "g001_0001_8490",
      "low_high_bonus": 0.4276438913179699,
      "max_consecutive_pairs": 1,
      "max_main_match": 6,
      "odd_bonus": 0.3877396840987708,
      "overlap_limit": 6,
      "pair_recency_weight": 0.02824936364406407,
      "pair_stability_weight": 0.24009722453883167,
      "pair_weight": 0.03227810372691941,
      "pool_size": 23,
      "recent120_weight": 0.3531657388183751,
      "recent240_weight": 0.0668100317098573,
      "recent60_weight": 0.41692682988575425,
      "score": 70933.13,
      "sum_bonus": 0.5760537857321112,
      "target_sum_max": 140,
      "target_sum_min": 108,
      "triple_weight": 0.041350577456743975
    },
    {
      "best_rank_count": 7,
      "consecutive_penalty": 0.16312922900412422,
      "dormancy_weight": 0.03447027062574867,
      "full_weight": 0.5105255340197831,
      "generation": 2,
      "id": "g002_0002_8466",
      "low_high_bonus": 0.15816126167659073,
      "max_consecutive_pairs": 1,
      "max_main_match": 5,
      "odd_bonus": 0.2590220254126419,
      "overlap_limit": 6,
      "pair_recency_weight": 0.1290162274638808,
      "pair_stability_weight": 0.0750965865847479,
      "pair_weight": 0.024111503207875654,
      "pool_size": 17,
      "recent120_weight": 0.09666742568131864,
      "recent240_weight": 0.09515058605444084,
      "recent60_weight": 0.2976564542444575,
      "score": 34448.8,
      "sum_bonus": 0.3852097448483738,
      "target_sum_max": 168,
      "target_sum_min": 87,
      "triple_weight": 0.030978451281371847
    },
    {
      "best_rank_count": 8,
      "consecutive_penalty": 0.534300941116621,
      "dormancy_weight": 0.04565373896842076,
      "full_weight": 0.22894718993913357,
      "generation": 3,
      "id": "g003_0003_5462",
      "low_high_bonus": 0.35734647478311493,
      "max_consecutive_pairs": 1,
      "max_main_match": 5,
      "odd_bonus": 0.5556893802260424,
      "overlap_limit": 5,
      "pair_recency_weight": 0.23268043563407492,
      "pair_stability_weight": 0.03738099820155251,
      "pair_weight": 0.1171718059319297,
      "pool_size": 16,
      "recent120_weight": 0.1454547970417559,
      "recent240_weight": 0.2544382154384247,
      "recent60_weight": 0.371159797580686,
      "score": 33251.04,
      "sum_bonus": 0.3188430383166268,
      "target_sum_max": 170,
      "target_sum_min": 95,
      "triple_weight": 0.009791288306711443
    },
    {
      "best_rank_count": 5,
      "consecutive_penalty": 0.5070742146924748,
      "dormancy_weight": 0.00963145820289786,
      "full_weight": 0.03927799375303107,
      "generation": 4,
      "id": "g004_0004_5909",
      "low_high_bonus": 0.348556785183029,
      "max_consecutive_pairs": 0,
      "max_main_match": 5,
      "odd_bonus": 0.3355952437782875,
      "overlap_limit": 4,
      "pair_recency_weight": 0.02204969561450784,
      "pair_stability_weight": 0.24709930260477675,
      "pair_weight": 0.12001702952889594,
      "pool_size": 19,
      "recent120_weight": 0.4036482287869876,
      "recent240_weight": 0.16934290444792946,
      "recent60_weight": 0.38773087301205195,
      "score": 28181.28,
      "sum_bonus": 0.5060870054123737,
      "target_sum_max": 140,
      "target_sum_min": 120,
      "triple_weight": 0.0
    },
    {
      "best_rank_count": 0,
      "consecutive_penalty": 0.372637307099026,
      "dormancy_weight": 0.023174134631503755,
      "full_weight": 0.15758254278228212,
      "generation": 1,
      "id": "g001_0001_4004",
      "low_high_bonus": 0.37558247689711205,
      "max_consecutive_pairs": 0,
      "max_main_match": 0,
      "odd_bonus": 0.1931816651795879,
      "overlap_limit": 5,
      "pair_recency_weight": 0.0298943340623645,