{
  "baseline_genome": {
    "best_rank_count": 2,
    "consecutive_penalty": 0.2307354823692875,
    "dormancy_weight": 0.04916003393539038,
    "full_weight": 0.3032937958195276,
    "generation": 2,
    "id": "g002_0013_8486",
    "low_high_bonus": 0.2661977650130201,
    "max_consecutive_pairs": 1,
    "max_main_match": 6,
    "odd_bonus": 0.3571829368097169,
    "overlap_limit": 4,
    "pair_recency_weight": 0.09639309396022575,
    "pair_stability_weight": 0.1595570365521473,
    "pair_weight": 0.08323802332455774,
    "pool_size": 17,
    "recent120_weight": 0.2328013140826817,
    "recent240_weight": 0.3444181065874426,
    "recent60_weight": 0.11948678351034817,
    "score": 67991.78238597537,
    "sum_bonus": 0.5785715541028872,
    "target_sum_max": 175,
    "target_sum_min": 103,
    "triple_weight": 0.012776004750939308
  },
  "baseline_metrics": {
    "evolution_score": 67991.78238597537,
    "genome_id": "g002_0013_8486",
    "grade_hit_count": 138,
    "high_grade_hit_count": 6,
    "max_bonus_match": 2,
    "max_main_match": 6,
    "missing_prize_draw_count": 0,
    "missing_prize_draws": [],
    "path": "loto7_best_model.json",
    "profit": -359600,
    "purchase_count": 5,
    "rank_counts": {
      "1等": 0,
      "2等": 0,
      "3等": 1,
      "4等": 5,
      "5等": 51,
      "6等": 81,
      "外れ": 2972
    },
    "roi": 0.614577,
    "roi_percent": 61.458,
    "target_draws": 622,
    "total_cost": 933000,
    "total_payout": 573400,
    "total_tickets": 3110,
    "unit_cost": 300
  },
  "best_genome": {
    "best_rank_count": 0,
    "consecutive_penalty": 0.12581627845696708,
    "dormancy_weight": 0.07107373822748962,
    "full_weight": 0.30517609656707945,
    "generation": 67,
    "id": "g067_0067_8357",
    "low_high_bonus": 0.25072452327408645,
    "max_consecutive_pairs": 2,
    "max_main_match": 0,
    "odd_bonus": 0.35689079069452967,
    "overlap_limit": 4,
    "pair_recency_weight": 0.12541689367450007,
    "pair_stability_weight": 0.12225734927285792,
    "pair_weight": 0.06531618081377935,
    "pool_size": 16,
    "recent120_weight": 0.22979475149927597,
    "recent240_weight": 0.27596287997797775,
    "recent60_weight": 0.18906627195566697,
    "score": 0.0,
    "sum_bonus": 0.5073331252671593,
    "target_sum_max": 172,
    "target_sum_min": 108,
    "triple_weight": 0.015284370031891953
  },
  "best_metrics": {
    "evolution_score": 0.0,
    "genome_id": "g067_0067_8357",
    "grade_hit_count": 144,
    "high_grade_hit_count": 7,
    "max_bonus_match": 2,
    "max_main_match": 6,
    "missing_prize_draw_count": 0,
    "missing_prize_draws": [],
    "path": "candidate_67",
    "profit": -347500,
    "purchase_count": 5,
    "rank_counts": {
      "1等": 0,
      "2等": 0,
      "3等": 1,
      "4等": 6,
      "5等": 52,
      "6等": 85,
      "外れ": 2966
    },
    "roi": 0.627546,
    "roi_percent": 62.755,
    "target_draws": 622,
    "total_cost": 933000,
    "total_payout": 585500,
    "total_tickets": 3110,
    "unit_cost": 300
  },
  "csv": "loto7.csv",
  "iterations_evaluated": 84,
  "iterations_requested": 100,
  "last_iteration": 84,
  "parent_pool": [
    {
      "best_rank_count": 2,
      "consecutive_penalty": 0.2307354823692875,
      "dormancy_weight": 0.04916003393539038,
      "full_weight": 0.3032937958195276,
      "generation": 2,
      "id": "g002_0013_8486",
      "low_high_bonus": 0.2661977650130201,
      "max_consecutive_pairs": 1,
      "max_main_match": 6,
      "odd_bonus": 0.3571829368097169,
      "overlap_limit": 4,
      "pair_recency_weight": 0.09639309396022575,
      "pair_stability_weight": 0.1595570365521473,
      "pair_weight": 0.08323802332455774,
      "pool_size": 17,
      "recent120_weight": 0.2328013140826817,
      "recent240_weight": 0.3444181065874426,
      "recent60_weight": 0.11948678351034817,
      "score": 67991.78238597537,
      "sum_bonus": 0.5785715541028872,
      "target_sum_max": 175,
      "target_sum_min": 103,
      "triple_weight": 0.012776004750939308
    },
    {
      "best_rank_count": 0,
      "consecutive_penalty": 0.15117143189993515,
      "dormancy_weight": 0.06199756307903106,
      "full_weight": 0.33970683128648194,
      "generation": 5,
      "id": "g005_0005_4813",
      "low_high_bonus": 0.2226332592162722,
      "max_consecutive_pairs": 1,
      "max_main_match": 0,
      "odd_bonus": 0.3953543024643813,
      "overlap_limit": 4,
      "pair_recency_weight": 0.12567694232115267,
      "pair_stability_weight": 0.1517334627875469,
      "pair_weight": 0.07954235178656714,
      "pool_size": 16,
      "recent120_weight": 0.2640585646380945,
      "recent240_weight": 0.239963934431706,
      "recent60_weight": 0.15627066964371764,
      "score": 0.0,
      "sum_bonus": 0.5796909090793492,
      "target_sum_max": 175,
      "target_sum_min": 103,
      "triple_weight": 0.0
    },
    {
      "best_rank_count": 0,
      "consecutive_penalty": 0.16583551170300623,
      "dormancy_weight": 0.0668739213239282,
      "full_weight": 0.35116920863505063,
      "generation": 7,
      "id": "g007_0007_6775",
      "low_high_bonus": 0.23858525516575424,
      "max_consecutive_pairs": 1,
      "max_main_match": 0,
      "odd_bonus": 0.3103079881294068,
      "overlap_limit": 4,
      "pair_recency_weight": 0.15376749491650585,
      "pair_stability_weight": 0.1430033921260923,
      "pair_weight": 0.05947238462005559,
      "pool_size": 15,
      "recent120_weight": 0.2335716771205109,
      "recent240_weight": 0.39941588381370435,
      "recent60_weight": 0.01584323043073409,
      "score": 0.0,
      "sum_bonus": 0.561679861185434,
      "target_sum_max": 170,
      "target_sum_min": 108,
      "triple_weight": 0.0
    },
    {
      "best_rank_count": 0,
      "consecutive_penalty": 0.12581627845696708,
      "dormancy_weight": 0.07107373822748962,
      "full_weight": 0.30517609656707945,
      "generation": 67,
      "id": "g067_0067_8357",
      "low_high_bonus": 0.25072452327408645,
      "max_consecutive_pairs": 2,
      "max_main_match": 0,
      "odd_bonus": 0.35689079069452967,
      "overlap_limit": 4,
      "pair_recency_weight": 0.12541689367450007,
      "pair_stability_weight": 0.12225734927285792,
      "pair_weight": 0.06531618081377935,
      "pool_size": 16,
      "recent120_weight": 0.22979475149927597,
      "recent240_weight": 0.27596287997797775,
      "recent60_weight": 0.18906627195566697,
      "score": 0.0,
      "sum_bonus": 0.5073331252671593,
      "target_sum_max": 172,
      "target_sum_min": 108,
      "triple_weight": 0.015284370031891953
    }
  ],
  "purchase_count": 5,