{
  "baseline_genome": {
    "best_rank_count": 16,
    "consecutive_penalty": 0.4935683974469848,
    "dormancy_weight": 0.010199486558624075,
    "full_weight": 0.13519265317915038,
    "generation": 228,
    "id": "g228_0228_2057",
    "low_high_bonus": 0.3626754851381677,
    "max_consecutive_pairs": 0,
    "max_main_match": 6,
    "odd_bonus": 0.311995376549624,
    "overlap_limit": 6,
    "pair_recency_weight": 0.050839300946951035,
    "pair_stability_weight": 0.2556279699561879,
    "pair_weight": 0.0317857540682134,
    "pool_size": 21,
    "recent120_weight": 0.40339417355164786,
    "recent240_weight": 0.011409372125524774,
    "recent60_weight": 0.4500038011436771,
    "score": 71254.8,
    "sum_bonus": 0.5503278341511205,
    "target_sum_max": 140,
    "target_sum_min": 113,
    "triple_weight": 0.006679732087377485
  },
  "baseline_metrics": {
    "evolution_score": 71271.89,
    "genome_id": "g228_0228_2057",
    "grade_hit_count": 166,
    "high_grade_hit_count": 16,
    "max_bonus_match": 2,
    "max_main_match": 6,
    "missing_prize_draw_count": 0,
    "missing_prize_draws": [],
    "path": "loto7_best_model.json",
    "profit": 66700,
    "purchase_count": 5,
    "rank_counts": {
      "1等": 0,
      "2等": 0,
      "3等": 1,
      "4等": 15,
      "5等": 60,
      "6等": 90,
      "外れ": 3254
    },
    "roi": 1.06501,
    "roi_percent": 106.501,
    "target_draws": 684,
    "total_cost": 1026000,
    "total_payout": 1092700,
    "total_tickets": 3420,
    "unit_cost": 300
  },
  "best_genome": {
    "best_rank_count": 16,
    "consecutive_penalty": 0.4935683974469848,
    "dormancy_weight": 0.010199486558624075,
    "full_weight": 0.13519265317915038,
    "generation": 228,
    "id": "g228_0228_2057",
    "low_high_bonus": 0.3626754851381677,
    "max_consecutive_pairs": 0,
    "max_main_match": 6,
    "odd_bonus": 0.311995376549624,
    "overlap_limit": 6,
    "pair_recency_weight": 0.050839300946951035,
    "pair_stability_weight": 0.2556279699561879,
    "pair_weight": 0.0317857540682134,
    "pool_size": 21,
    "recent120_weight": 0.40339417355164786,
    "recent240_weight": 0.011409372125524774,
    "recent60_weight": 0.4500038011436771,
    "score": 71254.8,
    "sum_bonus": 0.5503278341511205,
    "target_sum_max": 140,
    "target_sum_min": 113,
    "triple_weight": 0.006679732087377485
  },
  "best_metrics": {
    "evolution_score": 71271.89,
    "genome_id": "g228_0228_2057",
    "grade_hit_count": 166,
    "high_grade_hit_count": 16,
    "max_bonus_match": 2,
    "max_main_match": 6,
    "missing_prize_draw_count": 0,
    "missing_prize_draws": [],
    "path": "loto7_best_model.json",
    "profit": 66700,
    "purchase_count": 5,
    "rank_counts": {
      "1等": 0,
      "2等": 0,
      "3等": 1,
      "4等": 15,
      "5等": 60,
      "6等": 90,
      "外れ": 3254
    },
    "roi": 1.06501,
    "roi_percent": 106.501,
    "target_draws": 684,
    "total_cost": 1026000,
    "total_payout": 1092700,
    "total_tickets": 3420,
    "unit_cost": 300
  },
  "csv": "loto7.csv",
  "iterations_evaluated": 4,
  "iterations_requested": 20,
  "last_iteration": 4,
  "objective": "composite_roi_profit_highgrade_exploration",
  "parent_pool": [
    {
      "best_rank_count": 16,
      "consecutive_penalty": 0.4935683974469848,
      "dormancy_weight": 0.010199486558624075,
      "full_weight": 0.13519265317915038,
      "generation": 228,
      "id": "g228_0228_2057",
      "low_high_bonus": 0.3626754851381677,
      "max_consecutive_pairs": 0,
      "max_main_match": 6,
      "odd_bonus": 0.311995376549624,
      "overlap_limit": 6,
      "pair_recency_weight": 0.050839300946951035,
      "pair_stability_weight": 0.2556279699561879,
      "pair_weight": 0.0317857540682134,
      "pool_size": 21,
      "recent120_weight": 0.40339417355164786,
      "recent240_weight": 0.011409372125524774,
      "recent60_weight": 0.4500038011436771,
      "score": 71271.89,
      "sum_bonus": 0.5503278341511205,
      "target_sum_max": 140,
      "target_sum_min": 113,
      "triple_weight": 0.006679732087377485
    },
    {
      "best_rank_count": 12,
      "consecutive_penalty": 0.14740687668870647,
      "dormancy_weight": 0.03092899306519859,
      "full_weight": 0.31700026691983785,
      "generation": 1,
      "id": "g001_0001_5913",
      "low_high_bonus": 0.4679599693765417,
      "max_consecutive_pairs": 1,
      "max_main_match": 5,
      "odd_bonus": 0.04865867284087452,
      "overlap_limit": 6,
      "pair_recency_weight": 0.008912150949273431,
      "pair_stability_weight": 0.3008486519527481,
      "pair_weight": 0.026787269301287848,
      "pool_size": 17,
      "recent120_weight": 0.43839805405178645,
      "recent240_weight": 0.21805881032885163,
      "recent60_weight": 0.02654286869952399,
      "score": 46621.57,
      "sum_bonus": 0.5055087984245504,
      "target_sum_max": 140,
      "target_sum_min": 103,
      "triple_weight": 0.0
    },
    {
      "best_rank_count": 8,
      "consecutive_penalty": 0.40020741677082805,
      "dormancy_weight": 0.030458911130236018,
      "full_weight": 0.14950621025720442,
      "generation": 2,
      "id": "g002_0002_4659",
      "low_high_bonus": 0.341799276957371,
      "max_consecutive_pairs": 2,
      "max_main_match": 5,
      "odd_bonus": 0.27043413748092093,
      "overlap_limit": 6,
      "pair_recency_weight": 0.03238482489804536,
      "pair_stability_weight": 0.1925096694260902,
      "pair_weight": 0.015773636067648193,
      "pool_size": 19,
      "recent120_weight": 0.352182307109919,
      "recent240_weight": 0.08674169241789007,
      "recent60_weight": 0.4115697902149865,
      "score": 35986.25,
      "sum_bonus": 0.2448539367195386,
      "target_sum_max": 183,
      "target_sum_min": 108,
      "triple_weight": 0.0850854531369189
    },
    {
      "best_rank_count": 5,
      "consecutive_penalty": 0.1643489035503338,
      "dormancy_weight": 0.031264051131611806,
      "full_weight": 0.33241222376997476,
      "generation": 3,
      "id": "g003_0003_7909",
      "low_high_bonus": 0.11314030477634589,
      "max_consecutive_pairs": 1,
      "max_main_match": 5,
      "odd_bonus": 0.6943342467924021,
      "overlap_limit": 4,
      "pair_recency_weight": 0.171074045862708,
      "pair_stability_weight": 0.1996797182232553,
      "pair_weight": 0.08480216377983898,
      "pool_size": 20,
      "recent120_weight": 0.437313333809494,
      "recent240_weight": 0.2204347112679779,
      "recent60_weight": 0.009839731152553358,
      "score": 25942.0,
      "sum_bonus": 0.12934983542028355,
      "target_sum_max": 177,
      "target_sum_min": 97,
      "triple_weight": 0.11086842048596612
    },
    {
      "best_rank_count": 4,
      "consecutive_penalty": 0.14167654017412873,
      "dormancy_weight": 0.03910794990058241,
      "full_weight": 0.36187615240291376,
      "generation": 4,
      "id": "g004_0004_1546",
      "low_high_bonus": 0.09992731075082134,
      "max_consecutive_pairs": 2,
      "max_main_match": 5,
      "odd_bonus": 0.6211722674174448,
      "overlap_limit": 4,
      "pair_recency_weight": 0.10888143613135617,
      "pair_stability_weight": 0.17254003929417963,
      "pair_weight": 0.1063606300581031,
      "pool_size": 22,
      "recent120_weight": 0.4035262024392342,
      "recent240_weight": 0.10830189243454287,
      "recent60_weight": 0.1262957527233091,
      "score": 25482.67,
      "sum_bonus": 0.1383619145592077,
      "target_sum_max": 182,
      "target_sum_min": 103,
      "triple_weight": 0.07086116641385026
    },
    {
      "best_rank_count": 0,
      "consecutive_penalty": 0.34222503379497415,
      "dormancy_weight": 0.030959440088097402,
      "full_weight": 0.15878788897615567,
      "generation": 1,
      "id": "g001_0001_6892",
      "low_high_bonus": 0.47336864156582437,
      "max_consecutive_pairs": 0,
      "max_main_match": 0,
      "odd_bonus": 0.08707385028686694,
      "overlap_limit": 6,
      "pair_recency_weight": 0.0,