{
  "baseline_genome": {
    "best_rank_count": 16,
    "consecutive_penalty": 0.4935683974469848,
    "dormancy_weight": 0.010199486558624075,
    "full_weight": 0.13519265317915038,
    "generation": 228,
    "id": "g228_0228_2057",
    "low_high_bonus": 0.3626754851381677,
    "max_consecutive_pairs": 0,
    "max_main_match": 6,
    "odd_bonus": 0.311995376549624,
    "overlap_limit": 6,
    "pair_recency_weight": 0.050839300946951035,
    "pair_stability_weight": 0.2556279699561879,
    "pair_weight": 0.0317857540682134,
    "pool_size": 21,
    "recent120_weight": 0.40339417355164786,
    "recent240_weight": 0.011409372125524774,
    "recent60_weight": 0.4500038011436771,
    "score": 71254.8,
    "sum_bonus": 0.5503278341511205,
    "target_sum_max": 140,
    "target_sum_min": 113,
    "triple_weight": 0.006679732087377485
  },
  "baseline_metrics": {
    "evolution_score": 71271.89,
    "genome_id": "g228_0228_2057",
    "grade_hit_count": 166,
    "high_grade_hit_count": 16,
    "max_bonus_match": 2,
    "max_main_match": 6,
    "missing_prize_draw_count": 0,
    "missing_prize_draws": [],
    "path": "loto7_best_model.json",
    "profit": 66700,
    "purchase_count": 5,
    "rank_counts": {
      "1等": 0,
      "2等": 0,
      "3等": 1,
      "4等": 15,
      "5等": 60,
      "6等": 90,
      "外れ": 3254
    },
    "roi": 1.06501,
    "roi_percent": 106.501,
    "target_draws": 684,
    "total_cost": 1026000,
    "total_payout": 1092700,
    "total_tickets": 3420,
    "unit_cost": 300
  },
  "best_genome": {
    "best_rank_count": 16,
    "consecutive_penalty": 0.4935683974469848,
    "dormancy_weight": 0.010199486558624075,
    "full_weight": 0.13519265317915038,
    "generation": 228,
    "id": "g228_0228_2057",
    "low_high_bonus": 0.3626754851381677,
    "max_consecutive_pairs": 0,
    "max_main_match": 6,
    "odd_bonus": 0.311995376549624,
    "overlap_limit": 6,
    "pair_recency_weight": 0.050839300946951035,
    "pair_stability_weight": 0.2556279699561879,
    "pair_weight": 0.0317857540682134,
    "pool_size": 21,
    "recent120_weight": 0.40339417355164786,
    "recent240_weight": 0.011409372125524774,
    "recent60_weight": 0.4500038011436771,
    "score": 71254.8,
    "sum_bonus": 0.5503278341511205,
    "target_sum_max": 140,
    "target_sum_min": 113,
    "triple_weight": 0.006679732087377485
  },
  "best_metrics": {
    "evolution_score": 71271.89,
    "genome_id": "g228_0228_2057",
    "grade_hit_count": 166,
    "high_grade_hit_count": 16,
    "max_bonus_match": 2,
    "max_main_match": 6,
    "missing_prize_draw_count": 0,
    "missing_prize_draws": [],
    "path": "loto7_best_model.json",
    "profit": 66700,
    "purchase_count": 5,
    "rank_counts": {
      "1等": 0,
      "2等": 0,
      "3等": 1,
      "4等": 15,
      "5等": 60,
      "6等": 90,
      "外れ": 3254
    },
    "roi": 1.06501,
    "roi_percent": 106.501,
    "target_draws": 684,
    "total_cost": 1026000,
    "total_payout": 1092700,
    "total_tickets": 3420,
    "unit_cost": 300
  },
  "csv": "loto7.csv",
  "iterations_evaluated": 3,
  "iterations_requested": 20,
  "last_iteration": 3,
  "objective": "composite_roi_profit_highgrade_exploration",
  "parent_pool": [
    {
      "best_rank_count": 16,
      "consecutive_penalty": 0.4935683974469848,
      "dormancy_weight": 0.010199486558624075,
      "full_weight": 0.13519265317915038,
      "generation": 228,
      "id": "g228_0228_2057",
      "low_high_bonus": 0.3626754851381677,
      "max_consecutive_pairs": 0,
      "max_main_match": 6,
      "odd_bonus": 0.311995376549624,
      "overlap_limit": 6,
      "pair_recency_weight": 0.050839300946951035,
      "pair_stability_weight": 0.2556279699561879,
      "pair_weight": 0.0317857540682134,
      "pool_size": 21,
      "recent120_weight": 0.40339417355164786,
      "recent240_weight": 0.011409372125524774,
      "recent60_weight": 0.4500038011436771,
      "score": 71271.89,
      "sum_bonus": 0.5503278341511205,
      "target_sum_max": 140,
      "target_sum_min": 113,
      "triple_weight": 0.006679732087377485
    },
    {
      "best_rank_count": 13,
      "consecutive_penalty": 0.4422615714123197,
      "dormancy_weight": 0.0,
      "full_weight": 0.23526801160453248,
      "generation": 1,
      "id": "g001_0001_7619",
      "low_high_bonus": 0.3268797794719311,
      "max_consecutive_pairs": 0,
      "max_main_match": 5,
      "odd_bonus": 0.23238512254413046,
      "overlap_limit": 6,
      "pair_recency_weight": 0.11394614514296031,
      "pair_stability_weight": 0.2597510115246343,
      "pair_weight": 0.017205791411857498,
      "pool_size": 21,
      "recent120_weight": 0.37330438102858166,
      "recent240_weight": 0.11703557252842883,
      "recent60_weight": 0.27439203483845714,
      "score": 49240.26,
      "sum_bonus": 0.5641535644043731,
      "target_sum_max": 150,
      "target_sum_min": 107,
      "triple_weight": 0.03200546749756971
    },
    {
      "best_rank_count": 8,
      "consecutive_penalty": 0.4475013704500156,
      "dormancy_weight": 0.004280134035372525,
      "full_weight": 0.1987171981503145,
      "generation": 3,
      "id": "g003_0003_9423",
      "low_high_bonus": 0.3674754132039017,
      "max_consecutive_pairs": 0,
      "max_main_match": 5,
      "odd_bonus": 0.29063628411871345,
      "overlap_limit": 5,
      "pair_recency_weight": 0.02808105122789884,
      "pair_stability_weight": 0.21990204325779286,
      "pair_weight": 0.0,
      "pool_size": 23,
      "recent120_weight": 0.2653725027702299,
      "recent240_weight": 0.11904991636875233,
      "recent60_weight": 0.4168603827107032,
      "score": 35392.11,
      "sum_bonus": 0.6559700721372355,
      "target_sum_max": 140,
      "target_sum_min": 106,
      "triple_weight": 0.0
    },
    {
      "best_rank_count": 7,
      "consecutive_penalty": 0.41047169808614764,
      "dormancy_weight": 0.013402682146585175,
      "full_weight": 0.13237472220919735,
      "generation": 2,
      "id": "g002_0002_1339",
      "low_high_bonus": 0.38087337665350446,
      "max_consecutive_pairs": 0,
      "max_main_match": 5,
      "odd_bonus": 0.5510654684086418,
      "overlap_limit": 5,
      "pair_recency_weight": 0.06916126353511064,
      "pair_stability_weight": 0.1643899523300446,
      "pair_weight": 0.04238529101879565,
      "pool_size": 20,
      "recent120_weight": 0.4017451051551168,
      "recent240_weight": 0.1536024384380272,
      "recent60_weight": 0.31227773419765875,
      "score": 33808.41,
      "sum_bonus": 0.2310090123499485,
      "target_sum_max": 168,
      "target_sum_min": 118,
      "triple_weight": 0.03738458699160957
    },
    {
      "best_rank_count": 0,
      "consecutive_penalty": 0.5238232832320557,
      "dormancy_weight": 0.01080410879566424,
      "full_weight": 0.1126160889125383,
      "generation": 1,
      "id": "g001_0001_4753",
      "low_high_bonus": 0.3502722751122498,
      "max_consecutive_pairs": 1,
      "max_main_match": 0,
      "odd_bonus": 0.35848578311676127,
      "overlap_limit": 6,
      "pair_recency_weight": 0.0920060084167686,
      "pair_stability_weight": 0.26403940800169484,
      "pair_weight": 0.00892863930397966,
      "pool_size": 22,
      "recent120_weight": 0.4241222087809721,
      "recent240_weight": 0.05307142482811501,
      "recent60_weight": 0.4101902774783745,
      "score": 0.0,
      "sum_bonus": 0.6825497211840451,
      "target_sum_max": 143,
      "target_sum_min": 105,
      "triple_weight": 0.01669742430346681
    },
    {
      "best_rank_count": 0,
      "consecutive_penalty": 0.29967119847032253,
      "dormancy_weight": 0.009179821749749042,
      "full_weight": 0.08549329532991655,
      "generation": 0,
      "id": "g000_0001_7883",
      "low_high_bonus": 0.38271629875543683,
      "max_consecutive_pairs": 1,
      "max_main_match": 0,
      "odd_bonus": 0.2738208200495592,
      "overlap_limit": 4,
      "pair_recency_weight": 0.1851444056560332,