{
  "baseline_genome": {
    "best_rank_count": 16,
    "consecutive_penalty": 0.4935683974469848,
    "dormancy_weight": 0.010199486558624075,
    "full_weight": 0.13519265317915038,
    "generation": 228,
    "id": "g228_0228_2057",
    "low_high_bonus": 0.3626754851381677,
    "max_consecutive_pairs": 0,
    "max_main_match": 6,
    "odd_bonus": 0.311995376549624,
    "overlap_limit": 6,
    "pair_recency_weight": 0.050839300946951035,
    "pair_stability_weight": 0.2556279699561879,
    "pair_weight": 0.0317857540682134,
    "pool_size": 21,
    "recent120_weight": 0.40339417355164786,
    "recent240_weight": 0.011409372125524774,
    "recent60_weight": 0.4500038011436771,
    "score": 71254.8,
    "sum_bonus": 0.5503278341511205,
    "target_sum_max": 140,
    "target_sum_min": 113,
    "triple_weight": 0.006679732087377485
  },
  "baseline_metrics": {
    "evolution_score": 71271.89,
    "genome_id": "g228_0228_2057",
    "grade_hit_count": 166,
    "high_grade_hit_count": 16,
    "max_bonus_match": 2,
    "max_main_match": 6,
    "missing_prize_draw_count": 0,
    "missing_prize_draws": [],
    "path": "loto7_best_model.json",
    "profit": 66700,
    "purchase_count": 5,
    "rank_counts": {
      "1等": 0,
      "2等": 0,
      "3等": 1,
      "4等": 15,
      "5等": 60,
      "6等": 90,
      "外れ": 3254
    },
    "roi": 1.06501,
    "roi_percent": 106.501,
    "target_draws": 684,
    "total_cost": 1026000,
    "total_payout": 1092700,
    "total_tickets": 3420,
    "unit_cost": 300
  },
  "best_genome": {
    "best_rank_count": 16,
    "consecutive_penalty": 0.4935683974469848,
    "dormancy_weight": 0.010199486558624075,
    "full_weight": 0.13519265317915038,
    "generation": 228,
    "id": "g228_0228_2057",
    "low_high_bonus": 0.3626754851381677,
    "max_consecutive_pairs": 0,
    "max_main_match": 6,
    "odd_bonus": 0.311995376549624,
    "overlap_limit": 6,
    "pair_recency_weight": 0.050839300946951035,
    "pair_stability_weight": 0.2556279699561879,
    "pair_weight": 0.0317857540682134,
    "pool_size": 21,
    "recent120_weight": 0.40339417355164786,
    "recent240_weight": 0.011409372125524774,
    "recent60_weight": 0.4500038011436771,
    "score": 71254.8,
    "sum_bonus": 0.5503278341511205,
    "target_sum_max": 140,
    "target_sum_min": 113,
    "triple_weight": 0.006679732087377485
  },
  "best_metrics": {
    "evolution_score": 71271.89,
    "genome_id": "g228_0228_2057",
    "grade_hit_count": 166,
    "high_grade_hit_count": 16,
    "max_bonus_match": 2,
    "max_main_match": 6,
    "missing_prize_draw_count": 0,
    "missing_prize_draws": [],
    "path": "loto7_best_model.json",
    "profit": 66700,
    "purchase_count": 5,
    "rank_counts": {
      "1等": 0,
      "2等": 0,
      "3等": 1,
      "4等": 15,
      "5等": 60,
      "6等": 90,
      "外れ": 3254
    },
    "roi": 1.06501,
    "roi_percent": 106.501,
    "target_draws": 684,
    "total_cost": 1026000,
    "total_payout": 1092700,
    "total_tickets": 3420,
    "unit_cost": 300
  },
  "csv": "loto7.csv",
  "iterations_evaluated": 6,
  "iterations_requested": 20,
  "last_iteration": 6,
  "objective": "composite_roi_profit_highgrade_exploration",
  "parent_pool": [
    {
      "best_rank_count": 16,
      "consecutive_penalty": 0.4935683974469848,
      "dormancy_weight": 0.010199486558624075,
      "full_weight": 0.13519265317915038,
      "generation": 228,
      "id": "g228_0228_2057",
      "low_high_bonus": 0.3626754851381677,
      "max_consecutive_pairs": 0,
      "max_main_match": 6,
      "odd_bonus": 0.311995376549624,
      "overlap_limit": 6,
      "pair_recency_weight": 0.050839300946951035,
      "pair_stability_weight": 0.2556279699561879,
      "pair_weight": 0.0317857540682134,
      "pool_size": 21,
      "recent120_weight": 0.40339417355164786,
      "recent240_weight": 0.011409372125524774,
      "recent60_weight": 0.4500038011436771,
      "score": 71271.89,
      "sum_bonus": 0.5503278341511205,
      "target_sum_max": 140,
      "target_sum_min": 113,
      "triple_weight": 0.006679732087377485
    },
    {
      "best_rank_count": 12,
      "consecutive_penalty": 0.4618971101737829,
      "dormancy_weight": 0.02642781288801919,
      "full_weight": 0.12847570332981811,
      "generation": 2,
      "id": "g002_0002_6486",
      "low_high_bonus": 0.3869184058939229,
      "max_consecutive_pairs": 1,
      "max_main_match": 6,
      "odd_bonus": 0.3396973619882621,
      "overlap_limit": 6,
      "pair_recency_weight": 0.005217557697447823,
      "pair_stability_weight": 0.22004546489226168,
      "pair_weight": 0.0,
      "pool_size": 24,
      "recent120_weight": 0.17854106031685044,
      "recent240_weight": 0.10814480179914392,
      "recent60_weight": 0.5848384345541875,
      "score": 62994.16,
      "sum_bonus": 0.6885920680018839,
      "target_sum_max": 143,
      "target_sum_min": 118,
      "triple_weight": 0.0020277349789558224
    },
    {
      "best_rank_count": 15,
      "consecutive_penalty": 0.5901858302197146,
      "dormancy_weight": 0.014785616054228063,
      "full_weight": 0.1327219174463513,
      "generation": 5,
      "id": "g005_0005_7883",
      "low_high_bonus": 0.255745397083735,
      "max_consecutive_pairs": 0,
      "max_main_match": 5,
      "odd_bonus": 0.3670362687596583,
      "overlap_limit": 6,
      "pair_recency_weight": 0.08117447997317533,
      "pair_stability_weight": 0.18161083491854849,
      "pair_weight": 0.008844538993747956,
      "pool_size": 20,
      "recent120_weight": 0.436292868300468,
      "recent240_weight": 0.032731533326598304,
      "recent60_weight": 0.3982536809265824,
      "score": 54806.77,
      "sum_bonus": 0.3203568445631078,
      "target_sum_max": 145,
      "target_sum_min": 111,
      "triple_weight": 0.00425485400062851
    },
    {
      "best_rank_count": 8,
      "consecutive_penalty": 0.47303380854770777,
      "dormancy_weight": 0.018758150031103028,
      "full_weight": 0.22979307787785178,
      "generation": 6,
      "id": "g006_0006_8601",
      "low_high_bonus": 0.3983708904942712,
      "max_consecutive_pairs": 2,
      "max_main_match": 6,
      "odd_bonus": 0.6191868620780545,
      "overlap_limit": 6,
      "pair_recency_weight": 0.23766749728879424,
      "pair_stability_weight": 0.14013630874266467,
      "pair_weight": 0.12181274657227184,
      "pool_size": 23,
      "recent120_weight": 0.4179192881906227,
      "recent240_weight": 0.1085176252140471,
      "recent60_weight": 0.24377000871747845,
      "score": 50862.92,
      "sum_bonus": 0.3717667945451498,
      "target_sum_max": 169,
      "target_sum_min": 82,
      "triple_weight": 0.0
    },
    {
      "best_rank_count": 13,
      "consecutive_penalty": 0.461039079621622,
      "dormancy_weight": 0.0,
      "full_weight": 0.1399324775596392,
      "generation": 1,
      "id": "g001_0001_1405",
      "low_high_bonus": 0.3315198435946757,
      "max_consecutive_pairs": 0,
      "max_main_match": 5,
      "odd_bonus": 0.21681778646197705,
      "overlap_limit": 6,
      "pair_recency_weight": 0.030197925476356177,
      "pair_stability_weight": 0.23276032365338067,
      "pair_weight": 0.10461991426684121,
      "pool_size": 17,
      "recent120_weight": 0.37132837748038056,
      "recent240_weight": 0.1626741426043526,
      "recent60_weight": 0.3260650023556277,
      "score": 46871.73,
      "sum_bonus": 0.5892806544642193,
      "target_sum_max": 146,
      "target_sum_min": 110,
      "triple_weight": 0.03885375347908142
    },
    {
      "best_rank_count": 12,
      "consecutive_penalty": 0.5560769765747503,
      "dormancy_weight": 0.023149755052251534,
      "full_weight": 0.26309968836797654,
      "generation": 4,
      "id": "g004_0004_4635",
      "low_high_bonus": 0.49104325437554386,
      "max_consecutive_pairs": 0,
      "max_main_match": 5,
      "odd_bonus": 0.36185213205225053,
      "overlap_limit": 6,
      "pair_recency_weight": 0.06331854195755905,