{
  "baseline_genome": {
    "best_rank_count": 16,
    "consecutive_penalty": 0.4935683974469848,
    "dormancy_weight": 0.010199486558624075,
    "full_weight": 0.13519265317915038,
    "generation": 228,
    "id": "g228_0228_2057",
    "low_high_bonus": 0.3626754851381677,
    "max_consecutive_pairs": 0,
    "max_main_match": 6,
    "odd_bonus": 0.311995376549624,
    "overlap_limit": 6,
    "pair_recency_weight": 0.050839300946951035,
    "pair_stability_weight": 0.2556279699561879,
    "pair_weight": 0.0317857540682134,
    "pool_size": 21,
    "recent120_weight": 0.40339417355164786,
    "recent240_weight": 0.011409372125524774,
    "recent60_weight": 0.4500038011436771,
    "score": 71271.89,
    "sum_bonus": 0.5503278341511205,
    "target_sum_max": 140,
    "target_sum_min": 113,
    "triple_weight": 0.006679732087377485
  },
  "baseline_metrics": {
    "evolution_score": 71271.89,
    "genome_id": "g228_0228_2057",
    "grade_hit_count": 166,
    "high_grade_hit_count": 16,
    "max_bonus_match": 2,
    "max_main_match": 6,
    "missing_prize_draw_count": 0,
    "missing_prize_draws": [],
    "path": "loto7_best_model.json",
    "profit": 68200,
    "purchase_count": 5,
    "rank_counts": {
      "1等": 0,
      "2等": 0,
      "3等": 1,
      "4等": 15,
      "5等": 60,
      "6等": 90,
      "外れ": 3249
    },
    "roi": 1.066569,
    "roi_percent": 106.657,
    "target_draws": 683,
    "total_cost": 1024500,
    "total_payout": 1092700,
    "total_tickets": 3415,
    "unit_cost": 300
  },
  "best_genome": {
    "best_rank_count": 16,
    "consecutive_penalty": 0.4935683974469848,
    "dormancy_weight": 0.010199486558624075,
    "full_weight": 0.13519265317915038,
    "generation": 228,
    "id": "g228_0228_2057",
    "low_high_bonus": 0.3626754851381677,
    "max_consecutive_pairs": 0,
    "max_main_match": 6,
    "odd_bonus": 0.311995376549624,
    "overlap_limit": 6,
    "pair_recency_weight": 0.050839300946951035,
    "pair_stability_weight": 0.2556279699561879,
    "pair_weight": 0.0317857540682134,
    "pool_size": 21,
    "recent120_weight": 0.40339417355164786,
    "recent240_weight": 0.011409372125524774,
    "recent60_weight": 0.4500038011436771,
    "score": 71271.89,
    "sum_bonus": 0.5503278341511205,
    "target_sum_max": 140,
    "target_sum_min": 113,
    "triple_weight": 0.006679732087377485
  },
  "best_metrics": {
    "evolution_score": 71271.89,
    "genome_id": "g228_0228_2057",
    "grade_hit_count": 166,
    "high_grade_hit_count": 16,
    "max_bonus_match": 2,
    "max_main_match": 6,
    "missing_prize_draw_count": 0,
    "missing_prize_draws": [],
    "path": "loto7_best_model.json",
    "profit": 68200,
    "purchase_count": 5,
    "rank_counts": {
      "1等": 0,
      "2等": 0,
      "3等": 1,
      "4等": 15,
      "5等": 60,
      "6等": 90,
      "外れ": 3249
    },
    "roi": 1.066569,
    "roi_percent": 106.657,
    "target_draws": 683,
    "total_cost": 1024500,
    "total_payout": 1092700,
    "total_tickets": 3415,
    "unit_cost": 300
  },
  "csv": "loto7.csv",
  "iterations_evaluated": 1,
  "iterations_requested": 20,
  "last_iteration": 1,
  "objective": "composite_roi_profit_highgrade_exploration",
  "parent_pool": [
    {
      "best_rank_count": 16,
      "consecutive_penalty": 0.4935683974469848,
      "dormancy_weight": 0.010199486558624075,
      "full_weight": 0.13519265317915038,
      "generation": 228,
      "id": "g228_0228_2057",
      "low_high_bonus": 0.3626754851381677,
      "max_consecutive_pairs": 0,
      "max_main_match": 6,
      "odd_bonus": 0.311995376549624,
      "overlap_limit": 6,
      "pair_recency_weight": 0.050839300946951035,
      "pair_stability_weight": 0.2556279699561879,
      "pair_weight": 0.0317857540682134,
      "pool_size": 21,
      "recent120_weight": 0.40339417355164786,
      "recent240_weight": 0.011409372125524774,
      "recent60_weight": 0.4500038011436771,
      "score": 71271.89,
      "sum_bonus": 0.5503278341511205,
      "target_sum_max": 140,
      "target_sum_min": 113,
      "triple_weight": 0.006679732087377485
    },
    {
      "best_rank_count": 15,
      "consecutive_penalty": 0.6217789220994405,
      "dormancy_weight": 0.0,
      "full_weight": 0.012009227690606103,
      "generation": 1,
      "id": "g001_0001_4397",
      "low_high_bonus": 0.40124366729371463,
      "max_consecutive_pairs": 1,
      "max_main_match": 6,
      "odd_bonus": 0.2844713360322859,
      "overlap_limit": 6,
      "pair_recency_weight": 0.07186833876795873,
      "pair_stability_weight": 0.24320205224556396,
      "pair_weight": 0.043654949374069024,
      "pool_size": 24,
      "recent120_weight": 0.3221962712846297,
      "recent240_weight": 0.012009227690606103,
      "recent60_weight": 0.6537852733341581,
      "score": 68828.23,
      "sum_bonus": 0.5098902595441791,
      "target_sum_max": 146,
      "target_sum_min": 108,
      "triple_weight": 0.0025905626248110165
    },
    {
      "best_rank_count": 0,
      "consecutive_penalty": 0.48868638701943334,
      "dormancy_weight": 0.013386030058316765,
      "full_weight": 0.09914239733056987,
      "generation": 1,
      "id": "g001_0001_1804",
      "low_high_bonus": 0.3251719134338755,
      "max_consecutive_pairs": 0,
      "max_main_match": 0,
      "odd_bonus": 0.45001251758419153,
      "overlap_limit": 4,
      "pair_recency_weight": 0.03714511602577114,
      "pair_stability_weight": 0.2906996454595682,
      "pair_weight": 0.0,
      "pool_size": 20,
      "recent120_weight": 0.43479009067189545,
      "recent240_weight": 0.012031045174923169,
      "recent60_weight": 0.45403646682261145,
      "score": 0.0,
      "sum_bonus": 0.4634384003083548,
      "target_sum_max": 143,
      "target_sum_min": 107,
      "triple_weight": 0.015822063054711056
    },
    {
      "best_rank_count": 0,
      "consecutive_penalty": 0.24020946233030602,
      "dormancy_weight": 0.005430810200594799,
      "full_weight": 0.04789133154109192,
      "generation": 0,
      "id": "g000_0001_8423",
      "low_high_bonus": 0.2905256998046901,
      "max_consecutive_pairs": 1,
      "max_main_match": 0,
      "odd_bonus": 0.6268107644220985,
      "overlap_limit": 5,
      "pair_recency_weight": 0.22247174942741435,
      "pair_stability_weight": 0.1855648956585844,
      "pair_weight": 0.06300968123043496,
      "pool_size": 21,
      "recent120_weight": 0.32330356105229796,
      "recent240_weight": 0.20293532907064601,
      "recent60_weight": 0.4258697783359642,
      "score": 0.0,
      "sum_bonus": 0.11421308798654337,
      "target_sum_max": 179,
      "target_sum_min": 80,
      "triple_weight": 0.04631195657286477
    },
    {
      "best_rank_count": 0,
      "consecutive_penalty": 0.47293761587123234,
      "dormancy_weight": 0.006088075269501536,
      "full_weight": 0.00922849121692075,
      "generation": 3,
      "id": "g003_0003_2643",
      "low_high_bonus": 0.4329127463360776,
      "max_consecutive_pairs": 0,
      "max_main_match": 0,
      "odd_bonus": 0.29606072080221,
      "overlap_limit": 6,
      "pair_recency_weight": 0.06841828102037908,
      "pair_stability_weight": 0.25338917085410934,
      "pair_weight": 0.005683225212015877,
      "pool_size": 20,
      "recent120_weight": 0.5316536489221912,
      "recent240_weight": 0.07887447692452688,
      "recent60_weight": 0.3802433829363612,
      "score": 0.0,
      "sum_bonus": 0.5775357835269929,
      "target_sum_max": 143,
      "target_sum_min": 108,
      "triple_weight": 0.02443651920004136
    },
    {
      "best_rank_count": 0,
      "consecutive_penalty": 0.24742267577099644,
      "dormancy_weight": 0.038313031438275816,
      "full_weight": 0.47376743857734377,
      "generation": 0,
      "id": "g000_0003_6462",
      "low_high_bonus": 0.2502258985582042,
      "max_consecutive_pairs": 2,
      "max_main_match": 0,
      "odd_bonus": 0.31665134736688316,
      "overlap_limit": 6,
      "pair_recency_weight": 0.07228601564049686,