{
  "baseline_genome": {
    "best_rank_count": 16,
    "consecutive_penalty": 0.4935683974469848,
    "dormancy_weight": 0.010199486558624075,
    "full_weight": 0.13519265317915038,
    "generation": 228,
    "id": "g228_0228_2057",
    "low_high_bonus": 0.3626754851381677,
    "max_consecutive_pairs": 0,
    "max_main_match": 6,
    "odd_bonus": 0.311995376549624,
    "overlap_limit": 6,
    "pair_recency_weight": 0.050839300946951035,
    "pair_stability_weight": 0.2556279699561879,
    "pair_weight": 0.0317857540682134,
    "pool_size": 21,
    "recent120_weight": 0.40339417355164786,
    "recent240_weight": 0.011409372125524774,
    "recent60_weight": 0.4500038011436771,
    "score": 71271.89,
    "sum_bonus": 0.5503278341511205,
    "target_sum_max": 140,
    "target_sum_min": 113,
    "triple_weight": 0.006679732087377485
  },
  "baseline_metrics": {
    "evolution_score": 71271.89,
    "genome_id": "g228_0228_2057",
    "grade_hit_count": 166,
    "high_grade_hit_count": 16,
    "max_bonus_match": 2,
    "max_main_match": 6,
    "missing_prize_draw_count": 0,
    "missing_prize_draws": [],
    "path": "loto7_best_model.json",
    "profit": 68200,
    "purchase_count": 5,
    "rank_counts": {
      "1等": 0,
      "2等": 0,
      "3等": 1,
      "4等": 15,
      "5等": 60,
      "6等": 90,
      "外れ": 3249
    },
    "roi": 1.066569,
    "roi_percent": 106.657,
    "target_draws": 683,
    "total_cost": 1024500,
    "total_payout": 1092700,
    "total_tickets": 3415,
    "unit_cost": 300
  },
  "best_genome": {
    "best_rank_count": 16,
    "consecutive_penalty": 0.4935683974469848,
    "dormancy_weight": 0.010199486558624075,
    "full_weight": 0.13519265317915038,
    "generation": 228,
    "id": "g228_0228_2057",
    "low_high_bonus": 0.3626754851381677,
    "max_consecutive_pairs": 0,
    "max_main_match": 6,
    "odd_bonus": 0.311995376549624,
    "overlap_limit": 6,
    "pair_recency_weight": 0.050839300946951035,
    "pair_stability_weight": 0.2556279699561879,
    "pair_weight": 0.0317857540682134,
    "pool_size": 21,
    "recent120_weight": 0.40339417355164786,
    "recent240_weight": 0.011409372125524774,
    "recent60_weight": 0.4500038011436771,
    "score": 71271.89,
    "sum_bonus": 0.5503278341511205,
    "target_sum_max": 140,
    "target_sum_min": 113,
    "triple_weight": 0.006679732087377485
  },
  "best_metrics": {
    "evolution_score": 71271.89,
    "genome_id": "g228_0228_2057",
    "grade_hit_count": 166,
    "high_grade_hit_count": 16,
    "max_bonus_match": 2,
    "max_main_match": 6,
    "missing_prize_draw_count": 0,
    "missing_prize_draws": [],
    "path": "loto7_best_model.json",
    "profit": 68200,
    "purchase_count": 5,
    "rank_counts": {
      "1等": 0,
      "2等": 0,
      "3等": 1,
      "4等": 15,
      "5等": 60,
      "6等": 90,
      "外れ": 3249
    },
    "roi": 1.066569,
    "roi_percent": 106.657,
    "target_draws": 683,
    "total_cost": 1024500,
    "total_payout": 1092700,
    "total_tickets": 3415,
    "unit_cost": 300
  },
  "csv": "loto7.csv",
  "iterations_evaluated": 4,
  "iterations_requested": 20,
  "last_iteration": 4,
  "objective": "composite_roi_profit_highgrade_exploration",
  "parent_pool": [
    {
      "best_rank_count": 16,
      "consecutive_penalty": 0.4935683974469848,
      "dormancy_weight": 0.010199486558624075,
      "full_weight": 0.13519265317915038,
      "generation": 228,
      "id": "g228_0228_2057",
      "low_high_bonus": 0.3626754851381677,
      "max_consecutive_pairs": 0,
      "max_main_match": 6,
      "odd_bonus": 0.311995376549624,
      "overlap_limit": 6,
      "pair_recency_weight": 0.050839300946951035,
      "pair_stability_weight": 0.2556279699561879,
      "pair_weight": 0.0317857540682134,
      "pool_size": 21,
      "recent120_weight": 0.40339417355164786,
      "recent240_weight": 0.011409372125524774,
      "recent60_weight": 0.4500038011436771,
      "score": 71271.89,
      "sum_bonus": 0.5503278341511205,
      "target_sum_max": 140,
      "target_sum_min": 113,
      "triple_weight": 0.006679732087377485
    },
    {
      "best_rank_count": 13,
      "consecutive_penalty": 0.5222778555367023,
      "dormancy_weight": 0.007761436197545237,
      "full_weight": 0.06716406662817924,
      "generation": 2,
      "id": "g002_0002_5542",
      "low_high_bonus": 0.27129565460733696,
      "max_consecutive_pairs": 0,
      "max_main_match": 5,
      "odd_bonus": 0.27220736941386314,
      "overlap_limit": 6,
      "pair_recency_weight": 0.004862335022939451,
      "pair_stability_weight": 0.27139409874414444,
      "pair_weight": 0.004927869941870135,
      "pool_size": 21,
      "recent120_weight": 0.39224702391061667,
      "recent240_weight": 0.012354532527256778,
      "recent60_weight": 0.5282343769339474,
      "score": 48436.06,
      "sum_bonus": 0.4691548091464223,
      "target_sum_max": 145,
      "target_sum_min": 110,
      "triple_weight": 0.0
    },
    {
      "best_rank_count": 8,
      "consecutive_penalty": 0.6083669832275901,
      "dormancy_weight": 0.007193823960288826,
      "full_weight": 0.0730889840771761,
      "generation": 4,
      "id": "g004_0004_4229",
      "low_high_bonus": 0.06868278494332113,
      "max_consecutive_pairs": 1,
      "max_main_match": 5,
      "odd_bonus": 0.2198373257754797,
      "overlap_limit": 5,
      "pair_recency_weight": 0.12478909282258047,
      "pair_stability_weight": 0.117653078274105,
      "pair_weight": 0.09361091512061832,
      "pool_size": 23,
      "recent120_weight": 0.33146922845339893,
      "recent240_weight": 0.14761286670757287,
      "recent60_weight": 0.44782892076185216,
      "score": 33626.3,
      "sum_bonus": 0.6074354892400816,
      "target_sum_max": 168,
      "target_sum_min": 94,
      "triple_weight": 0.06837727093141767
    },
    {
      "best_rank_count": 7,
      "consecutive_penalty": 0.17689299657966825,
      "dormancy_weight": 0.0322079931204698,
      "full_weight": 0.15709445674172487,
      "generation": 3,
      "id": "g003_0003_7080",
      "low_high_bonus": 0.37690177054127466,
      "max_consecutive_pairs": 1,
      "max_main_match": 5,
      "odd_bonus": 0.20557643084645205,
      "overlap_limit": 5,
      "pair_recency_weight": 0.19264840234788685,
      "pair_stability_weight": 0.12809340563526783,
      "pair_weight": 0.1277299305338039,
      "pool_size": 16,
      "recent120_weight": 0.19734631667929195,
      "recent240_weight": 0.2853403657280551,
      "recent60_weight": 0.36021886085092825,
      "score": 31937.8,
      "sum_bonus": 0.1317076613974893,
      "target_sum_max": 160,
      "target_sum_min": 89,
      "triple_weight": 0.03339879646868179
    },
    {
      "best_rank_count": 7,
      "consecutive_penalty": 0.35902334951877224,
      "dormancy_weight": 0.01190912612949745,
      "full_weight": 0.025721262024180125,
      "generation": 1,
      "id": "g001_0001_5836",
      "low_high_bonus": 0.357477442133689,
      "max_consecutive_pairs": 1,
      "max_main_match": 5,
      "odd_bonus": 0.5108013207066319,
      "overlap_limit": 5,
      "pair_recency_weight": 0.03045474650101816,
      "pair_stability_weight": 0.18733022551863282,
      "pair_weight": 0.17740514328382725,
      "pool_size": 21,
      "recent120_weight": 0.37703077524479744,
      "recent240_weight": 0.38893573302952866,
      "recent60_weight": 0.20831222970149374,
      "score": 30011.47,
      "sum_bonus": 0.25246388155988375,
      "target_sum_max": 183,
      "target_sum_min": 97,
      "triple_weight": 0.07273751369091104
    },
    {
      "best_rank_count": 0,
      "consecutive_penalty": 0.5458650727726396,
      "dormancy_weight": 0.035637241149734454,
      "full_weight": 0.10540810653403192,
      "generation": 1,
      "id": "g001_0001_4487",
      "low_high_bonus": 0.3178300392975005,
      "max_consecutive_pairs": 0,
      "max_main_match": 0,
      "odd_bonus": 0.31897072047558184,
      "overlap_limit": 6,