{
  "baseline_genome": {
    "best_rank_count": 8,
    "consecutive_penalty": 0.42261976467266604,
    "dormancy_weight": 0.059948838181738615,
    "full_weight": 0.36445490627470717,
    "generation": 300,
    "id": "g300_0300_2692",
    "low_high_bonus": 0.0,
    "max_consecutive_pairs": 3,
    "max_main_match": 6,
    "odd_bonus": 0.5822067535449567,
    "overlap_limit": 6,
    "pair_recency_weight": 0.14008199119199763,
    "pair_stability_weight": 0.10265327576630087,
    "pair_weight": 0.1384315186009821,
    "pool_size": 24,
    "recent120_weight": 0.23853629409086843,
    "recent240_weight": 0.38474363231158426,
    "recent60_weight": 0.012265167322840189,
    "score": 49883.36,
    "sum_bonus": 0.614304499336318,
    "target_sum_max": 172,
    "target_sum_min": 97,
    "triple_weight": 0.024598349142934503
  },
  "baseline_metrics": {
    "evolution_score": 49883.36,
    "genome_id": "g300_0300_2692",
    "grade_hit_count": 147,
    "high_grade_hit_count": 8,
    "max_bonus_match": 2,
    "max_main_match": 6,
    "missing_prize_draw_count": 0,
    "missing_prize_draws": [],
    "path": "loto7_best_model.json",
    "profit": -107900,
    "purchase_count": 5,
    "rank_counts": {
      "1等": 0,
      "2等": 0,
      "3等": 1,
      "4等": 7,
      "5等": 53,
      "6等": 86,
      "外れ": 3263
    },
    "roi": 0.894526,
    "roi_percent": 89.453,
    "target_draws": 682,
    "total_cost": 1023000,
    "total_payout": 915100,
    "total_tickets": 3410,
    "unit_cost": 300
  },
  "best_genome": {
    "best_rank_count": 8,
    "consecutive_penalty": 0.42261976467266604,
    "dormancy_weight": 0.059948838181738615,
    "full_weight": 0.36445490627470717,
    "generation": 300,
    "id": "g300_0300_2692",
    "low_high_bonus": 0.0,
    "max_consecutive_pairs": 3,
    "max_main_match": 6,
    "odd_bonus": 0.5822067535449567,
    "overlap_limit": 6,
    "pair_recency_weight": 0.14008199119199763,
    "pair_stability_weight": 0.10265327576630087,
    "pair_weight": 0.1384315186009821,
    "pool_size": 24,
    "recent120_weight": 0.23853629409086843,
    "recent240_weight": 0.38474363231158426,
    "recent60_weight": 0.012265167322840189,
    "score": 49883.36,
    "sum_bonus": 0.614304499336318,
    "target_sum_max": 172,
    "target_sum_min": 97,
    "triple_weight": 0.024598349142934503
  },
  "best_metrics": {
    "evolution_score": 49883.36,
    "genome_id": "g300_0300_2692",
    "grade_hit_count": 147,
    "high_grade_hit_count": 8,
    "max_bonus_match": 2,
    "max_main_match": 6,
    "missing_prize_draw_count": 0,
    "missing_prize_draws": [],
    "path": "loto7_best_model.json",
    "profit": -107900,
    "purchase_count": 5,
    "rank_counts": {
      "1等": 0,
      "2等": 0,
      "3等": 1,
      "4等": 7,
      "5等": 53,
      "6等": 86,
      "外れ": 3263
    },
    "roi": 0.894526,
    "roi_percent": 89.453,
    "target_draws": 682,
    "total_cost": 1023000,
    "total_payout": 915100,
    "total_tickets": 3410,
    "unit_cost": 300
  },
  "csv": "loto7.csv",
  "iterations_evaluated": 1,
  "iterations_requested": 20,
  "last_iteration": 1,
  "objective": "composite_roi_profit_highgrade_exploration",
  "parent_pool": [
    {
      "best_rank_count": 8,
      "consecutive_penalty": 0.42261976467266604,
      "dormancy_weight": 0.059948838181738615,
      "full_weight": 0.36445490627470717,
      "generation": 300,
      "id": "g300_0300_2692",
      "low_high_bonus": 0.0,
      "max_consecutive_pairs": 3,
      "max_main_match": 6,
      "odd_bonus": 0.5822067535449567,
      "overlap_limit": 6,
      "pair_recency_weight": 0.14008199119199763,
      "pair_stability_weight": 0.10265327576630087,
      "pair_weight": 0.1384315186009821,
      "pool_size": 24,
      "recent120_weight": 0.23853629409086843,
      "recent240_weight": 0.38474363231158426,
      "recent60_weight": 0.012265167322840189,
      "score": 49883.36,
      "sum_bonus": 0.614304499336318,
      "target_sum_max": 172,
      "target_sum_min": 97,
      "triple_weight": 0.024598349142934503
    },
    {
      "best_rank_count": 8,
      "consecutive_penalty": 0.3150111826044884,
      "dormancy_weight": 0.06851161512769742,
      "full_weight": 0.2989533370365211,
      "generation": 1,
      "id": "g001_0001_7753",
      "low_high_bonus": 0.0,
      "max_consecutive_pairs": 3,
      "max_main_match": 5,
      "odd_bonus": 0.7165083362274919,
      "overlap_limit": 5,
      "pair_recency_weight": 0.1784775823484659,
      "pair_stability_weight": 0.19816064625813787,
      "pair_weight": 0.14775675580575937,
      "pool_size": 23,
      "recent120_weight": 0.25403119156451837,
      "recent240_weight": 0.43466156054210614,
      "recent60_weight": 0.012353910856854312,
      "score": 34248.25,
      "sum_bonus": 0.569532044417799,
      "target_sum_max": 175,
      "target_sum_min": 85,
      "triple_weight": 0.0
    },
    {
      "best_rank_count": 0,
      "consecutive_penalty": 0.47835285952233075,
      "dormancy_weight": 0.07860395223596807,
      "full_weight": 0.3933527844904902,
      "generation": 1,
      "id": "g001_0001_4586",
      "low_high_bonus": 0.0,
      "max_consecutive_pairs": 1,
      "max_main_match": 0,
      "odd_bonus": 0.5853083497382084,
      "overlap_limit": 4,
      "pair_recency_weight": 0.03722863181859061,
      "pair_stability_weight": 0.16351817711209993,
      "pair_weight": 0.16378122222499641,
      "pool_size": 26,
      "recent120_weight": 0.010025598681381191,
      "recent240_weight": 0.45367439920092095,
      "recent60_weight": 0.14294721762720766,
      "score": 0.0,
      "sum_bonus": 0.516093619395772,
      "target_sum_max": 172,
      "target_sum_min": 100,
      "triple_weight": 0.050836810107173246
    },
    {
      "best_rank_count": 0,
      "consecutive_penalty": 0.1437758356995665,
      "dormancy_weight": 0.038643022414615424,
      "full_weight": 0.35559495618513465,
      "generation": 0,
      "id": "g000_0001_9233",
      "low_high_bonus": 0.12801668414244383,
      "max_consecutive_pairs": 1,
      "max_main_match": 0,
      "odd_bonus": 0.1547150852805989,
      "overlap_limit": 5,
      "pair_recency_weight": 0.0796645313861053,
      "pair_stability_weight": 0.02426231191691586,
      "pair_weight": 0.10494193506045348,
      "pool_size": 15,
      "recent120_weight": 0.3942498512423594,
      "recent240_weight": 0.21922235982595573,
      "recent60_weight": 0.030932832746550124,
      "score": 0.0,
      "sum_bonus": 0.4023376557765578,
      "target_sum_max": 171,
      "target_sum_min": 101,
      "triple_weight": 0.09922680205105466
    },
    {
      "best_rank_count": 0,
      "consecutive_penalty": 0.4358719458223259,
      "dormancy_weight": 0.0576106737174452,
      "full_weight": 0.39680025828441046,
      "generation": 3,
      "id": "g003_0003_8687",
      "low_high_bonus": 0.0,
      "max_consecutive_pairs": 2,
      "max_main_match": 0,
      "odd_bonus": 0.620800768048786,
      "overlap_limit": 6,
      "pair_recency_weight": 0.1544871306545318,
      "pair_stability_weight": 0.15197907148959947,
      "pair_weight": 0.1144341989900049,
      "pool_size": 21,
      "recent120_weight": 0.25115504765714197,
      "recent240_weight": 0.23673443853178427,
      "recent60_weight": 0.1153102555266632,
      "score": 0.0,
      "sum_bonus": 0.6941485289214971,
      "target_sum_max": 167,
      "target_sum_min": 82,
      "triple_weight": 0.027888511538613096
    },
    {
      "best_rank_count": 0,
      "consecutive_penalty": 0.49315211390212277,
      "dormancy_weight": 0.021859819904284858,
      "full_weight": 0.133674364661966,
      "generation": 0,
      "id": "g000_0003_4028",
      "low_high_bonus": 0.42347294164336524,
      "max_consecutive_pairs": 1,
      "max_main_match": 0,
      "odd_bonus": 0.2822712633363465,
      "overlap_limit": 5,
      "pair_recency_weight": 0.07312132305096314,
      "pair_stability_weight": 0.031036886469009997,
      "pair_weight": 0.08277858340407149,