{
  "baseline_genome": {
    "best_rank_count": 0,
    "consecutive_penalty": 0.12581627845696708,
    "dormancy_weight": 0.07107373822748962,
    "full_weight": 0.30517609656707945,
    "generation": 67,
    "id": "g067_0067_8357",
    "low_high_bonus": 0.25072452327408645,
    "max_consecutive_pairs": 2,
    "max_main_match": 0,
    "odd_bonus": 0.35689079069452967,
    "overlap_limit": 4,
    "pair_recency_weight": 0.12541689367450007,
    "pair_stability_weight": 0.12225734927285792,
    "pair_weight": 0.06531618081377935,
    "pool_size": 16,
    "recent120_weight": 0.22979475149927597,
    "recent240_weight": 0.27596287997797775,
    "recent60_weight": 0.18906627195566697,
    "score": 0.0,
    "sum_bonus": 0.5073331252671593,
    "target_sum_max": 172,
    "target_sum_min": 108,
    "triple_weight": 0.015284370031891953
  },
  "baseline_metrics": {
    "evolution_score": 0.0,
    "genome_id": "g067_0067_8357",
    "grade_hit_count": 144,
    "high_grade_hit_count": 7,
    "max_bonus_match": 2,
    "max_main_match": 6,
    "missing_prize_draw_count": 0,
    "missing_prize_draws": [],
    "path": "loto7_best_model.json",
    "profit": -347500,
    "purchase_count": 5,
    "rank_counts": {
      "1等": 0,
      "2等": 0,
      "3等": 1,
      "4等": 6,
      "5等": 52,
      "6等": 85,
      "外れ": 2966
    },
    "roi": 0.627546,
    "roi_percent": 62.755,
    "target_draws": 622,
    "total_cost": 933000,
    "total_payout": 585500,
    "total_tickets": 3110,
    "unit_cost": 300
  },
  "best_genome": {
    "best_rank_count": 0,
    "consecutive_penalty": 0.12271174817945016,
    "dormancy_weight": 0.07077473274754276,
    "full_weight": 0.25146912521891274,
    "generation": 58,
    "id": "g058_0058_1225",
    "low_high_bonus": 0.27337759273309875,
    "max_consecutive_pairs": 2,
    "max_main_match": 0,
    "odd_bonus": 0.36047307316438826,
    "overlap_limit": 4,
    "pair_recency_weight": 0.13045034036301761,
    "pair_stability_weight": 0.11991774524256904,
    "pair_weight": 0.07978128883055263,
    "pool_size": 17,
    "recent120_weight": 0.3195784731973337,
    "recent240_weight": 0.35187909182691646,
    "recent60_weight": 0.07707330975683721,
    "score": 0.0,
    "sum_bonus": 0.5575418968871495,
    "target_sum_max": 167,
    "target_sum_min": 108,
    "triple_weight": 0.0
  },
  "best_metrics": {
    "evolution_score": 0.0,
    "genome_id": "g058_0058_1225",
    "grade_hit_count": 145,
    "high_grade_hit_count": 8,
    "max_bonus_match": 2,
    "max_main_match": 6,
    "missing_prize_draw_count": 0,
    "missing_prize_draws": [],
    "path": "candidate_58",
    "profit": -340900,
    "purchase_count": 5,
    "rank_counts": {
      "1等": 0,
      "2等": 0,
      "3等": 1,
      "4等": 7,
      "5等": 52,
      "6等": 85,
      "外れ": 2965
    },
    "roi": 0.63462,
    "roi_percent": 63.462,
    "target_draws": 622,
    "total_cost": 933000,
    "total_payout": 592100,
    "total_tickets": 3110,
    "unit_cost": 300
  },
  "csv": "loto7.csv",
  "iterations_evaluated": 78,
  "iterations_requested": 200,
  "last_iteration": 78,
  "parent_pool": [
    {
      "best_rank_count": 0,
      "consecutive_penalty": 0.12581627845696708,
      "dormancy_weight": 0.07107373822748962,
      "full_weight": 0.30517609656707945,
      "generation": 67,
      "id": "g067_0067_8357",
      "low_high_bonus": 0.25072452327408645,
      "max_consecutive_pairs": 2,
      "max_main_match": 0,
      "odd_bonus": 0.35689079069452967,
      "overlap_limit": 4,
      "pair_recency_weight": 0.12541689367450007,
      "pair_stability_weight": 0.12225734927285792,
      "pair_weight": 0.06531618081377935,
      "pool_size": 16,
      "recent120_weight": 0.22979475149927597,
      "recent240_weight": 0.27596287997797775,
      "recent60_weight": 0.18906627195566697,
      "score": 0.0,
      "sum_bonus": 0.5073331252671593,
      "target_sum_max": 172,
      "target_sum_min": 108,
      "triple_weight": 0.015284370031891953
    },
    {
      "best_rank_count": 0,
      "consecutive_penalty": 0.12271174817945016,
      "dormancy_weight": 0.07077473274754276,
      "full_weight": 0.25146912521891274,
      "generation": 58,
      "id": "g058_0058_1225",
      "low_high_bonus": 0.27337759273309875,
      "max_consecutive_pairs": 2,
      "max_main_match": 0,
      "odd_bonus": 0.36047307316438826,
      "overlap_limit": 4,
      "pair_recency_weight": 0.13045034036301761,
      "pair_stability_weight": 0.11991774524256904,
      "pair_weight": 0.07978128883055263,
      "pool_size": 17,
      "recent120_weight": 0.3195784731973337,
      "recent240_weight": 0.35187909182691646,
      "recent60_weight": 0.07707330975683721,
      "score": 0.0,
      "sum_bonus": 0.5575418968871495,
      "target_sum_max": 167,
      "target_sum_min": 108,
      "triple_weight": 0.0
    }
  ],
  "purchase_count": 5,