{
  "baseline_genome": {
    "best_rank_count": 0,
    "consecutive_penalty": 0.12271174817945016,
    "dormancy_weight": 0.07077473274754276,
    "full_weight": 0.25146912521891274,
    "generation": 58,
    "id": "g058_0058_1225",
    "low_high_bonus": 0.27337759273309875,
    "max_consecutive_pairs": 2,
    "max_main_match": 0,
    "odd_bonus": 0.36047307316438826,
    "overlap_limit": 4,
    "pair_recency_weight": 0.13045034036301761,
    "pair_stability_weight": 0.11991774524256904,
    "pair_weight": 0.07978128883055263,
    "pool_size": 17,
    "recent120_weight": 0.3195784731973337,
    "recent240_weight": 0.35187909182691646,
    "recent60_weight": 0.07707330975683721,
    "score": 0.0,
    "sum_bonus": 0.5575418968871495,
    "target_sum_max": 167,
    "target_sum_min": 108,
    "triple_weight": 0.0
  },
  "baseline_metrics": {
    "evolution_score": 0.0,
    "genome_id": "g058_0058_1225",
    "grade_hit_count": 145,
    "high_grade_hit_count": 8,
    "max_bonus_match": 2,
    "max_main_match": 6,
    "missing_prize_draw_count": 0,
    "missing_prize_draws": [],
    "path": "loto7_best_model.json",
    "profit": -340900,
    "purchase_count": 5,
    "rank_counts": {
      "1等": 0,
      "2等": 0,
      "3等": 1,
      "4等": 7,
      "5等": 52,
      "6等": 85,
      "外れ": 2965
    },
    "roi": 0.63462,
    "roi_percent": 63.462,
    "target_draws": 622,
    "total_cost": 933000,
    "total_payout": 592100,
    "total_tickets": 3110,
    "unit_cost": 300
  },
  "best_genome": {
    "best_rank_count": 0,
    "consecutive_penalty": 0.12271174817945016,
    "dormancy_weight": 0.07077473274754276,
    "full_weight": 0.25146912521891274,
    "generation": 58,
    "id": "g058_0058_1225",
    "low_high_bonus": 0.27337759273309875,
    "max_consecutive_pairs": 2,
    "max_main_match": 0,
    "odd_bonus": 0.36047307316438826,
    "overlap_limit": 4,
    "pair_recency_weight": 0.13045034036301761,
    "pair_stability_weight": 0.11991774524256904,
    "pair_weight": 0.07978128883055263,
    "pool_size": 17,
    "recent120_weight": 0.3195784731973337,
    "recent240_weight": 0.35187909182691646,
    "recent60_weight": 0.07707330975683721,
    "score": 0.0,
    "sum_bonus": 0.5575418968871495,
    "target_sum_max": 167,
    "target_sum_min": 108,
    "triple_weight": 0.0
  },
  "best_metrics": {
    "evolution_score": 0.0,
    "genome_id": "g058_0058_1225",
    "grade_hit_count": 145,
    "high_grade_hit_count": 8,
    "max_bonus_match": 2,
    "max_main_match": 6,
    "missing_prize_draw_count": 0,
    "missing_prize_draws": [],
    "path": "loto7_best_model.json",
    "profit": -340900,
    "purchase_count": 5,
    "rank_counts": {
      "1等": 0,
      "2等": 0,
      "3等": 1,
      "4等": 7,
      "5等": 52,
      "6等": 85,
      "外れ": 2965
    },
    "roi": 0.63462,
    "roi_percent": 63.462,
    "target_draws": 622,
    "total_cost": 933000,
    "total_payout": 592100,
    "total_tickets": 3110,
    "unit_cost": 300
  },
  "csv": "loto7.csv",
  "iterations_evaluated": 47,
  "iterations_requested": 100,
  "last_iteration": 47,
  "parent_pool": [
    {
      "best_rank_count": 0,
      "consecutive_penalty": 0.12271174817945016,
      "dormancy_weight": 0.07077473274754276,
      "full_weight": 0.25146912521891274,
      "generation": 58,
      "id": "g058_0058_1225",
      "low_high_bonus": 0.27337759273309875,
      "max_consecutive_pairs": 2,
      "max_main_match": 0,
      "odd_bonus": 0.36047307316438826,
      "overlap_limit": 4,
      "pair_recency_weight": 0.13045034036301761,
      "pair_stability_weight": 0.11991774524256904,
      "pair_weight": 0.07978128883055263,
      "pool_size": 17,
      "recent120_weight": 0.3195784731973337,
      "recent240_weight": 0.35187909182691646,
      "recent60_weight": 0.07707330975683721,
      "score": 0.0,
      "sum_bonus": 0.5575418968871495,
      "target_sum_max": 167,
      "target_sum_min": 108,
      "triple_weight": 0.0
    }
  ],
  "purchase_count": 5,
  "rng_state": "gASV3g4AAAAAAABLAyhKe+mrHIoF1m9R6wCKBcfib5AASiS+RlyKBZdWm6kAigXtKrLnAIoFh3BT+wCKBafRtr0AShy5UD5KotMDYkqhzphligVw2sSvAEpojas9igWeUnq9AEqTmeBzigX+YietAEqfVYw1igV5cEyWAIoFUsoKnQCKBTDvNsQASqW7ZghKLncTBkoXTVFaigUmrybaAIoFb8Q4swCKBeZLtfoAigUgSdySAEqtx5R0ShzLTzSKBc/RgrAASnigPE2KBbOvvtgAigVGIdaIAIoFIsdghgBKobTmLIoFYPjn1ACKBco6q+cASnH7L2mKBfROydsAigWoFXH/AEr2bNAvSg1I2UOKBRDGytkAigW19sn7AEpZ9iFQSvTRizyKBUigbacAigU+6EyLAEoQ2+djSsEJz2+KBfNxFJsASvZQNmhKbJpyXkrO2H8aigUKmGXjAEqpX0AkSjbqiEKKBaBTN8YASl++n2yKBUu4qsIASnaITEeKBcQnIbMAigUIVmrLAIoF8J5ltwBK2hhpVYoFfcDs4gBKard3IYoFjPLyyACKBQ+Fy98AigWYJkusAEpv9DtSigUF3EjBAEoxjrwBigU+blDVAEqoofB6SptCciqKBSknLboASr5pUnqKBX2Gv+cAigXQa1nMAEqHFuJpSjd7FgFKNOFndooFFPp/ogCKBYwJO/MAigVCP9KDAEpieNEHigVaLYDMAIoFdAf0sACKBWX5CqIASgQ/lgFKwwIZTUqffItTSgsoATyKBay8iOkAigVsYKHdAEr01nZuigWzpiiZAErS4vQKigXY2oTkAIoFiZvjqACKBSXAs60AStkZdiRKRjwXS4oFhK0q0gBKnqYuf4oFhL3NrABKcfiVRkrJixVfigViv5jZAIoFCnyZkACKBZ6HFqgAigWNo+fKAIoFDGFM9QBKtn9RCYoFjpdSjQCKBYakOvAAigXBFPTSAEpBABEkigUSHVbeAEr/qIxoSkxazCpKvkr3RooFaslp2gBKn5ZXJkoghnkpSoE8yE1KDYKbLIoFRvh79wBKd3LcVUrcpDR5ShugMDZKtcHAAYoFB0Up7QBKe9MqOkpUYNpNigVW8JeaAEpLp99gSqzA6ReKBanpQrEAigWsin6fAErUcJJiigUBiGXxAIoF7w180gBKZjITJYoF2VsghgBKeIf5e4oF82/HrgCKBUUw7P0ASqfpUH9K9uidKooFsjErigCKBRa87JAAStC0bD+KBauYicQAigU35hqUAIoFq6lc0QCKBYsxCvsAigWwVTOPAIoFzWmX9ABKZnVLKEoHgNEfSuSzQyBKnKcVaYoFWaFD2ABKpN2GLkpFI08vigX62YHSAEo52uYLStCian6KBbQvRvcASvkiDyhKO5MFAUoknUQKigUPYn3IAEoCuch5igWUoOiVAEpxJ3xMSrSLNhyKBfTPNoEAigWAovj+AErqNp0yigWVEtL3AEpx7iUUSlNiUmRKYZlzIooFtYGongCKBWAW+5MASrFeGXGKBQ7r6fgAigXJNUbhAIoFmf/ImQCKBXZqarMASjAQs2NKGRgmAooFN9pZ8gBKPRN2F4oFeTuN1ABKcx9wLYoFVBXU8wCKBUvkMawAigXy0aWSAEovMpFlSl7gZTRKS1MICkqyenY0igVikC7iAEoj3K8vigWE6Y6gAEqgJM9tSqCZO1xKXuMVA4oFKyFanQCKBUG0tJUASkgxnAmKBUenX68AigVQwBKNAIoFbWDg1gBKDooCIUozGL0gigXNsdqdAIoFpt+SmgBKNA13YYoFAaZhqgBKPrnTGkq5F3RZSsPFjDeKBamnuaYAigXiMSvvAEo6CXQnigXNVbLzAEou6bkwigVAZCz3AErThusMSnO0YWaKBdvBVfIASk3ty1tKyh2IR0oPmRUFSoJvVQVKoK0mNkqwfF5uigW9ETTpAIoFgFPV3ACKBV+1y70AigUnt42qAIoFskTvwwCKBTdL95YAigV284XiAEpbfZ10igUuMIGAAIoFoI9+yABKTMjoaYoFy55T3wCKBVh8FuMAigUWJib7AIoFHNfRwgCKBRM/Mu4AigWKsRXPAErI0Xl4SgSzIFeKBR3alcEAigULvCOVAIoF7K6I4ACKBTWAfuEAigUj+8GCAIoFebE9oACKBfPgRt8AigW0i9HTAEqSJuZ0igXeZ3KFAIoFwHX7zQBKv4qcaYoFcqk08wBK97CgIIoFncK1hABKclRqSUqLrZ5NSr8vawxK/xwJKooFcB2InABK3QPhAkriZIhRStpKFgFKchtVdYoFFUndlQBKuB6PIUr/jTZOigVUskyFAIoFwpYzigCKBc505akAigW4bmz9AEpLEsZOigUxew3TAEqkByonigVMGKCzAEof3qBKigWt1uz5AEpH75spigUimwXqAEpy41hyigW74smRAIoF5iRS0ACKBQW7G/MAigUoC7GsAIoFRVpwkgCKBRqNUfMAigWmc/uUAIoFzXwh8ABKeAY5SkrkuQ1UigXYn5eEAIoFc47AjwBK08Vrckrzb+wXigV252WtAIoFwTHvkgCKBYakeMoASgNxwFOKBVUG5r0AigV9M9CxAEoEZmEeigV2XTbpAIoF9nx+ygBKBd1eWooFwySbwgBKC5orSEqln9BBigXx1KyNAIoFa+5K0QBKNDFnKkp2hDIZSuaB0n+KBRa1kecAigURQGXEAIoFByEz+QCKBeamXf4AigVDVsyEAIoFaBi57gBK1k6UaooFWHN4iwBKi/1CfooFyFV/kABKCDwDOYoFjrOitgCKBV5R6bgASifYnUlKlf3/J0pq3eAGigXs6l/qAIoFqTtfzgBKJyDCGkrJubYKigWBWhrYAEqtx717igX0DZK0AIoFpsDkoACKBRyl0bAAigUSZlilAIoF7Kb19gCKBXSjxe0ASqDdwFtKJGc3FIoFzcHvwwCKBXIzEJIAigXzr4OEAEoXjA5QSmFh7mWKBdZPMowAigX9C031AEo7dTEoSpK7ODBKz9Z6KEoKbNUrSq8PshdKzb2DcooFxox+8ACKBRo6AvIASlfW+UVKafW1PEp5aStSSlabliBKSoFqWUqsFmVUigXthbDOAIoFHJWfqQCKBQIr3c0AigU26dGxAIoFZE+MjACKBfuIKO0AigU3eFnvAIoFWYQ3ngBKdeG7A0oFua4OSmLIMgBKxumNPEqylINyigWMD6XQAIoFUSgwsQCKBaZLFpUAigXynq/AAIoFz6ILgwBKPgwAKooFSwJskwBKmnmyIkqSUAITSvvXyG5KtN3LYIoF1vpHrwBKx/FrcYoFGkcFtABK/iQCKYoFx9EqngCKBe83sfoAigWG4o2sAIoFtXWfpQCKBTN3Np4ASrs1DWiKBVsrTfwASo65aDpKDaDma0rtqQsUSrsnDUKKBWIu6ZIAigW58E7lAEpW0kEGSjRVVgFKOBkDYko/DWs+igUqENnYAEppqHNpigX8oQaeAEqEbRp9Sqf11D+KBTyTIc8ASryLliWKBeTIB5AAigUIK6KdAErwkG97igWw66PqAEoPAmJZigWBkIvdAErlnggZigVGB9f5AIoFpadjyQCKBXUpld8ASgnMzC2KBYsjS64AigUOgL6OAIoF0XecgACKBZ2wuc4ASquK3BJKsePZU4oFsYPVgABK35zHbkoTn04iigWUz27oAEpnuTxdigUXfX+bAIoFo5Op1wBKfZLnBEov278fSuD3VhqKBSDmCPwAigVoVn7hAEpd3kN2igX+yTfYAIoFCRgUsgCKBaCRwNwAigWlHgiZAIoFGIGOtwCKBWCBOoYAigW6x5LQAIoFKxJwswCKBS6Ur+QAigU4+0aYAIoFMYr3mwCKBWmydNYASrUMf0WKBSqDEskASqNx8zVK00ydMooFZwT+uwCKBZJGqqEAigW+IASpAIoFm/sR8wBKF6DRNooFvCP7qwBK8oOEckokTNIsigUYyFyeAEqZOL