{
  "baseline_genome": {
    "best_rank_count": 16,
    "consecutive_penalty": 0.4935683974469848,
    "dormancy_weight": 0.010199486558624075,
    "full_weight": 0.13519265317915038,
    "generation": 228,
    "id": "g228_0228_2057",
    "low_high_bonus": 0.3626754851381677,
    "max_consecutive_pairs": 0,
    "max_main_match": 6,
    "odd_bonus": 0.311995376549624,
    "overlap_limit": 6,
    "pair_recency_weight": 0.050839300946951035,
    "pair_stability_weight": 0.2556279699561879,
    "pair_weight": 0.0317857540682134,
    "pool_size": 21,
    "recent120_weight": 0.40339417355164786,
    "recent240_weight": 0.011409372125524774,
    "recent60_weight": 0.4500038011436771,
    "score": 71254.8,
    "sum_bonus": 0.5503278341511205,
    "target_sum_max": 140,
    "target_sum_min": 113,
    "triple_weight": 0.006679732087377485
  },
  "baseline_metrics": {
    "evolution_score": 71271.89,
    "genome_id": "g228_0228_2057",
    "grade_hit_count": 166,
    "high_grade_hit_count": 16,
    "max_bonus_match": 2,
    "max_main_match": 6,
    "missing_prize_draw_count": 0,
    "missing_prize_draws": [],
    "path": "loto7_best_model.json",
    "profit": 66700,
    "purchase_count": 5,
    "rank_counts": {
      "1等": 0,
      "2等": 0,
      "3等": 1,
      "4等": 15,
      "5等": 60,
      "6等": 90,
      "外れ": 3254
    },
    "roi": 1.06501,
    "roi_percent": 106.501,
    "target_draws": 684,
    "total_cost": 1026000,
    "total_payout": 1092700,
    "total_tickets": 3420,
    "unit_cost": 300
  },
  "best_genome": {
    "best_rank_count": 16,
    "consecutive_penalty": 0.4935683974469848,
    "dormancy_weight": 0.010199486558624075,
    "full_weight": 0.13519265317915038,
    "generation": 228,
    "id": "g228_0228_2057",
    "low_high_bonus": 0.3626754851381677,
    "max_consecutive_pairs": 0,
    "max_main_match": 6,
    "odd_bonus": 0.311995376549624,
    "overlap_limit": 6,
    "pair_recency_weight": 0.050839300946951035,
    "pair_stability_weight": 0.2556279699561879,
    "pair_weight": 0.0317857540682134,
    "pool_size": 21,
    "recent120_weight": 0.40339417355164786,
    "recent240_weight": 0.011409372125524774,
    "recent60_weight": 0.4500038011436771,
    "score": 71254.8,
    "sum_bonus": 0.5503278341511205,
    "target_sum_max": 140,
    "target_sum_min": 113,
    "triple_weight": 0.006679732087377485
  },
  "best_metrics": {
    "evolution_score": 71271.89,
    "genome_id": "g228_0228_2057",
    "grade_hit_count": 166,
    "high_grade_hit_count": 16,
    "max_bonus_match": 2,
    "max_main_match": 6,
    "missing_prize_draw_count": 0,
    "missing_prize_draws": [],
    "path": "loto7_best_model.json",
    "profit": 66700,
    "purchase_count": 5,
    "rank_counts": {
      "1等": 0,
      "2等": 0,
      "3等": 1,
      "4等": 15,
      "5等": 60,
      "6等": 90,
      "外れ": 3254
    },
    "roi": 1.06501,
    "roi_percent": 106.501,
    "target_draws": 684,
    "total_cost": 1026000,
    "total_payout": 1092700,
    "total_tickets": 3420,
    "unit_cost": 300
  },
  "csv": "loto7.csv",
  "iterations_evaluated": 5,
  "iterations_requested": 20,
  "last_iteration": 5,
  "objective": "composite_roi_profit_highgrade_exploration",
  "parent_pool": [
    {
      "best_rank_count": 16,
      "consecutive_penalty": 0.4935683974469848,
      "dormancy_weight": 0.010199486558624075,
      "full_weight": 0.13519265317915038,
      "generation": 228,
      "id": "g228_0228_2057",
      "low_high_bonus": 0.3626754851381677,
      "max_consecutive_pairs": 0,
      "max_main_match": 6,
      "odd_bonus": 0.311995376549624,
      "overlap_limit": 6,
      "pair_recency_weight": 0.050839300946951035,
      "pair_stability_weight": 0.2556279699561879,
      "pair_weight": 0.0317857540682134,
      "pool_size": 21,
      "recent120_weight": 0.40339417355164786,
      "recent240_weight": 0.011409372125524774,
      "recent60_weight": 0.4500038011436771,
      "score": 71271.89,
      "sum_bonus": 0.5503278341511205,
      "target_sum_max": 140,
      "target_sum_min": 113,
      "triple_weight": 0.006679732087377485
    },
    {
      "best_rank_count": 12,
      "consecutive_penalty": 0.46944850321931564,
      "dormancy_weight": 0.027717915744121434,
      "full_weight": 0.008826036098580124,
      "generation": 4,
      "id": "g004_0004_9757",
      "low_high_bonus": 0.35440496028225116,
      "max_consecutive_pairs": 1,
      "max_main_match": 6,
      "odd_bonus": 0.4266012952597674,
      "overlap_limit": 6,
      "pair_recency_weight": 0.09663680594189568,
      "pair_stability_weight": 0.23621875141234297,
      "pair_weight": 0.05006898231510145,
      "pool_size": 22,
      "recent120_weight": 0.2737331372334341,
      "recent240_weight": 0.17473477578013263,
      "recent60_weight": 0.5427060508878531,
      "score": 59502.26,
      "sum_bonus": 0.4835473874902099,
      "target_sum_max": 145,
      "target_sum_min": 108,
      "triple_weight": 0.07508643826164552
    },
    {
      "best_rank_count": 10,
      "consecutive_penalty": 0.31221522850972777,
      "dormancy_weight": 0.036431838079518775,
      "full_weight": 0.21250961334126736,
      "generation": 1,
      "id": "g001_0001_5926",
      "low_high_bonus": 0.0,
      "max_consecutive_pairs": 1,
      "max_main_match": 5,
      "odd_bonus": 0.25255669085964766,
      "overlap_limit": 5,
      "pair_recency_weight": 0.016122370640371864,
      "pair_stability_weight": 0.17585279732509077,
      "pair_weight": 0.06421685116232559,
      "pool_size": 16,
      "recent120_weight": 0.04872819783761985,
      "recent240_weight": 0.06145276500841037,
      "recent60_weight": 0.6773094238127024,
      "score": 39403.97,
      "sum_bonus": 0.5547716555030875,
      "target_sum_max": 158,
      "target_sum_min": 110,
      "triple_weight": 0.05114456246293368
    },
    {
      "best_rank_count": 6,
      "consecutive_penalty": 0.498737725515533,
      "dormancy_weight": 0.003244650278226768,
      "full_weight": 0.1904595197248152,
      "generation": 2,
      "id": "g002_0002_7104",
      "low_high_bonus": 0.21269804951792576,
      "max_consecutive_pairs": 3,
      "max_main_match": 5,
      "odd_bonus": 0.2303062373542024,
      "overlap_limit": 5,
      "pair_recency_weight": 0.03990693745347473,
      "pair_stability_weight": 0.16862515588076604,
      "pair_weight": 0.18034414437784296,
      "pool_size": 18,
      "recent120_weight": 0.10520686925928856,
      "recent240_weight": 0.32104407582223665,
      "recent60_weight": 0.38328953519365966,
      "score": 27770.66,
      "sum_bonus": 0.4722322515687944,
      "target_sum_max": 169,
      "target_sum_min": 85,
      "triple_weight": 0.11294594906941115
    },
    {
      "best_rank_count": 5,
      "consecutive_penalty": 0.4716654794885413,
      "dormancy_weight": 0.0,
      "full_weight": 0.23730142005333654,
      "generation": 3,
      "id": "g003_0003_1219",
      "low_high_bonus": 0.3416880947704434,
      "max_consecutive_pairs": 3,
      "max_main_match": 5,
      "odd_bonus": 0.24941367190334546,
      "overlap_limit": 4,
      "pair_recency_weight": 0.06275363506282503,
      "pair_stability_weight": 0.1528069686057424,
      "pair_weight": 0.2129222201679713,
      "pool_size": 18,
      "recent120_weight": 0.0914956591715334,
      "recent240_weight": 0.3626356520932815,
      "recent60_weight": 0.3085672686818485,
      "score": 26462.28,
      "sum_bonus": 0.31600131855063274,
      "target_sum_max": 174,
      "target_sum_min": 82,
      "triple_weight": 0.12443812509800446
    },
    {
      "best_rank_count": 4,
      "consecutive_penalty": 0.4666580382338278,
      "dormancy_weight": 0.0009174979142019555,
      "full_weight": 0.168940135414762,
      "generation": 5,
      "id": "g005_0005_7817",
      "low_high_bonus": 0.3401252273592066,
      "max_consecutive_pairs": 3,
      "max_main_match": 5,
      "odd_bonus": 0.18615342652472217,
      "overlap_limit": 4,
      "pair_recency_weight": 0.025649476952388877,