{
  "baseline_genome": {
    "best_rank_count": 16,
    "consecutive_penalty": 0.4935683974469848,
    "dormancy_weight": 0.010199486558624075,
    "full_weight": 0.13519265317915038,
    "generation": 228,
    "id": "g228_0228_2057",
    "low_high_bonus": 0.3626754851381677,
    "max_consecutive_pairs": 0,
    "max_main_match": 6,
    "odd_bonus": 0.311995376549624,
    "overlap_limit": 6,
    "pair_recency_weight": 0.050839300946951035,
    "pair_stability_weight": 0.2556279699561879,
    "pair_weight": 0.0317857540682134,
    "pool_size": 21,
    "recent120_weight": 0.40339417355164786,
    "recent240_weight": 0.011409372125524774,
    "recent60_weight": 0.4500038011436771,
    "score": 71237.75,
    "sum_bonus": 0.5503278341511205,
    "target_sum_max": 140,
    "target_sum_min": 113,
    "triple_weight": 0.006679732087377485
  },
  "baseline_metrics": {
    "evolution_score": 71271.89,
    "genome_id": "g228_0228_2057",
    "grade_hit_count": 166,
    "high_grade_hit_count": 16,
    "max_bonus_match": 2,
    "max_main_match": 6,
    "missing_prize_draw_count": 0,
    "missing_prize_draws": [],
    "path": "loto7_best_model.json",
    "profit": 65200,
    "purchase_count": 5,
    "rank_counts": {
      "1等": 0,
      "2等": 0,
      "3等": 1,
      "4等": 15,
      "5等": 60,
      "6等": 90,
      "外れ": 3259
    },
    "roi": 1.063455,
    "roi_percent": 106.345,
    "target_draws": 685,
    "total_cost": 1027500,
    "total_payout": 1092700,
    "total_tickets": 3425,
    "unit_cost": 300
  },
  "best_genome": {
    "best_rank_count": 16,
    "consecutive_penalty": 0.4935683974469848,
    "dormancy_weight": 0.010199486558624075,
    "full_weight": 0.13519265317915038,
    "generation": 228,
    "id": "g228_0228_2057",
    "low_high_bonus": 0.3626754851381677,
    "max_consecutive_pairs": 0,
    "max_main_match": 6,
    "odd_bonus": 0.311995376549624,
    "overlap_limit": 6,
    "pair_recency_weight": 0.050839300946951035,
    "pair_stability_weight": 0.2556279699561879,
    "pair_weight": 0.0317857540682134,
    "pool_size": 21,
    "recent120_weight": 0.40339417355164786,
    "recent240_weight": 0.011409372125524774,
    "recent60_weight": 0.4500038011436771,
    "score": 71237.75,
    "sum_bonus": 0.5503278341511205,
    "target_sum_max": 140,
    "target_sum_min": 113,
    "triple_weight": 0.006679732087377485
  },
  "best_metrics": {
    "evolution_score": 71271.89,
    "genome_id": "g228_0228_2057",
    "grade_hit_count": 166,
    "high_grade_hit_count": 16,
    "max_bonus_match": 2,
    "max_main_match": 6,
    "missing_prize_draw_count": 0,
    "missing_prize_draws": [],
    "path": "loto7_best_model.json",
    "profit": 65200,
    "purchase_count": 5,
    "rank_counts": {
      "1等": 0,
      "2等": 0,
      "3等": 1,
      "4等": 15,
      "5等": 60,
      "6等": 90,
      "外れ": 3259
    },
    "roi": 1.063455,
    "roi_percent": 106.345,
    "target_draws": 685,
    "total_cost": 1027500,
    "total_payout": 1092700,
    "total_tickets": 3425,
    "unit_cost": 300
  },
  "csv": "loto7.csv",
  "iterations_evaluated": 1,
  "iterations_requested": 20,
  "last_iteration": 1,
  "objective": "composite_roi_profit_highgrade_exploration",
  "parent_pool": [
    {
      "best_rank_count": 16,
      "consecutive_penalty": 0.4935683974469848,
      "dormancy_weight": 0.010199486558624075,
      "full_weight": 0.13519265317915038,
      "generation": 228,
      "id": "g228_0228_2057",
      "low_high_bonus": 0.3626754851381677,
      "max_consecutive_pairs": 0,
      "max_main_match": 6,
      "odd_bonus": 0.311995376549624,
      "overlap_limit": 6,
      "pair_recency_weight": 0.050839300946951035,
      "pair_stability_weight": 0.2556279699561879,
      "pair_weight": 0.0317857540682134,
      "pool_size": 21,
      "recent120_weight": 0.40339417355164786,
      "recent240_weight": 0.011409372125524774,
      "recent60_weight": 0.4500038011436771,
      "score": 71271.89,
      "sum_bonus": 0.5503278341511205,
      "target_sum_max": 140,
      "target_sum_min": 113,
      "triple_weight": 0.006679732087377485
    },
    {
      "best_rank_count": 6,
      "consecutive_penalty": 0.5367668362690621,
      "dormancy_weight": 0.012022748206151972,
      "full_weight": 0.025629945799476875,
      "generation": 1,
      "id": "g001_0001_3121",
      "low_high_bonus": 0.1998026231637487,
      "max_consecutive_pairs": 1,
      "max_main_match": 5,
      "odd_bonus": 0.08873597417622117,
      "overlap_limit": 5,
      "pair_recency_weight": 0.20615355701478905,
      "pair_stability_weight": 0.25148278271767766,
      "pair_weight": 0.04382863696779451,
      "pool_size": 25,
      "recent120_weight": 0.48095971592174097,
      "recent240_weight": 0.2321904920151611,
      "recent60_weight": 0.26121984626362094,
      "score": 32135.09,
      "sum_bonus": 0.39841138736714593,
      "target_sum_max": 140,
      "target_sum_min": 120,
      "triple_weight": 0.0
    },
    {
      "best_rank_count": 0,
      "consecutive_penalty": 0.5261885587093311,
      "dormancy_weight": 0.009684454003064388,
      "full_weight": 0.01178028005697052,
      "generation": 1,
      "id": "g001_0001_5688",
      "low_high_bonus": 0.2714285305258149,
      "max_consecutive_pairs": 0,
      "max_main_match": 0,
      "odd_bonus": 0.23212844752443368,
      "overlap_limit": 5,
      "pair_recency_weight": 0.18013497717957505,
      "pair_stability_weight": 0.23869260963693573,
      "pair_weight": 0.03768503140726383,
      "pool_size": 26,
      "recent120_weight": 0.49221858676514285,
      "recent240_weight": 0.1364919525247786,
      "recent60_weight": 0.35950918065310794,
      "score": 0.0,
      "sum_bonus": 0.330367646644916,
      "target_sum_max": 140,
      "target_sum_min": 115,
      "triple_weight": 0.004780236422096267
    },
    {
      "best_rank_count": 0,
      "consecutive_penalty": 0.16388188175063587,
      "dormancy_weight": 0.0271689761247018,
      "full_weight": 0.1481058505704336,
      "generation": 0,
      "id": "g000_0001_5041",
      "low_high_bonus": 0.41662453001828736,
      "max_consecutive_pairs": 2,
      "max_main_match": 0,
      "odd_bonus": 0.25212270098590217,
      "overlap_limit": 6,
      "pair_recency_weight": 0.1635974713738768,
      "pair_stability_weight": 0.057023733509545343,
      "pair_weight": 0.033615192819746176,
      "pool_size": 21,
      "recent120_weight": 0.08910165133148282,
      "recent240_weight": 0.5266049470933,
      "recent60_weight": 0.23618755100478356,
      "score": 0.0,
      "sum_bonus": 0.1018146888970908,
      "target_sum_max": 176,
      "target_sum_min": 97,
      "triple_weight": 0.0860450568027038
    },
    {
      "best_rank_count": 0,
      "consecutive_penalty": 0.5609893292008258,
      "dormancy_weight": 0.0,
      "full_weight": 0.10112581190576561,
      "generation": 3,
      "id": "g003_0003_3809",
      "low_high_bonus": 0.4263017577014621,
      "max_consecutive_pairs": 1,
      "max_main_match": 0,
      "odd_bonus": 0.25398893163972336,
      "overlap_limit": 6,
      "pair_recency_weight": 0.07612756861822502,
      "pair_stability_weight": 0.25032390566758084,
      "pair_weight": 0.050240703797523836,
      "pool_size": 24,
      "recent120_weight": 0.4115973275482803,
      "recent240_weight": 0.010430847778452672,
      "recent60_weight": 0.4768460127675014,
      "score": 0.0,
      "sum_bonus": 0.6006637504751089,
      "target_sum_max": 140,
      "target_sum_min": 118,
      "triple_weight": 0.03420121625641547
    },
    {
      "best_rank_count": 0,
      "consecutive_penalty": 0.4583525317432712,
      "dormancy_weight": 0.04243330118966142,
      "full_weight": 0.08524001583025273,
      "generation": 0,
      "id": "g000_0003_8710",
      "low_high_bonus": 0.09026838943682361,
      "max_consecutive_pairs": 1,
      "max_main_match": 0,
      "odd_bonus": 0.39685763545603137,
      "overlap_limit": 4,
      "pair_recency_weight": 0.10389713297848109,