{
  "baseline_genome": {
    "best_rank_count": 16,
    "consecutive_penalty": 0.4935683974469848,
    "dormancy_weight": 0.010199486558624075,
    "full_weight": 0.13519265317915038,
    "generation": 228,
    "id": "g228_0228_2057",
    "low_high_bonus": 0.3626754851381677,
    "max_consecutive_pairs": 0,
    "max_main_match": 6,
    "odd_bonus": 0.311995376549624,
    "overlap_limit": 6,
    "pair_recency_weight": 0.050839300946951035,
    "pair_stability_weight": 0.2556279699561879,
    "pair_weight": 0.0317857540682134,
    "pool_size": 21,
    "recent120_weight": 0.40339417355164786,
    "recent240_weight": 0.011409372125524774,
    "recent60_weight": 0.4500038011436771,
    "score": 71254.8,
    "sum_bonus": 0.5503278341511205,
    "target_sum_max": 140,
    "target_sum_min": 113,
    "triple_weight": 0.006679732087377485
  },
  "baseline_metrics": {
    "evolution_score": 71271.89,
    "genome_id": "g228_0228_2057",
    "grade_hit_count": 166,
    "high_grade_hit_count": 16,
    "max_bonus_match": 2,
    "max_main_match": 6,
    "missing_prize_draw_count": 0,
    "missing_prize_draws": [],
    "path": "loto7_best_model.json",
    "profit": 66700,
    "purchase_count": 5,
    "rank_counts": {
      "1等": 0,
      "2等": 0,
      "3等": 1,
      "4等": 15,
      "5等": 60,
      "6等": 90,
      "外れ": 3254
    },
    "roi": 1.06501,
    "roi_percent": 106.501,
    "target_draws": 684,
    "total_cost": 1026000,
    "total_payout": 1092700,
    "total_tickets": 3420,
    "unit_cost": 300
  },
  "best_genome": {
    "best_rank_count": 16,
    "consecutive_penalty": 0.4935683974469848,
    "dormancy_weight": 0.010199486558624075,
    "full_weight": 0.13519265317915038,
    "generation": 228,
    "id": "g228_0228_2057",
    "low_high_bonus": 0.3626754851381677,
    "max_consecutive_pairs": 0,
    "max_main_match": 6,
    "odd_bonus": 0.311995376549624,
    "overlap_limit": 6,
    "pair_recency_weight": 0.050839300946951035,
    "pair_stability_weight": 0.2556279699561879,
    "pair_weight": 0.0317857540682134,
    "pool_size": 21,
    "recent120_weight": 0.40339417355164786,
    "recent240_weight": 0.011409372125524774,
    "recent60_weight": 0.4500038011436771,
    "score": 71254.8,
    "sum_bonus": 0.5503278341511205,
    "target_sum_max": 140,
    "target_sum_min": 113,
    "triple_weight": 0.006679732087377485
  },
  "best_metrics": {
    "evolution_score": 71271.89,
    "genome_id": "g228_0228_2057",
    "grade_hit_count": 166,
    "high_grade_hit_count": 16,
    "max_bonus_match": 2,
    "max_main_match": 6,
    "missing_prize_draw_count": 0,
    "missing_prize_draws": [],
    "path": "loto7_best_model.json",
    "profit": 66700,
    "purchase_count": 5,
    "rank_counts": {
      "1等": 0,
      "2等": 0,
      "3等": 1,
      "4等": 15,
      "5等": 60,
      "6等": 90,
      "外れ": 3254
    },
    "roi": 1.06501,
    "roi_percent": 106.501,
    "target_draws": 684,
    "total_cost": 1026000,
    "total_payout": 1092700,
    "total_tickets": 3420,
    "unit_cost": 300
  },
  "csv": "loto7.csv",
  "iterations_evaluated": 4,
  "iterations_requested": 20,
  "last_iteration": 4,
  "objective": "composite_roi_profit_highgrade_exploration",
  "parent_pool": [
    {
      "best_rank_count": 16,
      "consecutive_penalty": 0.4935683974469848,
      "dormancy_weight": 0.010199486558624075,
      "full_weight": 0.13519265317915038,
      "generation": 228,
      "id": "g228_0228_2057",
      "low_high_bonus": 0.3626754851381677,
      "max_consecutive_pairs": 0,
      "max_main_match": 6,
      "odd_bonus": 0.311995376549624,
      "overlap_limit": 6,
      "pair_recency_weight": 0.050839300946951035,
      "pair_stability_weight": 0.2556279699561879,
      "pair_weight": 0.0317857540682134,
      "pool_size": 21,
      "recent120_weight": 0.40339417355164786,
      "recent240_weight": 0.011409372125524774,
      "recent60_weight": 0.4500038011436771,
      "score": 71271.89,
      "sum_bonus": 0.5503278341511205,
      "target_sum_max": 140,
      "target_sum_min": 113,
      "triple_weight": 0.006679732087377485
    },
    {
      "best_rank_count": 11,
      "consecutive_penalty": 0.29630852097988014,
      "dormancy_weight": 0.01307626464109431,
      "full_weight": 0.01382212624452959,
      "generation": 2,
      "id": "g002_0002_7826",
      "low_high_bonus": 0.25365239934074135,
      "max_consecutive_pairs": 0,
      "max_main_match": 5,
      "odd_bonus": 0.22519212587008092,
      "overlap_limit": 5,
      "pair_recency_weight": 0.0,
      "pair_stability_weight": 0.2386468069305747,
      "pair_weight": 0.03393052307818228,
      "pool_size": 22,
      "recent120_weight": 0.30921153630288045,
      "recent240_weight": 0.07253938267314698,
      "recent60_weight": 0.6044269547794429,
      "score": 42318.14,
      "sum_bonus": 0.42664388299345873,
      "target_sum_max": 143,
      "target_sum_min": 119,
      "triple_weight": 0.0
    },
    {
      "best_rank_count": 10,
      "consecutive_penalty": 0.30940812790070915,
      "dormancy_weight": 0.0180552620237073,
      "full_weight": 0.03496051470873974,
      "generation": 3,
      "id": "g003_0003_7616",
      "low_high_bonus": 0.29781977336527177,
      "max_consecutive_pairs": 0,
      "max_main_match": 5,
      "odd_bonus": 0.10896070912596317,
      "overlap_limit": 5,
      "pair_recency_weight": 0.016032781104314338,
      "pair_stability_weight": 0.27358237095454124,
      "pair_weight": 0.036720022720940444,
      "pool_size": 19,
      "recent120_weight": 0.36805244422984706,
      "recent240_weight": 0.18636487247274566,
      "recent60_weight": 0.4106221685886675,
      "score": 41387.08,
      "sum_bonus": 0.2739442732769116,
      "target_sum_max": 145,
      "target_sum_min": 120,
      "triple_weight": 0.004116174927416214
    },
    {
      "best_rank_count": 9,
      "consecutive_penalty": 0.5643268640491108,
      "dormancy_weight": 0.017581208125270607,
      "full_weight": 0.012119899152250741,
      "generation": 1,
      "id": "g001_0001_2971",
      "low_high_bonus": 0.4020791661641608,
      "max_consecutive_pairs": 1,
      "max_main_match": 5,
      "odd_bonus": 0.056523751214769394,
      "overlap_limit": 5,
      "pair_recency_weight": 0.0,
      "pair_stability_weight": 0.26025694612243383,
      "pair_weight": 0.11471804819164715,
      "pool_size": 18,
      "recent120_weight": 0.40152808550316893,
      "recent240_weight": 0.16273655012607424,
      "recent60_weight": 0.42361546521850607,
      "score": 36690.66,
      "sum_bonus": 0.6322182768906757,
      "target_sum_max": 184,
      "target_sum_min": 87,
      "triple_weight": 0.06089550993627594
    },
    {
      "best_rank_count": 7,
      "consecutive_penalty": 0.41123533059887313,
      "dormancy_weight": 0.02723469378502664,
      "full_weight": 0.06764451171371547,
      "generation": 4,
      "id": "g004_0004_3580",
      "low_high_bonus": 0.30929599849204886,
      "max_consecutive_pairs": 1,
      "max_main_match": 5,
      "odd_bonus": 0.4505127362484051,
      "overlap_limit": 4,
      "pair_recency_weight": 0.13953561162410366,
      "pair_stability_weight": 0.2216662698411115,
      "pair_weight": 0.01624029007670784,
      "pool_size": 21,
      "recent120_weight": 0.4793529728005889,
      "recent240_weight": 0.009291255972795008,
      "recent60_weight": 0.44371125951290075,
      "score": 31875.07,
      "sum_bonus": 0.053591937024071154,
      "target_sum_max": 140,
      "target_sum_min": 100,
      "triple_weight": 0.037421185552884054
    },
    {
      "best_rank_count": 0,
      "consecutive_penalty": 0.5604859972640622,
      "dormancy_weight": 0.0,
      "full_weight": 0.08931911757340867,
      "generation": 1,
      "id": "g001_0001_9381",
      "low_high_bonus": 0.37645799675248803,
      "max_consecutive_pairs": 0,
      "max_main_match": 0,
      "odd_bonus": 0.06030336664494115,
      "overlap_limit": 5,
      "pair_recency_weight": 0.0,