{
  "baseline_genome": {
    "best_rank_count": 16,
    "consecutive_penalty": 0.4935683974469848,
    "dormancy_weight": 0.010199486558624075,
    "full_weight": 0.13519265317915038,
    "generation": 228,
    "id": "g228_0228_2057",
    "low_high_bonus": 0.3626754851381677,
    "max_consecutive_pairs": 0,
    "max_main_match": 6,
    "odd_bonus": 0.311995376549624,
    "overlap_limit": 6,
    "pair_recency_weight": 0.050839300946951035,
    "pair_stability_weight": 0.2556279699561879,
    "pair_weight": 0.0317857540682134,
    "pool_size": 21,
    "recent120_weight": 0.40339417355164786,
    "recent240_weight": 0.011409372125524774,
    "recent60_weight": 0.4500038011436771,
    "score": 71237.75,
    "sum_bonus": 0.5503278341511205,
    "target_sum_max": 140,
    "target_sum_min": 113,
    "triple_weight": 0.006679732087377485
  },
  "baseline_metrics": {
    "evolution_score": 71271.89,
    "genome_id": "g228_0228_2057",
    "grade_hit_count": 166,
    "high_grade_hit_count": 16,
    "max_bonus_match": 2,
    "max_main_match": 6,
    "missing_prize_draw_count": 0,
    "missing_prize_draws": [],
    "path": "loto7_best_model.json",
    "profit": 65200,
    "purchase_count": 5,
    "rank_counts": {
      "1等": 0,
      "2等": 0,
      "3等": 1,
      "4等": 15,
      "5等": 60,
      "6等": 90,
      "外れ": 3259
    },
    "roi": 1.063455,
    "roi_percent": 106.345,
    "target_draws": 685,
    "total_cost": 1027500,
    "total_payout": 1092700,
    "total_tickets": 3425,
    "unit_cost": 300
  },
  "best_genome": {
    "best_rank_count": 16,
    "consecutive_penalty": 0.4935683974469848,
    "dormancy_weight": 0.010199486558624075,
    "full_weight": 0.13519265317915038,
    "generation": 228,
    "id": "g228_0228_2057",
    "low_high_bonus": 0.3626754851381677,
    "max_consecutive_pairs": 0,
    "max_main_match": 6,
    "odd_bonus": 0.311995376549624,
    "overlap_limit": 6,
    "pair_recency_weight": 0.050839300946951035,
    "pair_stability_weight": 0.2556279699561879,
    "pair_weight": 0.0317857540682134,
    "pool_size": 21,
    "recent120_weight": 0.40339417355164786,
    "recent240_weight": 0.011409372125524774,
    "recent60_weight": 0.4500038011436771,
    "score": 71237.75,
    "sum_bonus": 0.5503278341511205,
    "target_sum_max": 140,
    "target_sum_min": 113,
    "triple_weight": 0.006679732087377485
  },
  "best_metrics": {
    "evolution_score": 71271.89,
    "genome_id": "g228_0228_2057",
    "grade_hit_count": 166,
    "high_grade_hit_count": 16,
    "max_bonus_match": 2,
    "max_main_match": 6,
    "missing_prize_draw_count": 0,
    "missing_prize_draws": [],
    "path": "loto7_best_model.json",
    "profit": 65200,
    "purchase_count": 5,
    "rank_counts": {
      "1等": 0,
      "2等": 0,
      "3等": 1,
      "4等": 15,
      "5等": 60,
      "6等": 90,
      "外れ": 3259
    },
    "roi": 1.063455,
    "roi_percent": 106.345,
    "target_draws": 685,
    "total_cost": 1027500,
    "total_payout": 1092700,
    "total_tickets": 3425,
    "unit_cost": 300
  },
  "csv": "loto7.csv",
  "iterations_evaluated": 2,
  "iterations_requested": 20,
  "last_iteration": 2,
  "objective": "composite_roi_profit_highgrade_exploration",
  "parent_pool": [
    {
      "best_rank_count": 16,
      "consecutive_penalty": 0.4935683974469848,
      "dormancy_weight": 0.010199486558624075,
      "full_weight": 0.13519265317915038,
      "generation": 228,
      "id": "g228_0228_2057",
      "low_high_bonus": 0.3626754851381677,
      "max_consecutive_pairs": 0,
      "max_main_match": 6,
      "odd_bonus": 0.311995376549624,
      "overlap_limit": 6,
      "pair_recency_weight": 0.050839300946951035,
      "pair_stability_weight": 0.2556279699561879,
      "pair_weight": 0.0317857540682134,
      "pool_size": 21,
      "recent120_weight": 0.40339417355164786,
      "recent240_weight": 0.011409372125524774,
      "recent60_weight": 0.4500038011436771,
      "score": 71271.89,
      "sum_bonus": 0.5503278341511205,
      "target_sum_max": 140,
      "target_sum_min": 113,
      "triple_weight": 0.006679732087377485
    },
    {
      "best_rank_count": 9,
      "consecutive_penalty": 0.4868717108527255,
      "dormancy_weight": 0.0322887475086946,
      "full_weight": 0.5167825136988715,
      "generation": 1,
      "id": "g001_0001_4662",
      "low_high_bonus": 0.07828879714865272,
      "max_consecutive_pairs": 2,
      "max_main_match": 5,
      "odd_bonus": 0.16782892428542415,
      "overlap_limit": 6,
      "pair_recency_weight": 0.21131929653198095,
      "pair_stability_weight": 0.2462256728474228,
      "pair_weight": 0.028288144487112685,
      "pool_size": 22,
      "recent120_weight": 0.4593541788782408,
      "recent240_weight": 0.01193165371144379,
      "recent60_weight": 0.01193165371144379,
      "score": 37435.97,
      "sum_bonus": 0.36472786509754224,
      "target_sum_max": 164,
      "target_sum_min": 116,
      "triple_weight": 0.028518496438861986
    },
    {
      "best_rank_count": 7,
      "consecutive_penalty": 0.5048657107996976,
      "dormancy_weight": 0.0274235589618824,
      "full_weight": 0.4775567773269356,
      "generation": 2,
      "id": "g002_0002_7185",
      "low_high_bonus": 0.10904139694614777,
      "max_consecutive_pairs": 3,
      "max_main_match": 5,
      "odd_bonus": 0.014901979196955684,
      "overlap_limit": 6,
      "pair_recency_weight": 0.18351575878200474,
      "pair_stability_weight": 0.2993979776120037,
      "pair_weight": 0.01869908696494591,
      "pool_size": 23,
      "recent120_weight": 0.49515618054494537,
      "recent240_weight": 0.016503717076548893,
      "recent60_weight": 0.010783325051570161,
      "score": 34218.58,
      "sum_bonus": 0.28321929604361706,
      "target_sum_max": 164,
      "target_sum_min": 116,
      "triple_weight": 0.014037778566940199
    },
    {
      "best_rank_count": 0,
      "consecutive_penalty": 0.4441549721097674,
      "dormancy_weight": 4.686410259070479e-05,
      "full_weight": 0.22123331638813273,
      "generation": 1,
      "id": "g001_0001_1068",
      "low_high_bonus": 0.30525566489704453,
      "max_consecutive_pairs": 1,
      "max_main_match": 0,
      "odd_bonus": 0.2650591209478782,
      "overlap_limit": 6,
      "pair_recency_weight": 0.07290206007068625,
      "pair_stability_weight": 0.2683494219769424,
      "pair_weight": 0.026435503862055655,
      "pool_size": 16,
      "recent120_weight": 0.5049507104913479,
      "recent240_weight": 0.01179050537058564,
      "recent60_weight": 0.2620254677499337,
      "score": 0.0,
      "sum_bonus": 0.47733869708311666,
      "target_sum_max": 140,
      "target_sum_min": 120,
      "triple_weight": 0.03245929118882436
    },
    {
      "best_rank_count": 0,
      "consecutive_penalty": 0.5633262202156637,
      "dormancy_weight": 0.040129108011528886,
      "full_weight": 0.49917023247232617,
      "generation": 0,
      "id": "g000_0001_1127",
      "low_high_bonus": 0.05853594463004659,
      "max_consecutive_pairs": 2,
      "max_main_match": 0,
      "odd_bonus": 0.1925263100536378,
      "overlap_limit": 6,
      "pair_recency_weight": 0.19316127166735317,
      "pair_stability_weight": 0.041924217502290445,
      "pair_weight": 0.09535867158482127,
      "pool_size": 16,
      "recent120_weight": 0.32702363453595185,
      "recent240_weight": 0.13481680494303927,
      "recent60_weight": 0.038989328048682895,
      "score": 0.0,
      "sum_bonus": 0.3786649991179115,
      "target_sum_max": 167,
      "target_sum_min": 88,
      "triple_weight": 0.016392606366672204
    },
    {
      "best_rank_count": 0,
      "consecutive_penalty": 0.5596548049336546,
      "dormancy_weight": 0.025467885678801625,
      "full_weight": 0.0104012351931954,
      "generation": 3,
      "id": "g003_0003_6923",
      "low_high_bonus": 0.4851189845656824,
      "max_consecutive_pairs": 0,
      "max_main_match": 0,
      "odd_bonus": 0.38302060159967743,
      "overlap_limit": 5,