{
  "baseline_genome": {
    "best_rank_count": 12,
    "consecutive_penalty": 0.3623574832250292,
    "dormancy_weight": 0.012917181473117875,
    "full_weight": 0.49195168760124847,
    "generation": 48,
    "id": "g048_0048_8272",
    "low_high_bonus": 0.12148584570315821,
    "max_consecutive_pairs": 2,
    "max_main_match": 6,
    "odd_bonus": 0.5183284059616986,
    "overlap_limit": 6,
    "pair_recency_weight": 0.12270295129554955,
    "pair_stability_weight": 0.15898518288574848,
    "pair_weight": 0.11909966623908186,
    "pool_size": 15,
    "recent120_weight": 0.16621995522504893,
    "recent240_weight": 0.13532064094378332,
    "recent60_weight": 0.20650771622991929,
    "score": 58590.51,
    "sum_bonus": 0.6121964505564605,
    "target_sum_max": 140,
    "target_sum_min": 108,
    "triple_weight": 0.018700599039030055
  },
  "baseline_metrics": {
    "evolution_score": 58590.51,
    "genome_id": "g048_0048_8272",
    "grade_hit_count": 147,
    "high_grade_hit_count": 12,
    "max_bonus_match": 2,
    "max_main_match": 6,
    "missing_prize_draw_count": 0,
    "missing_prize_draws": [],
    "path": "loto7_best_model.json",
    "profit": -79500,
    "purchase_count": 5,
    "rank_counts": {
      "1等": 0,
      "2等": 0,
      "3等": 1,
      "4等": 11,
      "5等": 49,
      "6等": 86,
      "外れ": 3268
    },
    "roi": 0.922401,
    "roi_percent": 92.24,
    "target_draws": 683,
    "total_cost": 1024500,
    "total_payout": 945000,
    "total_tickets": 3415,
    "unit_cost": 300
  },
  "best_genome": {
    "best_rank_count": 12,
    "consecutive_penalty": 0.3623574832250292,
    "dormancy_weight": 0.012917181473117875,
    "full_weight": 0.49195168760124847,
    "generation": 48,
    "id": "g048_0048_8272",
    "low_high_bonus": 0.12148584570315821,
    "max_consecutive_pairs": 2,
    "max_main_match": 6,
    "odd_bonus": 0.5183284059616986,
    "overlap_limit": 6,
    "pair_recency_weight": 0.12270295129554955,
    "pair_stability_weight": 0.15898518288574848,
    "pair_weight": 0.11909966623908186,
    "pool_size": 15,
    "recent120_weight": 0.16621995522504893,
    "recent240_weight": 0.13532064094378332,
    "recent60_weight": 0.20650771622991929,
    "score": 58590.51,
    "sum_bonus": 0.6121964505564605,
    "target_sum_max": 140,
    "target_sum_min": 108,
    "triple_weight": 0.018700599039030055
  },
  "best_metrics": {
    "evolution_score": 58590.51,
    "genome_id": "g048_0048_8272",
    "grade_hit_count": 147,
    "high_grade_hit_count": 12,
    "max_bonus_match": 2,
    "max_main_match": 6,
    "missing_prize_draw_count": 0,
    "missing_prize_draws": [],
    "path": "loto7_best_model.json",
    "profit": -79500,
    "purchase_count": 5,
    "rank_counts": {
      "1等": 0,
      "2等": 0,
      "3等": 1,
      "4等": 11,
      "5等": 49,
      "6等": 86,
      "外れ": 3268
    },
    "roi": 0.922401,
    "roi_percent": 92.24,
    "target_draws": 683,
    "total_cost": 1024500,
    "total_payout": 945000,
    "total_tickets": 3415,
    "unit_cost": 300
  },
  "csv": "loto7.csv",
  "iterations_evaluated": 5,
  "iterations_requested": 20,
  "last_iteration": 5,
  "objective": "composite_roi_profit_highgrade_exploration",
  "parent_pool": [
    {
      "best_rank_count": 12,
      "consecutive_penalty": 0.3623574832250292,
      "dormancy_weight": 0.012917181473117875,
      "full_weight": 0.49195168760124847,
      "generation": 48,
      "id": "g048_0048_8272",
      "low_high_bonus": 0.12148584570315821,
      "max_consecutive_pairs": 2,
      "max_main_match": 6,
      "odd_bonus": 0.5183284059616986,
      "overlap_limit": 6,
      "pair_recency_weight": 0.12270295129554955,
      "pair_stability_weight": 0.15898518288574848,
      "pair_weight": 0.11909966623908186,
      "pool_size": 15,
      "recent120_weight": 0.16621995522504893,
      "recent240_weight": 0.13532064094378332,
      "recent60_weight": 0.20650771622991929,
      "score": 58590.51,
      "sum_bonus": 0.6121964505564605,
      "target_sum_max": 140,
      "target_sum_min": 108,
      "triple_weight": 0.018700599039030055
    },
    {
      "best_rank_count": 8,
      "consecutive_penalty": 0.23533499373669714,
      "dormancy_weight": 0.02403866180118278,
      "full_weight": 0.4808518998593999,
      "generation": 5,
      "id": "g005_0005_6627",
      "low_high_bonus": 0.2088859973276141,
      "max_consecutive_pairs": 3,
      "max_main_match": 6,
      "odd_bonus": 0.22381084225339792,
      "overlap_limit": 6,
      "pair_recency_weight": 0.1190610911494409,
      "pair_stability_weight": 0.18557658334113902,
      "pair_weight": 0.08875308312784211,
      "pool_size": 18,
      "recent120_weight": 0.39389236498640673,
      "recent240_weight": 0.11387483605682863,
      "recent60_weight": 0.01138089909736476,
      "score": 50069.35,
      "sum_bonus": 0.6604623791080096,
      "target_sum_max": 193,
      "target_sum_min": 108,
      "triple_weight": 0.035680926203415335
    },
    {
      "best_rank_count": 9,
      "consecutive_penalty": 0.15759063446814153,
      "dormancy_weight": 0.0,
      "full_weight": 0.182454107551903,
      "generation": 2,
      "id": "g002_0002_3084",
      "low_high_bonus": 0.06736199135709875,
      "max_consecutive_pairs": 2,
      "max_main_match": 5,
      "odd_bonus": 0.22460055065924558,
      "overlap_limit": 6,
      "pair_recency_weight": 0.1268828809016585,
      "pair_stability_weight": 0.12597646483172392,
      "pair_weight": 0.0949200571734737,
      "pool_size": 15,
      "recent120_weight": 0.43657521946218797,
      "recent240_weight": 0.29890625238985086,
      "recent60_weight": 0.08206442059605809,
      "score": 36925.5,
      "sum_bonus": 0.2720765228892628,
      "target_sum_max": 147,
      "target_sum_min": 86,
      "triple_weight": 0.0687305150586283
    },
    {
      "best_rank_count": 9,
      "consecutive_penalty": 0.3093042455669877,
      "dormancy_weight": 0.0,
      "full_weight": 0.46155552599010474,
      "generation": 3,
      "id": "g003_0003_8017",
      "low_high_bonus": 0.10543982208877474,
      "max_consecutive_pairs": 3,
      "max_main_match": 5,
      "odd_bonus": 0.566564642778497,
      "overlap_limit": 5,
      "pair_recency_weight": 0.16066507139951874,
      "pair_stability_weight": 0.11211601873455984,
      "pair_weight": 0.13148453458735782,
      "pool_size": 22,
      "recent120_weight": 0.09395073310806384,
      "recent240_weight": 0.24764051750634844,
      "recent60_weight": 0.19685322339548292,
      "score": 36118.35,
      "sum_bonus": 0.3021333194891518,
      "target_sum_max": 140,
      "target_sum_min": 105,
      "triple_weight": 0.03491309135887146
    },
    {
      "best_rank_count": 7,
      "consecutive_penalty": 0.2443978411873016,
      "dormancy_weight": 0.0033061298111464335,
      "full_weight": 0.41238910212172836,
      "generation": 1,
      "id": "g001_0001_9576",
      "low_high_bonus": 0.08762247833507467,
      "max_consecutive_pairs": 3,
      "max_main_match": 5,
      "odd_bonus": 0.512893566541089,
      "overlap_limit": 5,
      "pair_recency_weight": 0.13710899268599458,
      "pair_stability_weight": 0.13985471566847676,
      "pair_weight": 0.13062027621086722,
      "pool_size": 23,
      "recent120_weight": 0.056613124269545546,
      "recent240_weight": 0.21393904535827785,
      "recent60_weight": 0.31705872825044823,
      "score": 30130.01,
      "sum_bonus": 0.2911099997919695,
      "target_sum_max": 150,
      "target_sum_min": 105,
      "triple_weight": 0.06260007488471273
    },
    {
      "best_rank_count": 3,
      "consecutive_penalty": 0.34994984091393416,
      "dormancy_weight": 0.020127802346004905,
      "full_weight": 0.3389597966999435,
      "generation": 4,
      "id": "g004_0004_9587",
      "low_high_bonus": 0.05632048363932318,
      "max_consecutive_pairs": 3,
      "max_main_match": 5,
      "odd_bonus": 0.47383333449757936,
      "overlap_limit": 4,
      "pair_recency_weight": 0.09991908389112505,