numbers,structural_score,meta_ensemble_score,roi_score,final_score,sum,odd,low,consecutive,range,freq_full,freq_240,freq_120,freq_60,pair_score,bayes_score,zone_1_9,zone_10_18,zone_19_27,zone_28_37,mc_expected_payout,mc_expected_roi,mc_prob_1等,mc_prob_2等,mc_prob_3等,mc_prob_4等,mc_prob_5等,mc_prob_6等,mc_prob_外れ,ensemble_weight_structural
07 09 12 15 22 34 35,111.47473373,111.47473373,225.52,448.46946747,134.0,4.0,4.0,1.0,28.0,167.1192038,116.02211002,86.83095417,58.29444844,92.64297411,1.49927106,2.0,2.0,1.0,2.0,7065.6,22.552,0.0,0.001,0.0,0.0,0.017,0.035,0.947,1.0
07 09 12 14 19 26 29,104.0873907,104.0873907,226.67666667,434.85144807,116.0,4.0,4.0,0.0,22.0,158.05056581,107.71527479,78.96294734,51.73831547,77.78094686,1.48682292,2.0,2.0,2.0,1.0,7100.3,22.66766667,0.0,0.001,0.0,0.003,0.021,0.025,0.95,1.0
05 08 09 15 16 18 24,94.30163369,94.30163369,225.51666667,414.11993405,95.0,3.0,6.0,2.0,19.0,144.37119743,98.33243655,73.39096024,50.22363691,76.35177309,1.35819222,3.0,3.0,1.0,0.0,7065.5,22.55166667,0.0,0.001,0.0,0.001,0.02,0.017,0.961,1.0
04 07 10 12 14 23 35,93.39399198,93.39399198,225.42333333,412.2113173,105.0,3.0,5.0,0.0,31.0,148.77191302,101.74858036,75.18090474,48.07530398,67.05513323,1.3249972,2.0,3.0,1.0,1.0,7062.7,22.54233333,0.0,0.001,0.0,0.001,0.014,0.025,0.959,1.0
01 04 06 07 08 26 29,92.56247207,92.56247207,225.26333333,410.38827746,81.0,3.0,5.0,2.0,28.0,151.29490638,103.2609864,76.55160134,50.85498488,76.21083214,1.40798475,5.0,0.0,1.0,1.0,7057.9,22.52633333,0.0,0.001,0.0,0.001,0.013,0.022,0.963,1.0
