{
  "generated_at": "2026-06-25T22:47:40.768724+00:00",
  "champions": [
    {
      "source_file": "loto7_best_model_shard05_of_08.json",
      "id": "g002_0013_8486",
      "score": 67991.78238597537,
      "generation": 2,
      "genome": {
        "best_rank_count": 2,
        "consecutive_penalty": 0.2307354823692875,
        "dormancy_weight": 0.04916003393539038,
        "full_weight": 0.3032937958195276,
        "generation": 2,
        "id": "g002_0013_8486",
        "low_high_bonus": 0.2661977650130201,
        "max_consecutive_pairs": 1,
        "max_main_match": 6,
        "odd_bonus": 0.3571829368097169,
        "overlap_limit": 4,
        "pair_recency_weight": 0.09639309396022575,
        "pair_stability_weight": 0.1595570365521473,
        "pair_weight": 0.08323802332455774,
        "pool_size": 17,
        "recent120_weight": 0.2328013140826817,
        "recent240_weight": 0.3444181065874426,
        "recent60_weight": 0.11948678351034817,
        "score": 67991.78238597537,
        "sum_bonus": 0.5785715541028872,
        "target_sum_max": 175,
        "target_sum_min": 103,
        "triple_weight": 0.012776004750939308
      }
    },
    {
      "source_file": "loto7_best_model_shard02_of_08.json",
      "id": "g001_0066_8960",
      "score": 66492.35528426003,
      "generation": 1,
      "genome": {
        "best_rank_count": 2,
        "consecutive_penalty": 0.4810164437397372,
        "dormancy_weight": 0.04821474771321076,
        "full_weight": 0.35446635998479964,
        "generation": 1,
        "id": "g001_0066_8960",
        "low_high_bonus": 0.4404996018459861,
        "max_consecutive_pairs": 2,
        "max_main_match": 6,
        "odd_bonus": 0.3406501453029783,
        "overlap_limit": 4,
        "pair_recency_weight": 0.05627614027347534,
        "pair_stability_weight": 0.18967517753125862,
        "pair_weight": 0.026604447891942815,
        "pool_size": 15,
        "recent120_weight": 0.14548737974969547,
        "recent240_weight": 0.27418777026620506,
        "recent60_weight": 0.22585848999929992,
        "score": 66492.35528426003,
        "sum_bonus": 0.42153255431838754,
        "target_sum_max": 177,
        "target_sum_min": 94,
        "triple_weight": 0.03828982877341677
      }
    },
    {
      "source_file": "loto7_best_model_shard01_of_08.json",
      "id": "g030_0065_3171",
      "score": 60928.05795397377,
      "generation": 30,
      "genome": {
        "best_rank_count": 1,
        "consecutive_penalty": 0.31237130438388266,
        "dormancy_weight": 0.03767212131659989,
        "full_weight": 0.12955258123087454,
        "generation": 30,
        "id": "g030_0065_3171",
        "low_high_bonus": 0.2991803405883191,
        "max_consecutive_pairs": 0,
        "max_main_match": 6,
        "odd_bonus": 0.4556424077871633,
        "overlap_limit": 4,
        "pair_recency_weight": 0.07928307210067749,
        "pair_stability_weight": 0.060144168409702006,
        "pair_weight": 0.02883129898489787,
        "pool_size": 14,
        "recent120_weight": 0.1810508259390884,
        "recent240_weight": 0.40132099848407565,
        "recent60_weight": 0.2880755943459614,
        "score": 60928.05795397377,
        "sum_bonus": 0.26933500062139104,
        "target_sum_max": 174,
        "target_sum_min": 96,
        "triple_weight": 0.060730327932412786
      }
    },
    {
      "source_file": "loto7_best_model_shard03_of_08.json",
      "id": "g035_0099_4539",
      "score": 57089.49179873565,
      "generation": 35,
      "genome": {
        "best_rank_count": 4,
        "consecutive_penalty": 0.0,
        "dormancy_weight": 0.012219106084203797,
        "full_weight": 0.48485230224037223,
        "generation": 35,
        "id": "g035_0099_4539",
        "low_high_bonus": 0.382577499180601,
        "max_consecutive_pairs": 1,
        "max_main_match": 5,
        "odd_bonus": 0.7118378012415811,
        "overlap_limit": 4,
        "pair_recency_weight": 0.10754233611380744,
        "pair_stability_weight": 0.04956558405834684,
        "pair_weight": 0.0,
        "pool_size": 25,
        "recent120_weight": 0.17765714698429588,
        "recent240_weight": 0.3129888807087736,
        "recent60_weight": 0.024501670066558255,
        "score": 57089.49179873565,
        "sum_bonus": 0.5213463744625715,
        "target_sum_max": 150,
        "target_sum_min": 99,
        "triple_weight": 0.0
      }
    },
    {
      "source_file": "loto7_best_model_shard04_of_08.json",
      "id": "g013_0084_8386",
      "score": 49640.13126647346,
      "generation": 13,
      "genome": {
        "best_rank_count": 3,
        "consecutive_penalty": 0.03828621663042302,
        "dormancy_weight": 0.019208117340686916,
        "full_weight": 0.22989414518497267,
        "generation": 13,
        "id": "g013_0084_8386",
        "low_high_bonus": 0.5184329782673427,
        "max_consecutive_pairs": 0,
        "max_main_match": 5,
        "odd_bonus": 0.22020445695338656,
        "overlap_limit": 4,
        "pair_recency_weight": 0.17098754525604493,
        "pair_stability_weight": 0.040350508877920035,
        "pair_weight": 0.01513363779272687,
        "pool_size": 19,
        "recent120_weight": 0.29167446920906603,
        "recent240_weight": 0.25790400369391303,
        "recent60_weight": 0.22052738191204818,
        "score": 49640.13126647346,
        "sum_bonus": 0.7578728756517421,
        "target_sum_max": 186,
        "target_sum_min": 87,
        "triple_weight": 0.0
      }
    },
    {
      "source_file": "loto7_best_model_shard00_of_08.json",
      "id": "g027_0096_1316",
      "score": 48181.375477329406,
      "generation": 27,
      "genome": {
        "best_rank_count": 3,
        "consecutive_penalty": 0.1864860219365645,
        "dormancy_weight": 0.04856575242858322,
        "full_weight": 0.3614815030203142,
        "generation": 27,
        "id": "g027_0096_1316",
        "low_high_bonus": 0.20735287919972803,
        "max_consecutive_pairs": 3,
        "max_main_match": 5,
        "odd_bonus": 0.11163313588063768,
        "overlap_limit": 5,
        "pair_recency_weight": 0.2837872710009117,
        "pair_stability_weight": 0.07863395503201001,
        "pair_weight": 0.11908168960058471,
        "pool_size": 16,
        "recent120_weight": 0.04344108966398105,
        "recent240_weight": 0.3583572395921154,
        "recent60_weight": 0.2367201677235894,
        "score": 48181.375477329406,
        "sum_bonus": 0.11602677578408893,
        "target_sum_max": 155,
        "target_sum_min": 78,
        "triple_weight": 0.0
      }
    },
    {
      "source_file": "loto7_best_model_shard06_of_08.json",
      "id": "g010_0086_5179",
      "score": 43633.59673343581,
      "generation": 10,
      "genome": {
        "best_rank_count": 2,
        "consecutive_penalty": 0.1039594505249697,
        "dormancy_weight": 0.0613725855823391,
        "full_weight": 0.2913320311069748,
        "generation": 10,
        "id": "g010_0086_5179",
        "low_high_bonus": 0.2845208739153122,
        "max_consecutive_pairs": 3,
        "max_main_match": 5,
        "odd_bonus": 0.31833980999958134,
        "overlap_limit": 5,
        "pair_recency_weight": 0.2322163442696446,
        "pair_stability_weight": 0.0200992492471503,
        "pair_weight": 0.0,
        "pool_size": 17,
        "recent120_weight": 0.20687776257899507,
        "recent240_weight": 0.3995914573015479,
        "recent60_weight": 0.1021987490124823,
        "score": 43633.59673343581,
        "sum_bonus": 0.04633408572207838,
        "target_sum_max": 162,
        "target_sum_min": 97,
        "triple_weight": 0.08280170573042893
      }
    },
    {
      "source_file": "loto7_best_model_shard07_of_08.json",
      "id": "g007_0095_6353",
      "score": 40216.09427754487,
      "generation": 7,
      "genome": {
        "best_rank_count": 2,
        "consecutive_penalty": 0.4194017167842953,
        "dormancy_weight": 0.055653397841117544,