numbers,structural_score,meta_ensemble_score,roi_score,final_score,sum,odd,low,consecutive,range,freq_full,freq_240,freq_120,freq_60,pair_score,bayes_score,zone_1_9,zone_10_18,zone_19_27,zone_28_37,mc_expected_payout,mc_expected_roi,mc_prob_1等,mc_prob_2等,mc_prob_3等,mc_prob_4等,mc_prob_5等,mc_prob_6等,mc_prob_外れ,ensemble_weight_structural
08 12 13 22 29 33 34,105.34004128,105.34004128,225.82666667,436.50674922,151.0,3.0,3.0,2.0,26.0,160.12058164,109.38354585,80.01446869,52.67769628,79.60470694,1.49512168,1.0,2.0,1.0,3.0,7074.8,22.58266667,0.0,0.001,0.0,0.0,0.026,0.028,0.945,1.0
06 12 17 18 22 25 33,102.81297039,102.81297039,225.32333333,430.94927411,133.0,3.0,4.0,1.0,27.0,153.098051,106.31315334,79.40769031,56.37671423,78.02216184,1.38723786,1.0,3.0,2.0,1.0,7059.7,22.53233333,0.0,0.001,0.0,0.001,0.014,0.022,0.962,1.0
01 04 06 08 09 18 35,94.73589222,94.73589222,225.12666667,414.5984511,81.0,3.0,6.0,1.0,34.0,153.35235771,105.33439905,78.81515895,52.59663271,87.22550616,1.37893911,5.0,1.0,0.0,1.0,7053.8,22.51266667,0.0,0.001,0.0,0.0,0.016,0.025,0.958,1.0
01 04 06 08 14 19 36,88.3155269,88.3155269,225.29666667,401.92772048,88.0,2.0,5.0,0.0,35.0,143.57489795,96.9761271,71.35263223,46.87991109,72.44592094,1.35819222,4.0,1.0,1.0,1.0,7058.9,22.52966667,0.0,0.001,0.0,0.001,0.013,0.023,0.962,1.0
07 09 12 18 22 26 29,110.5147425,110.5147425,39.46666667,260.49615167,123.0,3.0,4.0,0.0,22.0,165.43196069,114.02689016,84.50771246,56.51057524,93.15514945,1.52001794,2.0,2.0,2.0,1.0,1484.0,3.94666667,0.0,0.0,0.002,0.002,0.02,0.023,0.953,1.0
