{
  "generated_at": "2026-07-12T16:59:42.471184+00:00",
  "champions": [
    {
      "source_file": "loto7_best_model.json",
      "id": "g228_0228_2057",
      "score": 71271.89,
      "generation": 228,
      "genome": {
        "best_rank_count": 16,
        "consecutive_penalty": 0.4935683974469848,
        "dormancy_weight": 0.010199486558624075,
        "full_weight": 0.13519265317915038,
        "generation": 228,
        "id": "g228_0228_2057",
        "low_high_bonus": 0.3626754851381677,
        "max_consecutive_pairs": 0,
        "max_main_match": 6,
        "odd_bonus": 0.311995376549624,
        "overlap_limit": 6,
        "pair_recency_weight": 0.050839300946951035,
        "pair_stability_weight": 0.2556279699561879,
        "pair_weight": 0.0317857540682134,
        "pool_size": 21,
        "recent120_weight": 0.40339417355164786,
        "recent240_weight": 0.011409372125524774,
        "recent60_weight": 0.4500038011436771,
        "score": 71271.89,
        "sum_bonus": 0.5503278341511205,
        "target_sum_max": 140,
        "target_sum_min": 113,
        "triple_weight": 0.006679732087377485
      }
    }
  ],
  "tournament": {
    "candidate_count": 1993,
    "selected": [
      {
        "numbers": "07 10 12 14 16 17 22",
        "structural_score": 96.73643924,
        "meta_ensemble_score": 96.73643924,
        "roi_score": 248.79333333,
        "final_score": 442.2662118,
        "sum": 98.0,
        "odd": 2.0,
        "low": 6.0,
        "consecutive": 1.0,
        "range": 15.0,
        "freq_full": 155.69477176,
        "freq_240": 108.10936876,
        "freq_120": 80.96369906,
        "freq_60": 56.28757556,
        "pair_score": 75.42468503,
        "bayes_score": 1.40798475,
        "zone_1_9": 1.0,
        "zone_10_18": 5.0,
        "zone_19_27": 1.0,
        "zone_28_37": 0.0,
        "mc_expected_payout": 7763.8,
        "mc_expected_roi": 24.87933333,
        "mc_prob_1等": 0.0,
        "mc_prob_2等": 0.001,
        "mc_prob_3等": 0.001,
        "mc_prob_4等": 0.0,
        "mc_prob_5等": 0.021,
        "mc_prob_6等": 0.026,
        "mc_prob_外れ": 0.951,
        "ensemble_weight_structural": 1.0
      },
      {
        "numbers": "08 09 12 13 22 29 36",
        "structural_score": 107.97520284,
        "meta_ensemble_score": 107.97520284,
        "roi_score": 226.29,
        "final_score": 442.24040569,
        "sum": 129.0,
        "odd": 3.0,
        "low": 4.0,
        "consecutive": 2.0,
        "range": 28.0,
        "freq_full": 162.42703913,
        "freq_240": 111.70743211,
        "freq_120": 82.77498408,
        "freq_60": 55.41703627,
        "pair_score": 82.25693899,
        "bayes_score": 1.52001794,
        "zone_1_9": 2.0,
        "zone_10_18": 2.0,
        "zone_19_27": 1.0,
        "zone_28_37": 2.0,
        "mc_expected_payout": 7088.7,
        "mc_expected_roi": 22.629,
        "mc_prob_1等": 0.0,
        "mc_prob_2等": 0.001,
        "mc_prob_3等": 0.0,
        "mc_prob_4等": 0.001,
        "mc_prob_5等": 0.024,
        "mc_prob_6等": 0.033,
        "mc_prob_外れ": 0.941,
        "ensemble_weight_structural": 1.0
      },
      {
        "numbers": "12 13 14 17 22 29 34",
        "structural_score": 104.81183922,
        "meta_ensemble_score": 104.81183922,
        "roi_score": 226.12333333,
        "final_score": 435.74701176,
        "sum": 141.0,
        "odd": 3.0,
        "low": 4.0,
        "consecutive": 2.0,
        "range": 22.0,
        "freq_full": 159.67876293,
        "freq_240": 108.11272857,
        "freq_120": 78.36788437,
        "freq_60": 51.84259741,
        "pair_score": 81.9812116,
        "bayes_score": 1.49927106,
        "zone_1_9": 0.0,
        "zone_10_18": 4.0,
        "zone_19_27": 1.0,
        "zone_28_37": 2.0,
        "mc_expected_payout": 7083.7,
        "mc_expected_roi": 22.61233333,
        "mc_prob_1等": 0.0,
        "mc_prob_2等": 0.001,
        "mc_prob_3等": 0.0,
        "mc_prob_4等": 0.001,
        "mc_prob_5等": 0.019,
        "mc_prob_6等": 0.037,
        "mc_prob_外れ": 0.942,
        "ensemble_weight_structural": 1.0
      },
      {
        "numbers": "01 06 07 09 12 20 35",
        "structural_score": 101.39898071,
        "meta_ensemble_score": 101.39898071,
        "roi_score": 225.61,
        "final_score": 428.40796142,
        "sum": 90.0,
        "odd": 4.0,
        "low": 5.0,
        "consecutive": 1.0,
        "range": 34.0,
        "freq_full": 155.88258512,
        "freq_240": 108.66822032,
        "freq_120": 81.38998254,
        "freq_60": 54.3938576,
        "pair_score": 84.1243847,
        "bayes_score": 1.39553662,
        "zone_1_9": 4.0,
        "zone_10_18": 1.0,
        "zone_19_27": 1.0,
        "zone_28_37": 1.0,
        "mc_expected_payout": 7068.3,
        "mc_expected_roi": 22.561,
        "mc_prob_1等": 0.0,
        "mc_prob_2等": 0.001,
        "mc_prob_3等": 0.0,
        "mc_prob_4等": 0.001,
        "mc_prob_5等": 0.016,
        "mc_prob_6等": 0.027,
        "mc_prob_外れ": 0.955,
        "ensemble_weight_structural": 1.0
      },
      {
        "numbers": "01 06 07 08 13 26 36",
        "structural_score": 94.87733823,
        "meta_ensemble_score": 94.87733823,
        "roi_score": 225.69,
        "final_score": 415.44467647,
        "sum": 97.0,
        "odd": 3.0,
        "low": 5.0,
        "consecutive": 2.0,
        "range": 35.0,
        "freq_full": 147.33147562,
        "freq_240": 100.37537692,
        "freq_120": 74.46197113,
        "freq_60": 50.69836413,
        "pair_score": 66.26350819,
        "bayes_score": 1.40383537,
        "zone_1_9": 4.0,
        "zone_10_18": 1.0,
        "zone_19_27": 1.0,
        "zone_28_37": 1.0,
        "mc_expected_payout": 7070.7,
        "mc_expected_roi": 22.569,
        "mc_prob_1等": 0.0,
        "mc_prob_2等": 0.001,
        "mc_prob_3等": 0.0,
        "mc_prob_4等": 0.001,
        "mc_prob_5等": 0.014,
        "mc_prob_6等": 0.033,
        "mc_prob_外れ": 0.951,
        "ensemble_weight_structural": 1.0
      }
    ],
    "best": {
      "numbers": "07 10 12 14 16 17 22",
      "structural_score": 96.73643924,
      "meta_ensemble_score": 96.73643924,
      "roi_score": 248.79333333,
      "final_score": 442.2662118,
      "sum": 98.0,
      "odd": 2.0,
      "low": 6.0,
      "consecutive": 1.0,
      "range": 15.0,
      "freq_full": 155.69477176,
      "freq_240": 108.10936876,
      "freq_120": 80.96369906,
      "freq_60": 56.28757556,
      "pair_score": 75.42468503,
      "bayes_score": 1.40798475,
      "zone_1_9": 1.0,
      "zone_10_18": 5.0,
      "zone_19_27": 1.0,
      "zone_28_37": 0.0,
      "mc_expected_payout": 7763.8,
      "mc_expected_roi": 24.87933333,
      "mc_prob_1等": 0.0,
      "mc_prob_2等": 0.001,
      "mc_prob_3等": 0.001,
      "mc_prob_4等": 0.0,
      "mc_prob_5等": 0.021,
      "mc_prob_6等": 0.026,
      "mc_prob_外れ": 0.951,
      "ensemble_weight_structural": 1.0
    }
  },
  "roi_backtest": {
    "window": 100,
    "tickets_per_draw": 5,
    "total_cost": 150000,
    "total_payout": 43900,
    "roi": -0.7073333333333334,
    "max_match": 5,
    "rank_counts": {
      "1等": 0,
      "2等": 0,
      "3等": 0,
      "4等": 1,
      "5等": 8,
      "6等": 17,
      "外れ": 474
    }
  },
  "self_evolution_plan": {
    "next_mode": "balanced",
    "best_score": 71271.89,
    "roi": -0.7073333333333334,
    "recommendation": {
      "population_multiplier": 1.0,
      "mutation_bias": "balanced",
      "target_stride": 2
    }
  }
}