numbers,structural_score,meta_ensemble_score,roi_score,final_score,sum,odd,low,consecutive,range,freq_full,freq_240,freq_120,freq_60,pair_score,bayes_score,zone_1_9,zone_10_18,zone_19_27,zone_28_37,mc_expected_payout,mc_expected_roi,mc_prob_1等,mc_prob_2等,mc_prob_3等,mc_prob_4等,mc_prob_5等,mc_prob_6等,mc_prob_外れ,ensemble_weight_structural
07 09 12 15 22 29 34,111.77224881,111.77224881,227.33,450.87449762,128.0,4.0,4.0,0.0,27.0,167.9074608,115.61225328,85.48247553,56.14338584,96.14650306,1.53661545,2.0,2.0,1.0,2.0,7119.9,22.733,0.0,0.001,0.0,0.003,0.028,0.032,0.936,1.0
01 07 08 09 12 17 34,103.42972103,103.42972103,225.58,432.43944206,88.0,4.0,6.0,2.0,33.0,160.62326524,110.59008501,81.68746233,53.73013597,83.0069675,1.48267354,4.0,2.0,0.0,1.0,7067.4,22.558,0.0,0.001,0.0,0.0,0.023,0.026,0.95,1.0
01 04 06 08 22 26 29,98.70789052,98.70789052,226.27,423.68578103,96.0,2.0,4.0,0.0,28.0,154.27896777,105.84828296,79.12453561,53.9875963,78.53736748,1.41213413,4.0,0.0,2.0,1.0,7088.1,22.627,0.0,0.001,0.0,0.001,0.022,0.036,0.94,1.0
09 16 17 20 25 29 32,88.22573964,88.22573964,225.29,401.74147928,148.0,4.0,3.0,1.0,23.0,137.52469923,90.05566413,63.32451558,40.93576399,57.87196111,1.33744533,1.0,2.0,2.0,2.0,7058.7,22.529,0.0,0.001,0.0,0.001,0.014,0.021,0.963,1.0
07 12 13 18 19 22 29,107.18477626,107.18477626,16.85333333,231.22288586,120.0,4.0,4.0,2.0,22.0,161.26735639,110.52967054,81.16783566,54.78210912,83.22172148,1.51586857,1.0,3.0,2.0,1.0,805.6,1.68533333,0.0,0.0,0.001,0.002,0.022,0.041,0.934,1.0
