{
  "generated_at": "2026-07-16T17:36:09.449751+00:00",
  "champions": [
    {
      "source_file": "loto7_best_model.json",
      "id": "g228_0228_2057",
      "score": 71271.89,
      "generation": 228,
      "genome": {
        "best_rank_count": 16,
        "consecutive_penalty": 0.4935683974469848,
        "dormancy_weight": 0.010199486558624075,
        "full_weight": 0.13519265317915038,
        "generation": 228,
        "id": "g228_0228_2057",
        "low_high_bonus": 0.3626754851381677,
        "max_consecutive_pairs": 0,
        "max_main_match": 6,
        "odd_bonus": 0.311995376549624,
        "overlap_limit": 6,
        "pair_recency_weight": 0.050839300946951035,
        "pair_stability_weight": 0.2556279699561879,
        "pair_weight": 0.0317857540682134,
        "pool_size": 21,
        "recent120_weight": 0.40339417355164786,
        "recent240_weight": 0.011409372125524774,
        "recent60_weight": 0.4500038011436771,
        "score": 71271.89,
        "sum_bonus": 0.5503278341511205,
        "target_sum_max": 140,
        "target_sum_min": 113,
        "triple_weight": 0.006679732087377485
      }
    }
  ],
  "tournament": {
    "candidate_count": 1993,
    "selected": [
      {
        "numbers": "09 12 15 22 29 34 36",
        "structural_score": 107.5175094,
        "meta_ensemble_score": 107.5175094,
        "roi_score": 226.82333333,
        "final_score": 441.85835213,
        "sum": 157.0,
        "odd": 3.0,
        "low": 3.0,
        "consecutive": 0.0,
        "range": 27.0,
        "freq_full": 163.74250257,
        "freq_240": 111.48444456,
        "freq_120": 81.28097082,
        "freq_60": 51.90903679,
        "pair_score": 87.17501485,
        "bayes_score": 1.52416732,
        "zone_1_9": 1.0,
        "zone_10_18": 2.0,
        "zone_19_27": 1.0,
        "zone_28_37": 3.0,
        "mc_expected_payout": 7104.7,
        "mc_expected_roi": 22.68233333,
        "mc_prob_1等": 0.0,
        "mc_prob_2等": 0.001,
        "mc_prob_3等": 0.0,
        "mc_prob_4等": 0.003,
        "mc_prob_5等": 0.019,
        "mc_prob_6等": 0.033,
        "mc_prob_外れ": 0.944,
        "ensemble_weight_structural": 1.0
      },
      {
        "numbers": "01 06 07 08 13 26 36",
        "structural_score": 94.87733823,
        "meta_ensemble_score": 94.87733823,
        "roi_score": 225.69,
        "final_score": 415.44467647,
        "sum": 97.0,
        "odd": 3.0,
        "low": 5.0,
        "consecutive": 2.0,
        "range": 35.0,
        "freq_full": 147.33147562,
        "freq_240": 100.37537692,
        "freq_120": 74.46197113,
        "freq_60": 50.69836413,
        "pair_score": 66.26350819,
        "bayes_score": 1.40383537,
        "zone_1_9": 4.0,
        "zone_10_18": 1.0,
        "zone_19_27": 1.0,
        "zone_28_37": 1.0,
        "mc_expected_payout": 7070.7,
        "mc_expected_roi": 22.569,
        "mc_prob_1等": 0.0,
        "mc_prob_2等": 0.001,
        "mc_prob_3等": 0.0,
        "mc_prob_4等": 0.001,
        "mc_prob_5等": 0.014,
        "mc_prob_6等": 0.033,
        "mc_prob_外れ": 0.951,
        "ensemble_weight_structural": 1.0
      },
      {
        "numbers": "01 03 05 10 14 36 37",
        "structural_score": 83.6775721,
        "meta_ensemble_score": 83.6775721,
        "roi_score": 225.81666667,
        "final_score": 393.17181087,
        "sum": 106.0,
        "odd": 4.0,
        "low": 5.0,
        "consecutive": 1.0,
        "range": 36.0,
        "freq_full": 133.41291087,
        "freq_240": 88.65152434,
        "freq_120": 64.19965982,
        "freq_60": 41.88100967,
        "pair_score": 53.48754765,
        "bayes_score": 1.28350342,
        "zone_1_9": 3.0,
        "zone_10_18": 2.0,
        "zone_19_27": 0.0,
        "zone_28_37": 2.0,
        "mc_expected_payout": 7074.5,
        "mc_expected_roi": 22.58166667,
        "mc_prob_1等": 0.0,
        "mc_prob_2等": 0.001,
        "mc_prob_3等": 0.0,
        "mc_prob_4等": 0.001,
        "mc_prob_5等": 0.02,
        "mc_prob_6等": 0.026,
        "mc_prob_外れ": 0.952,
        "ensemble_weight_structural": 1.0
      },
      {
        "numbers": "01 09 12 18 22 26 29",
        "structural_score": 108.53970566,
        "meta_ensemble_score": 108.53970566,
        "roi_score": 16.24,
        "final_score": 233.31941132,
        "sum": 117.0,
        "odd": 3.0,
        "low": 4.0,
        "consecutive": 0.0,
        "range": 28.0,
        "freq_full": 163.59078181,
        "freq_240": 112.12814083,
        "freq_120": 82.70940402,
        "freq_60": 54.05813216,
        "pair_score": 92.63549553,
        "bayes_score": 1.49512168,
        "zone_1_9": 2.0,
        "zone_10_18": 2.0,
        "zone_19_27": 2.0,
        "zone_28_37": 1.0,
        "mc_expected_payout": 787.2,
        "mc_expected_roi": 1.624,
        "mc_prob_1等": 0.0,
        "mc_prob_2等": 0.0,
        "mc_prob_3等": 0.001,
        "mc_prob_4等": 0.002,
        "mc_prob_5等": 0.019,
        "mc_prob_6等": 0.028,
        "mc_prob_外れ": 0.95,
        "ensemble_weight_structural": 1.0
      },
      {
        "numbers": "07 09 12 17 22 33 34",
        "structural_score": 108.59842869,
        "meta_ensemble_score": 108.59842869,
        "roi_score": 15.99666667,
        "final_score": 233.19352406,
        "sum": 134.0,
        "odd": 4.0,
        "low": 4.0,
        "consecutive": 1.0,
        "range": 27.0,
        "freq_full": 162.53877526,
        "freq_240": 112.33078293,
        "freq_120": 82.97271507,
        "freq_60": 55.68920371,
        "pair_score": 90.12722876,
        "bayes_score": 1.4909723,
        "zone_1_9": 2.0,
        "zone_10_18": 2.0,
        "zone_19_27": 1.0,
        "zone_28_37": 2.0,
        "mc_expected_payout": 779.9,
        "mc_expected_roi": 1.59966667,
        "mc_prob_1等": 0.0,
        "mc_prob_2等": 0.0,
        "mc_prob_3等": 0.001,
        "mc_prob_4等": 0.001,
        "mc_prob_5等": 0.023,
        "mc_prob_6等": 0.026,
        "mc_prob_外れ": 0.949,
        "ensemble_weight_structural": 1.0
      }
    ],
    "best": {
      "numbers": "09 12 15 22 29 34 36",
      "structural_score": 107.5175094,
      "meta_ensemble_score": 107.5175094,
      "roi_score": 226.82333333,
      "final_score": 441.85835213,
      "sum": 157.0,
      "odd": 3.0,
      "low": 3.0,
      "consecutive": 0.0,
      "range": 27.0,
      "freq_full": 163.74250257,
      "freq_240": 111.48444456,
      "freq_120": 81.28097082,
      "freq_60": 51.90903679,
      "pair_score": 87.17501485,
      "bayes_score": 1.52416732,
      "zone_1_9": 1.0,
      "zone_10_18": 2.0,
      "zone_19_27": 1.0,
      "zone_28_37": 3.0,
      "mc_expected_payout": 7104.7,
      "mc_expected_roi": 22.68233333,
      "mc_prob_1等": 0.0,
      "mc_prob_2等": 0.001,
      "mc_prob_3等": 0.0,
      "mc_prob_4等": 0.003,
      "mc_prob_5等": 0.019,
      "mc_prob_6等": 0.033,
      "mc_prob_外れ": 0.944,
      "ensemble_weight_structural": 1.0
    }
  },
  "roi_backtest": {
    "window": 100,
    "tickets_per_draw": 5,
    "total_cost": 150000,
    "total_payout": 56000,
    "roi": -0.6266666666666667,
    "max_match": 5,
    "rank_counts": {
      "1等": 0,
      "2等": 0,
      "3等": 0,
      "4等": 2,
      "5等": 10,
      "6等": 13,
      "外れ": 475
    }
  },
  "self_evolution_plan": {
    "next_mode": "balanced",
    "best_score": 71271.89,
    "roi": -0.6266666666666667,
    "recommendation": {
      "population_multiplier": 1.0,
      "mutation_bias": "balanced",
      "target_stride": 2
    }
  }
}