numbers,structural_score,meta_ensemble_score,roi_score,final_score,sum,odd,low,consecutive,range,freq_full,freq_240,freq_120,freq_60,pair_score,bayes_score,zone_1_9,zone_10_18,zone_19_27,zone_28_37,mc_expected_payout,mc_expected_roi,mc_prob_1等,mc_prob_2等,mc_prob_3等,mc_prob_4等,mc_prob_5等,mc_prob_6等,mc_prob_外れ,ensemble_weight_structural
07 10 12 14 16 17 22,96.73643924,96.73643924,248.79333333,442.2662118,98.0,2.0,6.0,1.0,15.0,155.69477176,108.10936876,80.96369906,56.28757556,75.42468503,1.40798475,1.0,5.0,1.0,0.0,7763.8,24.87933333,0.0,0.001,0.001,0.0,0.021,0.026,0.951,1.0
07 08 09 15 22 34 36,105.56212728,105.56212728,226.96333333,438.0875879,131.0,3.0,4.0,2.0,29.0,158.67493788,107.87834981,79.15755394,51.93609245,85.53780538,1.50756981,3.0,1.0,1.0,2.0,7108.9,22.69633333,0.0,0.001,0.0,0.003,0.023,0.03,0.943,1.0
08 09 12 14 15 22 29,105.2415313,105.2415313,225.83333333,436.31639593,109.0,3.0,5.0,2.0,21.0,162.98143126,111.56623577,82.45292356,54.31099365,87.97642849,1.51586857,2.0,3.0,1.0,1.0,7075.0,22.58333333,0.0,0.001,0.0,0.0,0.025,0.03,0.944,1.0
12 13 14 17 22 29 34,104.81183922,104.81183922,226.12333333,435.74701176,141.0,3.0,4.0,2.0,22.0,159.67876293,108.11272857,78.36788437,51.84259741,81.9812116,1.49927106,0.0,4.0,1.0,2.0,7083.7,22.61233333,0.0,0.001,0.0,0.001,0.019,0.037,0.942,1.0
01 06 07 08 19 33 34,97.55036985,97.55036985,225.27666667,420.37740637,108.0,4.0,4.0,3.0,33.0,148.81234025,101.52559985,74.65215237,49.52264975,75.8973499,1.39968599,4.0,0.0,1.0,2.0,7058.3,22.52766667,0.0,0.001,0.0,0.001,0.011,0.026,0.961,1.0
