{
  "generated_at": "2026-06-26T22:35:08.764144+00:00",
  "champions": [
    {
      "source_file": "loto7_best_model.json",
      "id": "g097_0097_1844",
      "score": 0.0,
      "generation": 97,
      "genome": {
        "best_rank_count": 0,
        "consecutive_penalty": 0.1795610104986201,
        "dormancy_weight": 0.07425200919324469,
        "full_weight": 0.2802323680672007,
        "generation": 97,
        "id": "g097_0097_1844",
        "low_high_bonus": 0.302496328282947,
        "max_consecutive_pairs": 2,
        "max_main_match": 0,
        "odd_bonus": 0.3635733796357519,
        "overlap_limit": 4,
        "pair_recency_weight": 0.1903981867976266,
        "pair_stability_weight": 0.15539442380072657,
        "pair_weight": 0.09568923276715088,
        "pool_size": 16,
        "recent120_weight": 0.24225512587474127,
        "recent240_weight": 0.33841848320447765,
        "recent60_weight": 0.13909402285358013,
        "score": 0.0,
        "sum_bonus": 0.6347632152580138,
        "target_sum_max": 164,
        "target_sum_min": 108,
        "triple_weight": 0.000696478803470166
      }
    }
  ],
  "tournament": {
    "candidate_count": 2009,
    "selected": [
      {
        "numbers": "08 12 13 22 29 33 34",
        "structural_score": 105.34004128,
        "meta_ensemble_score": 105.34004128,
        "roi_score": 225.82666667,
        "final_score": 436.50674922,
        "sum": 151.0,
        "odd": 3.0,
        "low": 3.0,
        "consecutive": 2.0,
        "range": 26.0,
        "freq_full": 160.12058164,
        "freq_240": 109.38354585,
        "freq_120": 80.01446869,
        "freq_60": 52.67769628,
        "pair_score": 79.60470694,
        "bayes_score": 1.49512168,
        "zone_1_9": 1.0,
        "zone_10_18": 2.0,
        "zone_19_27": 1.0,
        "zone_28_37": 3.0,
        "mc_expected_payout": 7074.8,
        "mc_expected_roi": 22.58266667,
        "mc_prob_1等": 0.0,
        "mc_prob_2等": 0.001,
        "mc_prob_3等": 0.0,
        "mc_prob_4等": 0.0,
        "mc_prob_5等": 0.026,
        "mc_prob_6等": 0.028,
        "mc_prob_外れ": 0.945,
        "ensemble_weight_structural": 1.0
      },
      {
        "numbers": "06 12 17 18 22 25 33",
        "structural_score": 102.81297039,
        "meta_ensemble_score": 102.81297039,
        "roi_score": 225.32333333,
        "final_score": 430.94927411,
        "sum": 133.0,
        "odd": 3.0,
        "low": 4.0,
        "consecutive": 1.0,
        "range": 27.0,
        "freq_full": 153.098051,
        "freq_240": 106.31315334,
        "freq_120": 79.40769031,
        "freq_60": 56.37671423,
        "pair_score": 78.02216184,
        "bayes_score": 1.38723786,
        "zone_1_9": 1.0,
        "zone_10_18": 3.0,
        "zone_19_27": 2.0,
        "zone_28_37": 1.0,
        "mc_expected_payout": 7059.7,
        "mc_expected_roi": 22.53233333,
        "mc_prob_1等": 0.0,
        "mc_prob_2等": 0.001,
        "mc_prob_3等": 0.0,
        "mc_prob_4等": 0.001,
        "mc_prob_5等": 0.014,
        "mc_prob_6等": 0.022,
        "mc_prob_外れ": 0.962,
        "ensemble_weight_structural": 1.0
      },
      {
        "numbers": "01 04 06 08 09 18 35",
        "structural_score": 94.73589222,
        "meta_ensemble_score": 94.73589222,
        "roi_score": 225.12666667,
        "final_score": 414.5984511,
        "sum": 81.0,
        "odd": 3.0,
        "low": 6.0,
        "consecutive": 1.0,
        "range": 34.0,
        "freq_full": 153.35235771,
        "freq_240": 105.33439905,
        "freq_120": 78.81515895,
        "freq_60": 52.59663271,
        "pair_score": 87.22550616,
        "bayes_score": 1.37893911,
        "zone_1_9": 5.0,
        "zone_10_18": 1.0,
        "zone_19_27": 0.0,
        "zone_28_37": 1.0,
        "mc_expected_payout": 7053.8,
        "mc_expected_roi": 22.51266667,
        "mc_prob_1等": 0.0,
        "mc_prob_2等": 0.001,
        "mc_prob_3等": 0.0,
        "mc_prob_4等": 0.0,
        "mc_prob_5等": 0.016,
        "mc_prob_6等": 0.025,
        "mc_prob_外れ": 0.958,
        "ensemble_weight_structural": 1.0
      },
      {
        "numbers": "01 04 06 08 14 19 36",
        "structural_score": 88.3155269,
        "meta_ensemble_score": 88.3155269,
        "roi_score": 225.29666667,
        "final_score": 401.92772048,
        "sum": 88.0,
        "odd": 2.0,
        "low": 5.0,
        "consecutive": 0.0,
        "range": 35.0,
        "freq_full": 143.57489795,
        "freq_240": 96.9761271,
        "freq_120": 71.35263223,
        "freq_60": 46.87991109,
        "pair_score": 72.44592094,
        "bayes_score": 1.35819222,
        "zone_1_9": 4.0,
        "zone_10_18": 1.0,
        "zone_19_27": 1.0,
        "zone_28_37": 1.0,
        "mc_expected_payout": 7058.9,
        "mc_expected_roi": 22.52966667,
        "mc_prob_1等": 0.0,
        "mc_prob_2等": 0.001,
        "mc_prob_3等": 0.0,
        "mc_prob_4等": 0.001,
        "mc_prob_5等": 0.013,
        "mc_prob_6等": 0.023,
        "mc_prob_外れ": 0.962,
        "ensemble_weight_structural": 1.0
      },
      {
        "numbers": "07 09 12 18 22 26 29",
        "structural_score": 110.5147425,
        "meta_ensemble_score": 110.5147425,
        "roi_score": 39.46666667,
        "final_score": 260.49615167,
        "sum": 123.0,
        "odd": 3.0,
        "low": 4.0,
        "consecutive": 0.0,
        "range": 22.0,
        "freq_full": 165.43196069,
        "freq_240": 114.02689016,
        "freq_120": 84.50771246,
        "freq_60": 56.51057524,
        "pair_score": 93.15514945,
        "bayes_score": 1.52001794,
        "zone_1_9": 2.0,
        "zone_10_18": 2.0,
        "zone_19_27": 2.0,
        "zone_28_37": 1.0,
        "mc_expected_payout": 1484.0,
        "mc_expected_roi": 3.94666667,
        "mc_prob_1等": 0.0,
        "mc_prob_2等": 0.0,
        "mc_prob_3等": 0.002,
        "mc_prob_4等": 0.002,
        "mc_prob_5等": 0.02,
        "mc_prob_6等": 0.023,
        "mc_prob_外れ": 0.953,
        "ensemble_weight_structural": 1.0
      }
    ],
    "best": {
      "numbers": "08 12 13 22 29 33 34",
      "structural_score": 105.34004128,
      "meta_ensemble_score": 105.34004128,
      "roi_score": 225.82666667,
      "final_score": 436.50674922,
      "sum": 151.0,
      "odd": 3.0,
      "low": 3.0,
      "consecutive": 2.0,
      "range": 26.0,
      "freq_full": 160.12058164,
      "freq_240": 109.38354585,
      "freq_120": 80.01446869,
      "freq_60": 52.67769628,
      "pair_score": 79.60470694,
      "bayes_score": 1.49512168,
      "zone_1_9": 1.0,
      "zone_10_18": 2.0,
      "zone_19_27": 1.0,
      "zone_28_37": 3.0,
      "mc_expected_payout": 7074.8,
      "mc_expected_roi": 22.58266667,
      "mc_prob_1等": 0.0,
      "mc_prob_2等": 0.001,
      "mc_prob_3等": 0.0,
      "mc_prob_4等": 0.0,
      "mc_prob_5等": 0.026,
      "mc_prob_6等": 0.028,
      "mc_prob_外れ": 0.945,
      "ensemble_weight_structural": 1.0
    }
  },
  "roi_backtest": {
    "window": 100,
    "tickets_per_draw": 5,
    "total_cost": 150000,
    "total_payout": 84600,
    "roi": -0.436,
    "max_match": 5,
    "rank_counts": {
      "1等": 0,
      "2等": 0,
      "3等": 0,
      "4等": 4,
      "5等": 12,
      "6等": 13,
      "外れ": 471
    }
  },
  "self_evolution_plan": {
    "next_mode": "balanced",
    "best_score": 0.0,
    "roi": -0.436,
    "recommendation": {
      "population_multiplier": 1.0,
      "mutation_bias": "balanced",
      "target_stride": 2
    }
  }
}