numbers,structural_score,meta_ensemble_score,roi_score,final_score,sum,odd,low,consecutive,range,freq_full,freq_240,freq_120,freq_60,pair_score,bayes_score,zone_1_9,zone_10_18,zone_19_27,zone_28_37,mc_expected_payout,mc_expected_roi,mc_prob_1等,mc_prob_2等,mc_prob_3等,mc_prob_4等,mc_prob_5等,mc_prob_6等,mc_prob_外れ,ensemble_weight_structural
07 08 09 12 22 29 34,110.53297123,110.53297123,226.16666667,447.23260913,121.0,3.0,4.0,2.0,27.0,166.13262068,114.32169432,84.38451959,54.6194357,92.64361656,1.54076483,3.0,1.0,1.0,2.0,7085.0,22.61666667,0.0,0.001,0.0,0.002,0.02,0.024,0.953,1.0
01 06 07 08 19 26 33,98.81499201,98.81499201,225.43,423.05998401,100.0,4.0,4.0,2.0,32.0,146.96212009,100.71309501,75.07825454,51.34427289,75.16264949,1.37893911,4.0,0.0,2.0,1.0,7062.9,22.543,0.0,0.001,0.0,0.001,0.013,0.027,0.958,1.0
09 12 13 22 26 29 35,107.24982454,107.24982454,15.79666667,230.29631575,146.0,4.0,3.0,1.0,26.0,161.36854546,110.45715975,81.64001697,54.69453584,88.60960245,1.48267354,1.0,2.0,2.0,2.0,773.9,1.57966667,0.0,0.0,0.001,0.001,0.013,0.038,0.947,1.0
09 12 14 15 19 22 29,106.77359719,106.77359719,15.78,229.32719438,120.0,4.0,4.0,1.0,20.0,161.93007281,110.64391349,81.36614932,53.95794946,81.90079489,1.50756981,1.0,3.0,2.0,1.0,773.4,1.578,0.0,0.0,0.001,0.0,0.023,0.032,0.944,1.0
08 12 15 17 22 29 36,105.74353442,105.74353442,17.07,228.55706884,139.0,3.0,4.0,0.0,28.0,160.09448171,109.63946528,80.99523155,54.59597057,76.5020416,1.49927106,1.0,3.0,1.0,2.0,812.1,1.707,0.0,0.0,0.001,0.003,0.022,0.035,0.939,1.0
