{
  "generated_at": "2026-07-17T04:49:52.211652+00:00",
  "champions": [
    {
      "source_file": "loto7_best_model.json",
      "id": "g228_0228_2057",
      "score": 71271.89,
      "generation": 228,
      "genome": {
        "best_rank_count": 16,
        "consecutive_penalty": 0.4935683974469848,
        "dormancy_weight": 0.010199486558624075,
        "full_weight": 0.13519265317915038,
        "generation": 228,
        "id": "g228_0228_2057",
        "low_high_bonus": 0.3626754851381677,
        "max_consecutive_pairs": 0,
        "max_main_match": 6,
        "odd_bonus": 0.311995376549624,
        "overlap_limit": 6,
        "pair_recency_weight": 0.050839300946951035,
        "pair_stability_weight": 0.2556279699561879,
        "pair_weight": 0.0317857540682134,
        "pool_size": 21,
        "recent120_weight": 0.40339417355164786,
        "recent240_weight": 0.011409372125524774,
        "recent60_weight": 0.4500038011436771,
        "score": 71271.89,
        "sum_bonus": 0.5503278341511205,
        "target_sum_max": 140,
        "target_sum_min": 113,
        "triple_weight": 0.006679732087377485
      }
    }
  ],
  "tournament": {
    "candidate_count": 1992,
    "selected": [
      {
        "numbers": "08 09 12 15 18 22 34",
        "structural_score": 101.10670595,
        "meta_ensemble_score": 101.10670595,
        "roi_score": 19993.1,
        "final_score": 20195.3134119,
        "sum": 118.0,
        "odd": 2.0,
        "low": 5.0,
        "consecutive": 1.0,
        "range": 26.0,
        "freq_full": 163.93558173,
        "freq_240": 111.6772634,
        "freq_120": 81.77978141,
        "freq_60": 52.56811976,
        "pair_score": 90.23718278,
        "bayes_score": 1.52001794,
        "zone_1_9": 2.0,
        "zone_10_18": 3.0,
        "zone_19_27": 1.0,
        "zone_28_37": 1.0,
        "mc_expected_payout": 600093.0,
        "mc_expected_roi": 1999.31,
        "mc_prob_1等": 0.001,
        "mc_prob_2等": 0.0,
        "mc_prob_3等": 0.0,
        "mc_prob_4等": 0.002,
        "mc_prob_5等": 0.025,
        "mc_prob_6等": 0.023,
        "mc_prob_外れ": 0.949,
        "ensemble_weight_structural": 1.0
      },
      {
        "numbers": "01 06 07 08 09 17 36",
        "structural_score": 93.53402579,
        "meta_ensemble_score": 93.53402579,
        "roi_score": 458.65,
        "final_score": 645.71805158,
        "sum": 84.0,
        "odd": 4.0,
        "low": 6.0,
        "consecutive": 3.0,
        "range": 35.0,
        "freq_full": 152.73616767,
        "freq_240": 105.48574296,
        "freq_120": 78.84801441,
        "freq_60": 54.50531383,
        "pair_score": 78.39610606,
        "bayes_score": 1.42043288,
        "zone_1_9": 5.0,
        "zone_10_18": 1.0,
        "zone_19_27": 0.0,
        "zone_28_37": 1.0,
        "mc_expected_payout": 14059.5,
        "mc_expected_roi": 45.865,
        "mc_prob_1等": 0.0,
        "mc_prob_2等": 0.002,
        "mc_prob_3等": 0.0,
        "mc_prob_4等": 0.001,
        "mc_prob_5等": 0.015,
        "mc_prob_6等": 0.02,
        "mc_prob_外れ": 0.962,
        "ensemble_weight_structural": 1.0
      },
      {
        "numbers": "17 20 22 24 27 29 32",
        "structural_score": 90.66152675,
        "meta_ensemble_score": 90.66152675,
        "roi_score": 248.42,
        "final_score": 429.74305349,
        "sum": 171.0,
        "odd": 3.0,
        "low": 1.0,
        "consecutive": 0.0,
        "range": 15.0,
        "freq_full": 142.79157096,
        "freq_240": 95.71179911,
        "freq_120": 69.7487108,
        "freq_60": 47.31866141,
        "pair_score": 65.98154418,
        "bayes_score": 1.34574408,
        "zone_1_9": 0.0,
        "zone_10_18": 1.0,
        "zone_19_27": 4.0,
        "zone_28_37": 2.0,
        "mc_expected_payout": 7752.6,
        "mc_expected_roi": 24.842,
        "mc_prob_1等": 0.0,
        "mc_prob_2等": 0.001,
        "mc_prob_3等": 0.001,
        "mc_prob_4等": 0.0,
        "mc_prob_5等": 0.012,
        "mc_prob_6等": 0.031,
        "mc_prob_外れ": 0.955,
        "ensemble_weight_structural": 1.0
      },
      {
        "numbers": "07 08 09 12 22 29 35",
        "structural_score": 109.47824781,
        "meta_ensemble_score": 109.47824781,
        "roi_score": 16.19666667,
        "final_score": 235.15316229,
        "sum": 122.0,
        "odd": 4.0,
        "low": 4.0,
        "consecutive": 2.0,
        "range": 28.0,
        "freq_full": 164.00161731,
        "freq_240": 113.48934132,
        "freq_120": 84.64405844,
        "freq_60": 56.28331429,
        "pair_score": 87.80699005,
        "bayes_score": 1.50756981,
        "zone_1_9": 3.0,
        "zone_10_18": 1.0,
        "zone_19_27": 1.0,
        "zone_28_37": 2.0,
        "mc_expected_payout": 785.9,
        "mc_expected_roi": 1.61966667,
        "mc_prob_1等": 0.0,
        "mc_prob_2等": 0.0,
        "mc_prob_3等": 0.001,
        "mc_prob_4等": 0.001,
        "mc_prob_5等": 0.023,
        "mc_prob_6等": 0.032,
        "mc_prob_外れ": 0.943,
        "ensemble_weight_structural": 1.0
      },
      {
        "numbers": "01 07 09 12 22 26 34",
        "structural_score": 109.13461371,
        "meta_ensemble_score": 109.13461371,
        "roi_score": 15.85333333,
        "final_score": 234.12256076,
        "sum": 111.0,
        "odd": 3.0,
        "low": 4.0,
        "consecutive": 0.0,
        "range": 33.0,
        "freq_full": 163.05663923,
        "freq_240": 112.25025524,
        "freq_120": 83.07486786,
        "freq_60": 54.06326971,
        "pair_score": 95.87714909,
        "bayes_score": 1.49927106,
        "zone_1_9": 3.0,
        "zone_10_18": 1.0,
        "zone_19_27": 2.0,
        "zone_28_37": 1.0,
        "mc_expected_payout": 775.6,
        "mc_expected_roi": 1.58533333,
        "mc_prob_1等": 0.0,
        "mc_prob_2等": 0.0,
        "mc_prob_3等": 0.001,
        "mc_prob_4等": 0.002,
        "mc_prob_5等": 0.012,
        "mc_prob_6等": 0.029,
        "mc_prob_外れ": 0.956,
        "ensemble_weight_structural": 1.0
      }
    ],
    "best": {
      "numbers": "08 09 12 15 18 22 34",
      "structural_score": 101.10670595,
      "meta_ensemble_score": 101.10670595,
      "roi_score": 19993.1,
      "final_score": 20195.3134119,
      "sum": 118.0,
      "odd": 2.0,
      "low": 5.0,
      "consecutive": 1.0,
      "range": 26.0,
      "freq_full": 163.93558173,
      "freq_240": 111.6772634,
      "freq_120": 81.77978141,
      "freq_60": 52.56811976,
      "pair_score": 90.23718278,
      "bayes_score": 1.52001794,
      "zone_1_9": 2.0,
      "zone_10_18": 3.0,
      "zone_19_27": 1.0,
      "zone_28_37": 1.0,
      "mc_expected_payout": 600093.0,
      "mc_expected_roi": 1999.31,
      "mc_prob_1等": 0.001,
      "mc_prob_2等": 0.0,
      "mc_prob_3等": 0.0,
      "mc_prob_4等": 0.002,
      "mc_prob_5等": 0.025,
      "mc_prob_6等": 0.023,
      "mc_prob_外れ": 0.949,
      "ensemble_weight_structural": 1.0
    }
  },
  "roi_backtest": {
    "window": 100,
    "tickets_per_draw": 5,
    "total_cost": 150000,
    "total_payout": 749000,
    "roi": 3.993333333333333,
    "max_match": 6,
    "rank_counts": {
      "1等": 0,
      "2等": 0,
      "3等": 1,
      "4等": 0,
      "5等": 20,
      "6等": 13,
      "外れ": 466
    }
  },
  "self_evolution_plan": {
    "next_mode": "exploit_champion",
    "best_score": 71271.89,
    "roi": 3.993333333333333,
    "recommendation": {
      "population_multiplier": 1.0,
      "mutation_bias": "around_champion",
      "target_stride": 1
    }
  }
}