numbers,structural_score,meta_ensemble_score,roi_score,final_score,sum,odd,low,consecutive,range,freq_full,freq_240,freq_120,freq_60,pair_score,bayes_score,zone_1_9,zone_10_18,zone_19_27,zone_28_37,mc_expected_payout,mc_expected_roi,mc_prob_1等,mc_prob_2等,mc_prob_3等,mc_prob_4等,mc_prob_5等,mc_prob_6等,mc_prob_外れ,ensemble_weight_structural
08 09 12 13 22 29 36,107.97520284,107.97520284,226.29,442.24040569,129.0,3.0,4.0,2.0,28.0,162.42703913,111.70743211,82.77498408,55.41703627,82.25693899,1.52001794,2.0,2.0,1.0,2.0,7088.7,22.629,0.0,0.001,0.0,0.001,0.024,0.033,0.941,1.0
07 08 09 14 22 29 34,106.65558683,106.65558683,225.79333333,439.104507,123.0,3.0,4.0,2.0,27.0,160.58668945,109.06198212,79.74522252,51.96020589,89.53644318,1.51586857,3.0,1.0,1.0,2.0,7073.8,22.57933333,0.0,0.001,0.0,0.0,0.021,0.036,0.942,1.0
01 05 07 20 22 35 36,99.79597776,99.79597776,225.08,424.67195552,126.0,4.0,3.0,1.0,35.0,149.48033789,102.93437618,76.76202834,52.55117169,71.80737571,1.38723786,3.0,0.0,2.0,2.0,7052.4,22.508,0.0,0.001,0.0,0.0,0.013,0.029,0.957,1.0
01 06 07 08 13 26 36,94.87733823,94.87733823,225.69,415.44467647,97.0,3.0,5.0,2.0,35.0,147.33147562,100.37537692,74.46197113,50.69836413,66.26350819,1.40383537,4.0,1.0,1.0,1.0,7070.7,22.569,0.0,0.001,0.0,0.001,0.014,0.033,0.951,1.0
01 09 12 15 22 29 34,108.19829471,108.19829471,16.39666667,232.79325609,122.0,4.0,4.0,0.0,33.0,164.4314736,112.11205956,81.98283938,52.24005245,90.90990142,1.51586857,2.0,2.0,1.0,2.0,791.9,1.63966667,0.0,0.0,0.001,0.001,0.023,0.038,0.937,1.0
