{
  "generated_at": "2026-06-30T14:00:26.297085+00:00",
  "champions": [
    {
      "source_file": "loto7_best_model.json",
      "id": "g306_0306_9982",
      "score": 51261.54,
      "generation": 306,
      "genome": {
        "best_rank_count": 9,
        "consecutive_penalty": 0.20205453870079207,
        "dormancy_weight": 0.055598205948070564,
        "full_weight": 0.40551242863679965,
        "generation": 306,
        "id": "g306_0306_9982",
        "low_high_bonus": 0.1446535618516366,
        "max_consecutive_pairs": 1,
        "max_main_match": 6,
        "odd_bonus": 0.5653668413200844,
        "overlap_limit": 6,
        "pair_recency_weight": 0.2260850318428217,
        "pair_stability_weight": 0.12716168644587292,
        "pair_weight": 0.14729377206766875,
        "pool_size": 17,
        "recent120_weight": 0.3981626019988758,
        "recent240_weight": 0.1832155420312989,
        "recent60_weight": 0.013109427333025732,
        "score": 51261.54,
        "sum_bonus": 0.7908678827710245,
        "target_sum_max": 159,
        "target_sum_min": 97,
        "triple_weight": 0.04635558558696873
      }
    }
  ],
  "tournament": {
    "candidate_count": 1997,
    "selected": [
      {
        "numbers": "01 07 08 12 15 22 29",
        "structural_score": 104.07460505,
        "meta_ensemble_score": 104.07460505,
        "roi_score": 225.68666667,
        "final_score": 433.83587677,
        "sum": 94.0,
        "odd": 4.0,
        "low": 5.0,
        "consecutive": 1.0,
        "range": 28.0,
        "freq_full": 160.96595071,
        "freq_240": 110.6280705,
        "freq_120": 82.03984952,
        "freq_60": 53.82250797,
        "pair_score": 83.2643937,
        "bayes_score": 1.50756981,
        "zone_1_9": 3.0,
        "zone_10_18": 2.0,
        "zone_19_27": 1.0,
        "zone_28_37": 1.0,
        "mc_expected_payout": 7070.6,
        "mc_expected_roi": 22.56866667,
        "mc_prob_1等": 0.0,
        "mc_prob_2等": 0.001,
        "mc_prob_3等": 0.0,
        "mc_prob_4等": 0.0,
        "mc_prob_5等": 0.022,
        "mc_prob_6等": 0.031,
        "mc_prob_外れ": 0.946,
        "ensemble_weight_structural": 1.0
      },
      {
        "numbers": "01 06 07 08 14 16 34",
        "structural_score": 91.08342496,
        "meta_ensemble_score": 91.08342496,
        "roi_score": 249.27333333,
        "final_score": 431.44018326,
        "sum": 86.0,
        "odd": 2.0,
        "low": 6.0,
        "consecutive": 2.0,
        "range": 33.0,
        "freq_full": 147.57747758,
        "freq_240": 100.6287779,
        "freq_120": 74.15283264,
        "freq_60": 49.25321773,
        "pair_score": 76.72966114,
        "bayes_score": 1.36649097,
        "zone_1_9": 4.0,
        "zone_10_18": 2.0,
        "zone_19_27": 0.0,
        "zone_28_37": 1.0,
        "mc_expected_payout": 7778.2,
        "mc_expected_roi": 24.92733333,
        "mc_prob_1等": 0.0,
        "mc_prob_2等": 0.001,
        "mc_prob_3等": 0.001,
        "mc_prob_4等": 0.002,
        "mc_prob_5等": 0.014,
        "mc_prob_6等": 0.028,
        "mc_prob_外れ": 0.954,
        "ensemble_weight_structural": 1.0
      },
      {
        "numbers": "01 06 07 08 19 28 33",
        "structural_score": 96.83796256,
        "meta_ensemble_score": 96.83796256,
        "roi_score": 225.36333333,
        "final_score": 419.03925845,
        "sum": 102.0,
        "odd": 4.0,
        "low": 4.0,
        "consecutive": 2.0,
        "range": 32.0,
        "freq_full": 144.52748505,
        "freq_240": 99.45578932,
        "freq_120": 73.85644914,
        "freq_60": 50.25492886,
        "pair_score": 70.50873279,
        "bayes_score": 1.34989346,
        "zone_1_9": 4.0,
        "zone_10_18": 0.0,
        "zone_19_27": 1.0,
        "zone_28_37": 2.0,
        "mc_expected_payout": 7060.9,
        "mc_expected_roi": 22.53633333,
        "mc_prob_1等": 0.0,
        "mc_prob_2等": 0.001,
        "mc_prob_3等": 0.0,
        "mc_prob_4等": 0.001,
        "mc_prob_5等": 0.013,
        "mc_prob_6等": 0.025,
        "mc_prob_外れ": 0.96,
        "ensemble_weight_structural": 1.0
      },
      {
        "numbers": "08 12 17 20 22 32 36",
        "structural_score": 93.91874786,
        "meta_ensemble_score": 93.91874786,
        "roi_score": 226.20333333,
        "final_score": 414.04082904,
        "sum": 147.0,
        "odd": 1.0,
        "low": 3.0,
        "consecutive": 0.0,
        "range": 28.0,
        "freq_full": 150.160499,
        "freq_240": 101.52984906,
        "freq_120": 74.07684388,
        "freq_60": 49.26142393,
        "pair_score": 65.32599805,
        "bayes_score": 1.4162835,
        "zone_1_9": 1.0,
        "zone_10_18": 2.0,
        "zone_19_27": 2.0,
        "zone_28_37": 2.0,
        "mc_expected_payout": 7086.1,
        "mc_expected_roi": 22.62033333,
        "mc_prob_1等": 0.0,
        "mc_prob_2等": 0.001,
        "mc_prob_3等": 0.0,
        "mc_prob_4等": 0.003,
        "mc_prob_5等": 0.012,
        "mc_prob_6等": 0.027,
        "mc_prob_外れ": 0.957,
        "ensemble_weight_structural": 1.0
      },
      {
        "numbers": "07 09 12 13 22 33 34",
        "structural_score": 109.93944994,
        "meta_ensemble_score": 109.93944994,
        "roi_score": 15.43333333,
        "final_score": 235.3122332,
        "sum": 130.0,
        "odd": 4.0,
        "low": 4.0,
        "consecutive": 2.0,
        "range": 27.0,
        "freq_full": 163.63788669,
        "freq_240": 113.35427615,
        "freq_120": 84.22797772,
        "freq_60": 56.481177,
        "pair_score": 93.16035342,
        "bayes_score": 1.50342043,
        "zone_1_9": 2.0,
        "zone_10_18": 2.0,
        "zone_19_27": 1.0,
        "zone_28_37": 2.0,
        "mc_expected_payout": 763.0,
        "mc_expected_roi": 1.54333333,
        "mc_prob_1等": 0.0,
        "mc_prob_2等": 0.0,
        "mc_prob_3等": 0.001,
        "mc_prob_4等": 0.0,
        "mc_prob_5等": 0.015,
        "mc_prob_6等": 0.036,
        "mc_prob_外れ": 0.948,
        "ensemble_weight_structural": 1.0
      }
    ],
    "best": {
      "numbers": "01 07 08 12 15 22 29",
      "structural_score": 104.07460505,
      "meta_ensemble_score": 104.07460505,
      "roi_score": 225.68666667,
      "final_score": 433.83587677,
      "sum": 94.0,
      "odd": 4.0,
      "low": 5.0,
      "consecutive": 1.0,
      "range": 28.0,
      "freq_full": 160.96595071,
      "freq_240": 110.6280705,
      "freq_120": 82.03984952,
      "freq_60": 53.82250797,
      "pair_score": 83.2643937,
      "bayes_score": 1.50756981,
      "zone_1_9": 3.0,
      "zone_10_18": 2.0,
      "zone_19_27": 1.0,
      "zone_28_37": 1.0,
      "mc_expected_payout": 7070.6,
      "mc_expected_roi": 22.56866667,
      "mc_prob_1等": 0.0,
      "mc_prob_2等": 0.001,
      "mc_prob_3等": 0.0,
      "mc_prob_4等": 0.0,
      "mc_prob_5等": 0.022,
      "mc_prob_6等": 0.031,
      "mc_prob_外れ": 0.946,
      "ensemble_weight_structural": 1.0
    }
  },
  "roi_backtest": {
    "window": 100,
    "tickets_per_draw": 5,
    "total_cost": 150000,
    "total_payout": 42400,
    "roi": -0.7173333333333334,
    "max_match": 4,
    "rank_counts": {
      "1等": 0,
      "2等": 0,
      "3等": 0,
      "4等": 0,
      "5等": 13,
      "6等": 19,
      "外れ": 468
    }
  },
  "self_evolution_plan": {
    "next_mode": "balanced",
    "best_score": 51261.54,
    "roi": -0.7173333333333334,
    "recommendation": {
      "population_multiplier": 1.0,
      "mutation_bias": "balanced",
      "target_stride": 2
    }
  }
}