numbers,structural_score,meta_ensemble_score,roi_score,final_score,sum,odd,low,consecutive,range,freq_full,freq_240,freq_120,freq_60,pair_score,bayes_score,zone_1_9,zone_10_18,zone_19_27,zone_28_37,mc_expected_payout,mc_expected_roi,mc_prob_1等,mc_prob_2等,mc_prob_3等,mc_prob_4等,mc_prob_5等,mc_prob_6等,mc_prob_外れ,ensemble_weight_structural
07 10 12 14 16 17 22,96.73643924,96.73643924,248.79333333,442.2662118,98.0,2.0,6.0,1.0,15.0,155.69477176,108.10936876,80.96369906,56.28757556,75.42468503,1.40798475,1.0,5.0,1.0,0.0,7763.8,24.87933333,0.0,0.001,0.001,0.0,0.021,0.026,0.951,1.0
08 09 12 13 22 29 36,107.97520284,107.97520284,226.29,442.24040569,129.0,3.0,4.0,2.0,28.0,162.42703913,111.70743211,82.77498408,55.41703627,82.25693899,1.52001794,2.0,2.0,1.0,2.0,7088.7,22.629,0.0,0.001,0.0,0.001,0.024,0.033,0.941,1.0
07 08 09 18 22 34 35,104.40054806,104.40054806,227.20333333,436.00442946,133.0,3.0,4.0,3.0,28.0,160.00116276,108.97707074,79.96784748,52.47060032,86.94783329,1.48682292,3.0,1.0,1.0,2.0,7116.1,22.72033333,0.0,0.001,0.0,0.003,0.022,0.039,0.935,1.0
12 13 14 17 22 29 34,104.81183922,104.81183922,226.12333333,435.74701176,141.0,3.0,4.0,2.0,22.0,159.67876293,108.11272857,78.36788437,51.84259741,81.9812116,1.49927106,0.0,4.0,1.0,2.0,7083.7,22.61233333,0.0,0.001,0.0,0.001,0.019,0.037,0.942,1.0
01 06 07 08 13 26 36,94.87733823,94.87733823,225.69,415.44467647,97.0,3.0,5.0,2.0,35.0,147.33147562,100.37537692,74.46197113,50.69836413,66.26350819,1.40383537,4.0,1.0,1.0,1.0,7070.7,22.569,0.0,0.001,0.0,0.001,0.014,0.033,0.951,1.0
