{
  "generated_at": "2026-07-16T00:13:21.023307+00:00",
  "champions": [
    {
      "source_file": "loto7_best_model.json",
      "id": "g228_0228_2057",
      "score": 71271.89,
      "generation": 228,
      "genome": {
        "best_rank_count": 16,
        "consecutive_penalty": 0.4935683974469848,
        "dormancy_weight": 0.010199486558624075,
        "full_weight": 0.13519265317915038,
        "generation": 228,
        "id": "g228_0228_2057",
        "low_high_bonus": 0.3626754851381677,
        "max_consecutive_pairs": 0,
        "max_main_match": 6,
        "odd_bonus": 0.311995376549624,
        "overlap_limit": 6,
        "pair_recency_weight": 0.050839300946951035,
        "pair_stability_weight": 0.2556279699561879,
        "pair_weight": 0.0317857540682134,
        "pool_size": 21,
        "recent120_weight": 0.40339417355164786,
        "recent240_weight": 0.011409372125524774,
        "recent60_weight": 0.4500038011436771,
        "score": 71271.89,
        "sum_bonus": 0.5503278341511205,
        "target_sum_max": 140,
        "target_sum_min": 113,
        "triple_weight": 0.006679732087377485
      }
    }
  ],
  "tournament": {
    "candidate_count": 1993,
    "selected": [
      {
        "numbers": "08 09 12 13 22 29 36",
        "structural_score": 107.97520284,
        "meta_ensemble_score": 107.97520284,
        "roi_score": 226.29,
        "final_score": 442.24040569,
        "sum": 129.0,
        "odd": 3.0,
        "low": 4.0,
        "consecutive": 2.0,
        "range": 28.0,
        "freq_full": 162.42703913,
        "freq_240": 111.70743211,
        "freq_120": 82.77498408,
        "freq_60": 55.41703627,
        "pair_score": 82.25693899,
        "bayes_score": 1.52001794,
        "zone_1_9": 2.0,
        "zone_10_18": 2.0,
        "zone_19_27": 1.0,
        "zone_28_37": 2.0,
        "mc_expected_payout": 7088.7,
        "mc_expected_roi": 22.629,
        "mc_prob_1等": 0.0,
        "mc_prob_2等": 0.001,
        "mc_prob_3等": 0.0,
        "mc_prob_4等": 0.001,
        "mc_prob_5等": 0.024,
        "mc_prob_6等": 0.033,
        "mc_prob_外れ": 0.941,
        "ensemble_weight_structural": 1.0
      },
      {
        "numbers": "07 08 09 14 22 29 34",
        "structural_score": 106.65558683,
        "meta_ensemble_score": 106.65558683,
        "roi_score": 225.79333333,
        "final_score": 439.104507,
        "sum": 123.0,
        "odd": 3.0,
        "low": 4.0,
        "consecutive": 2.0,
        "range": 27.0,
        "freq_full": 160.58668945,
        "freq_240": 109.06198212,
        "freq_120": 79.74522252,
        "freq_60": 51.96020589,
        "pair_score": 89.53644318,
        "bayes_score": 1.51586857,
        "zone_1_9": 3.0,
        "zone_10_18": 1.0,
        "zone_19_27": 1.0,
        "zone_28_37": 2.0,
        "mc_expected_payout": 7073.8,
        "mc_expected_roi": 22.57933333,
        "mc_prob_1等": 0.0,
        "mc_prob_2等": 0.001,
        "mc_prob_3等": 0.0,
        "mc_prob_4等": 0.0,
        "mc_prob_5等": 0.021,
        "mc_prob_6等": 0.036,
        "mc_prob_外れ": 0.942,
        "ensemble_weight_structural": 1.0
      },
      {
        "numbers": "01 05 07 20 22 35 36",
        "structural_score": 99.79597776,
        "meta_ensemble_score": 99.79597776,
        "roi_score": 225.08,
        "final_score": 424.67195552,
        "sum": 126.0,
        "odd": 4.0,
        "low": 3.0,
        "consecutive": 1.0,
        "range": 35.0,
        "freq_full": 149.48033789,
        "freq_240": 102.93437618,
        "freq_120": 76.76202834,
        "freq_60": 52.55117169,
        "pair_score": 71.80737571,
        "bayes_score": 1.38723786,
        "zone_1_9": 3.0,
        "zone_10_18": 0.0,
        "zone_19_27": 2.0,
        "zone_28_37": 2.0,
        "mc_expected_payout": 7052.4,
        "mc_expected_roi": 22.508,
        "mc_prob_1等": 0.0,
        "mc_prob_2等": 0.001,
        "mc_prob_3等": 0.0,
        "mc_prob_4等": 0.0,
        "mc_prob_5等": 0.013,
        "mc_prob_6等": 0.029,
        "mc_prob_外れ": 0.957,
        "ensemble_weight_structural": 1.0
      },
      {
        "numbers": "01 06 07 08 13 26 36",
        "structural_score": 94.87733823,
        "meta_ensemble_score": 94.87733823,
        "roi_score": 225.69,
        "final_score": 415.44467647,
        "sum": 97.0,
        "odd": 3.0,
        "low": 5.0,
        "consecutive": 2.0,
        "range": 35.0,
        "freq_full": 147.33147562,
        "freq_240": 100.37537692,
        "freq_120": 74.46197113,
        "freq_60": 50.69836413,
        "pair_score": 66.26350819,
        "bayes_score": 1.40383537,
        "zone_1_9": 4.0,
        "zone_10_18": 1.0,
        "zone_19_27": 1.0,
        "zone_28_37": 1.0,
        "mc_expected_payout": 7070.7,
        "mc_expected_roi": 22.569,
        "mc_prob_1等": 0.0,
        "mc_prob_2等": 0.001,
        "mc_prob_3等": 0.0,
        "mc_prob_4等": 0.001,
        "mc_prob_5等": 0.014,
        "mc_prob_6等": 0.033,
        "mc_prob_外れ": 0.951,
        "ensemble_weight_structural": 1.0
      },
      {
        "numbers": "01 09 12 15 22 29 34",
        "structural_score": 108.19829471,
        "meta_ensemble_score": 108.19829471,
        "roi_score": 16.39666667,
        "final_score": 232.79325609,
        "sum": 122.0,
        "odd": 4.0,
        "low": 4.0,
        "consecutive": 0.0,
        "range": 33.0,
        "freq_full": 164.4314736,
        "freq_240": 112.11205956,
        "freq_120": 81.98283938,
        "freq_60": 52.24005245,
        "pair_score": 90.90990142,
        "bayes_score": 1.51586857,
        "zone_1_9": 2.0,
        "zone_10_18": 2.0,
        "zone_19_27": 1.0,
        "zone_28_37": 2.0,
        "mc_expected_payout": 791.9,
        "mc_expected_roi": 1.63966667,
        "mc_prob_1等": 0.0,
        "mc_prob_2等": 0.0,
        "mc_prob_3等": 0.001,
        "mc_prob_4等": 0.001,
        "mc_prob_5等": 0.023,
        "mc_prob_6等": 0.038,
        "mc_prob_外れ": 0.937,
        "ensemble_weight_structural": 1.0
      }
    ],
    "best": {
      "numbers": "08 09 12 13 22 29 36",
      "structural_score": 107.97520284,
      "meta_ensemble_score": 107.97520284,
      "roi_score": 226.29,
      "final_score": 442.24040569,
      "sum": 129.0,
      "odd": 3.0,
      "low": 4.0,
      "consecutive": 2.0,
      "range": 28.0,
      "freq_full": 162.42703913,
      "freq_240": 111.70743211,
      "freq_120": 82.77498408,
      "freq_60": 55.41703627,
      "pair_score": 82.25693899,
      "bayes_score": 1.52001794,
      "zone_1_9": 2.0,
      "zone_10_18": 2.0,
      "zone_19_27": 1.0,
      "zone_28_37": 2.0,
      "mc_expected_payout": 7088.7,
      "mc_expected_roi": 22.629,
      "mc_prob_1等": 0.0,
      "mc_prob_2等": 0.001,
      "mc_prob_3等": 0.0,
      "mc_prob_4等": 0.001,
      "mc_prob_5等": 0.024,
      "mc_prob_6等": 0.033,
      "mc_prob_外れ": 0.941,
      "ensemble_weight_structural": 1.0
    }
  },
  "roi_backtest": {
    "window": 100,
    "tickets_per_draw": 5,
    "total_cost": 150000,
    "total_payout": 43600,
    "roi": -0.7093333333333334,
    "max_match": 4,
    "rank_counts": {
      "1等": 0,
      "2等": 0,
      "3等": 0,
      "4等": 0,
      "5等": 12,
      "6等": 22,
      "外れ": 466
    }
  },
  "self_evolution_plan": {
    "next_mode": "balanced",
    "best_score": 71271.89,
    "roi": -0.7093333333333334,
    "recommendation": {
      "population_multiplier": 1.0,
      "mutation_bias": "balanced",
      "target_stride": 2
    }
  }
}