numbers,structural_score,meta_ensemble_score,roi_score,final_score,sum,odd,low,consecutive,range,freq_full,freq_240,freq_120,freq_60,pair_score,bayes_score,zone_1_9,zone_10_18,zone_19_27,zone_28_37,mc_expected_payout,mc_expected_roi,mc_prob_1等,mc_prob_2等,mc_prob_3等,mc_prob_4等,mc_prob_5等,mc_prob_6等,mc_prob_外れ,ensemble_weight_structural
09 12 15 22 29 34 36,107.5175094,107.5175094,226.82333333,441.85835213,157.0,3.0,3.0,0.0,27.0,163.74250257,111.48444456,81.28097082,51.90903679,87.17501485,1.52416732,1.0,2.0,1.0,3.0,7104.7,22.68233333,0.0,0.001,0.0,0.003,0.019,0.033,0.944,1.0
01 06 07 08 13 26 36,94.87733823,94.87733823,225.69,415.44467647,97.0,3.0,5.0,2.0,35.0,147.33147562,100.37537692,74.46197113,50.69836413,66.26350819,1.40383537,4.0,1.0,1.0,1.0,7070.7,22.569,0.0,0.001,0.0,0.001,0.014,0.033,0.951,1.0
01 03 05 10 14 36 37,83.6775721,83.6775721,225.81666667,393.17181087,106.0,4.0,5.0,1.0,36.0,133.41291087,88.65152434,64.19965982,41.88100967,53.48754765,1.28350342,3.0,2.0,0.0,2.0,7074.5,22.58166667,0.0,0.001,0.0,0.001,0.02,0.026,0.952,1.0
01 09 12 18 22 26 29,108.53970566,108.53970566,16.24,233.31941132,117.0,3.0,4.0,0.0,28.0,163.59078181,112.12814083,82.70940402,54.05813216,92.63549553,1.49512168,2.0,2.0,2.0,1.0,787.2,1.624,0.0,0.0,0.001,0.002,0.019,0.028,0.95,1.0
07 09 12 17 22 33 34,108.59842869,108.59842869,15.99666667,233.19352406,134.0,4.0,4.0,1.0,27.0,162.53877526,112.33078293,82.97271507,55.68920371,90.12722876,1.4909723,2.0,2.0,1.0,2.0,779.9,1.59966667,0.0,0.0,0.001,0.001,0.023,0.026,0.949,1.0
