numbers,structural_score,meta_ensemble_score,roi_score,final_score,sum,odd,low,consecutive,range,freq_full,freq_240,freq_120,freq_60,pair_score,bayes_score,zone_1_9,zone_10_18,zone_19_27,zone_28_37,mc_expected_payout,mc_expected_roi,mc_prob_1等,mc_prob_2等,mc_prob_3等,mc_prob_4等,mc_prob_5等,mc_prob_6等,mc_prob_外れ,ensemble_weight_structural
07 08 09 15 17 22 36,101.07590229,101.07590229,19992.86,20195.01180457,114.0,4.0,5.0,2.0,29.0,155.33772764,105.83646179,78.15124143,53.34455582,81.99651643,1.47852417,3.0,2.0,1.0,1.0,600085.8,1999.286,0.001,0.0,0.0,0.002,0.021,0.023,0.953,1.0
01 07 09 12 13 19 29,99.0015608,99.0015608,19994.27,20192.2731216,90.0,6.0,5.0,1.0,28.0,159.12333883,109.16424072,80.43762898,53.2298856,83.77235586,1.49512168,3.0,2.0,1.0,1.0,600128.1,1999.427,0.001,0.0,0.0,0.005,0.022,0.026,0.946,1.0
07 12 13 18 26 29 34,104.24489671,104.24489671,226.18333333,434.67312675,139.0,3.0,4.0,1.0,27.0,159.5052382,107.73998518,77.71911321,49.9491861,81.8489686,1.50342043,1.0,3.0,1.0,2.0,7085.5,22.61833333,0.0,0.001,0.0,0.001,0.025,0.028,0.945,1.0
01 04 06 07 09 29 35,95.86053947,95.86053947,225.0,416.72107895,91.0,5.0,5.0,1.0,34.0,155.4569246,107.29854388,80.22449163,53.73752483,77.67952768,1.39553662,5.0,0.0,0.0,2.0,7050.0,22.5,0.0,0.001,0.0,0.0,0.01,0.032,0.957,1.0
01 04 06 08 16 22 33,94.89567604,94.89567604,225.87333333,415.66468542,90.0,2.0,5.0,0.0,32.0,150.83111448,105.44112408,80.20770779,56.82336012,76.00772343,1.34989346,4.0,1.0,1.0,1.0,7076.2,22.58733333,0.0,0.001,0.0,0.002,0.019,0.017,0.961,1.0
