numbers,structural_score,meta_ensemble_score,roi_score,final_score,sum,odd,low,consecutive,range,freq_full,freq_240,freq_120,freq_60,pair_score,bayes_score,zone_1_9,zone_10_18,zone_19_27,zone_28_37,mc_expected_payout,mc_expected_roi,mc_prob_1等,mc_prob_2等,mc_prob_3等,mc_prob_4等,mc_prob_5等,mc_prob_6等,mc_prob_外れ,ensemble_weight_structural
07 09 12 15 22 29 34,111.77224881,111.77224881,227.33,450.87449762,128.0,4.0,4.0,0.0,27.0,167.9074608,115.61225328,85.48247553,56.14338584,96.14650306,1.53661545,2.0,2.0,1.0,2.0,7119.9,22.733,0.0,0.001,0.0,0.003,0.028,0.032,0.936,1.0
01 04 06 07 16 29 33,95.83730505,95.83730505,225.40333333,417.07794343,96.0,4.0,5.0,1.0,32.0,148.2306744,102.35103254,76.26267446,51.9351237,73.32486931,1.34989346,4.0,1.0,0.0,2.0,7062.1,22.54033333,0.0,0.001,0.0,0.001,0.012,0.028,0.958,1.0
01 08 09 18 22 29 34,107.77998508,107.77998508,16.75333333,232.31330348,121.0,3.0,4.0,1.0,33.0,162.83290636,110.84203031,81.253062,52.90625527,92.55460239,1.50342043,3.0,1.0,1.0,2.0,802.6,1.67533333,0.0,0.0,0.001,0.002,0.027,0.029,0.941,1.0
01 07 08 09 12 17 34,103.42972103,103.42972103,17.91333333,224.77277539,88.0,4.0,6.0,2.0,33.0,160.62326524,110.59008501,81.68746233,53.73013597,83.0069675,1.48267354,4.0,2.0,0.0,1.0,837.4,1.79133333,0.0,0.0,0.001,0.004,0.033,0.028,0.934,1.0
06 07 09 12 22 30 36,103.9047778,103.9047778,15.28666667,223.09622227,122.0,2.0,4.0,1.0,30.0,159.78609631,111.54708523,84.42372048,58.05779546,86.61611956,1.44532915,3.0,1.0,1.0,2.0,758.6,1.52866667,0.0,0.0,0.001,0.0,0.017,0.028,0.954,1.0
