numbers,structural_score,meta_ensemble_score,roi_score,final_score,sum,odd,low,consecutive,range,freq_full,freq_240,freq_120,freq_60,pair_score,bayes_score,zone_1_9,zone_10_18,zone_19_27,zone_28_37,mc_expected_payout,mc_expected_roi,mc_prob_1等,mc_prob_2等,mc_prob_3等,mc_prob_4等,mc_prob_5等,mc_prob_6等,mc_prob_外れ,ensemble_weight_structural
08 09 12 15 18 22 34,101.10670595,101.10670595,19993.1,20195.3134119,118.0,2.0,5.0,1.0,26.0,163.93558173,111.6772634,81.77978141,52.56811976,90.23718278,1.52001794,2.0,3.0,1.0,1.0,600093.0,1999.31,0.001,0.0,0.0,0.002,0.025,0.023,0.949,1.0
07 08 09 14 22 29 34,106.65558683,106.65558683,225.79333333,439.104507,123.0,3.0,4.0,2.0,27.0,160.58668945,109.06198212,79.74522252,51.96020589,89.53644318,1.51586857,3.0,1.0,1.0,2.0,7073.8,22.57933333,0.0,0.001,0.0,0.0,0.021,0.036,0.942,1.0
01 05 07 20 22 35 36,99.79597776,99.79597776,225.08,424.67195552,126.0,4.0,3.0,1.0,35.0,149.48033789,102.93437618,76.76202834,52.55117169,71.80737571,1.38723786,3.0,0.0,2.0,2.0,7052.4,22.508,0.0,0.001,0.0,0.0,0.013,0.029,0.957,1.0
01 07 09 12 22 26 34,109.13461371,109.13461371,15.85333333,234.12256076,111.0,3.0,4.0,0.0,33.0,163.05663923,112.25025524,83.07486786,54.06326971,95.87714909,1.49927106,3.0,1.0,2.0,1.0,775.6,1.58533333,0.0,0.0,0.001,0.002,0.012,0.029,0.956,1.0
08 09 12 13 19 22 29,107.11548327,107.11548327,16.03,230.26096654,112.0,4.0,4.0,2.0,21.0,161.55254549,110.65942964,81.67419113,54.81883628,80.56626632,1.52001794,2.0,2.0,2.0,1.0,780.9,1.603,0.0,0.0,0.001,0.001,0.018,0.036,0.944,1.0
