{
  "generated_at": "2026-07-11T04:27:31.084760+00:00",
  "champions": [
    {
      "source_file": "loto7_best_model.json",
      "id": "g228_0228_2057",
      "score": 71271.89,
      "generation": 228,
      "genome": {
        "best_rank_count": 16,
        "consecutive_penalty": 0.4935683974469848,
        "dormancy_weight": 0.010199486558624075,
        "full_weight": 0.13519265317915038,
        "generation": 228,
        "id": "g228_0228_2057",
        "low_high_bonus": 0.3626754851381677,
        "max_consecutive_pairs": 0,
        "max_main_match": 6,
        "odd_bonus": 0.311995376549624,
        "overlap_limit": 6,
        "pair_recency_weight": 0.050839300946951035,
        "pair_stability_weight": 0.2556279699561879,
        "pair_weight": 0.0317857540682134,
        "pool_size": 21,
        "recent120_weight": 0.40339417355164786,
        "recent240_weight": 0.011409372125524774,
        "recent60_weight": 0.4500038011436771,
        "score": 71271.89,
        "sum_bonus": 0.5503278341511205,
        "target_sum_max": 140,
        "target_sum_min": 113,
        "triple_weight": 0.006679732087377485
      }
    }
  ],
  "tournament": {
    "candidate_count": 1993,
    "selected": [
      {
        "numbers": "08 09 12 15 18 22 34",
        "structural_score": 101.10670595,
        "meta_ensemble_score": 101.10670595,
        "roi_score": 19993.1,
        "final_score": 20195.3134119,
        "sum": 118.0,
        "odd": 2.0,
        "low": 5.0,
        "consecutive": 1.0,
        "range": 26.0,
        "freq_full": 163.93558173,
        "freq_240": 111.6772634,
        "freq_120": 81.77978141,
        "freq_60": 52.56811976,
        "pair_score": 90.23718278,
        "bayes_score": 1.52001794,
        "zone_1_9": 2.0,
        "zone_10_18": 3.0,
        "zone_19_27": 1.0,
        "zone_28_37": 1.0,
        "mc_expected_payout": 600093.0,
        "mc_expected_roi": 1999.31,
        "mc_prob_1等": 0.001,
        "mc_prob_2等": 0.0,
        "mc_prob_3等": 0.0,
        "mc_prob_4等": 0.002,
        "mc_prob_5等": 0.025,
        "mc_prob_6等": 0.023,
        "mc_prob_外れ": 0.949,
        "ensemble_weight_structural": 1.0
      },
      {
        "numbers": "08 09 12 13 22 29 36",
        "structural_score": 107.97520284,
        "meta_ensemble_score": 107.97520284,
        "roi_score": 226.29,
        "final_score": 442.24040569,
        "sum": 129.0,
        "odd": 3.0,
        "low": 4.0,
        "consecutive": 2.0,
        "range": 28.0,
        "freq_full": 162.42703913,
        "freq_240": 111.70743211,
        "freq_120": 82.77498408,
        "freq_60": 55.41703627,
        "pair_score": 82.25693899,
        "bayes_score": 1.52001794,
        "zone_1_9": 2.0,
        "zone_10_18": 2.0,
        "zone_19_27": 1.0,
        "zone_28_37": 2.0,
        "mc_expected_payout": 7088.7,
        "mc_expected_roi": 22.629,
        "mc_prob_1等": 0.0,
        "mc_prob_2等": 0.001,
        "mc_prob_3等": 0.0,
        "mc_prob_4等": 0.001,
        "mc_prob_5等": 0.024,
        "mc_prob_6等": 0.033,
        "mc_prob_外れ": 0.941,
        "ensemble_weight_structural": 1.0
      },
      {
        "numbers": "12 13 14 17 22 29 34",
        "structural_score": 104.81183922,
        "meta_ensemble_score": 104.81183922,
        "roi_score": 226.12333333,
        "final_score": 435.74701176,
        "sum": 141.0,
        "odd": 3.0,
        "low": 4.0,
        "consecutive": 2.0,
        "range": 22.0,
        "freq_full": 159.67876293,
        "freq_240": 108.11272857,
        "freq_120": 78.36788437,
        "freq_60": 51.84259741,
        "pair_score": 81.9812116,
        "bayes_score": 1.49927106,
        "zone_1_9": 0.0,
        "zone_10_18": 4.0,
        "zone_19_27": 1.0,
        "zone_28_37": 2.0,
        "mc_expected_payout": 7083.7,
        "mc_expected_roi": 22.61233333,
        "mc_prob_1等": 0.0,
        "mc_prob_2等": 0.001,
        "mc_prob_3等": 0.0,
        "mc_prob_4等": 0.001,
        "mc_prob_5等": 0.019,
        "mc_prob_6等": 0.037,
        "mc_prob_外れ": 0.942,
        "ensemble_weight_structural": 1.0
      },
      {
        "numbers": "01 06 09 12 22 33 35",
        "structural_score": 109.46020695,
        "meta_ensemble_score": 109.46020695,
        "roi_score": 15.42666667,
        "final_score": 234.34708056,
        "sum": 118.0,
        "odd": 4.0,
        "low": 4.0,
        "consecutive": 0.0,
        "range": 34.0,
        "freq_full": 161.35491113,
        "freq_240": 113.71651498,
        "freq_120": 86.3649428,
        "freq_60": 59.8956215,
        "pair_score": 94.17519366,
        "bayes_score": 1.40798475,
        "zone_1_9": 3.0,
        "zone_10_18": 1.0,
        "zone_19_27": 1.0,
        "zone_28_37": 2.0,
        "mc_expected_payout": 762.8,
        "mc_expected_roi": 1.54266667,
        "mc_prob_1等": 0.0,
        "mc_prob_2等": 0.0,
        "mc_prob_3等": 0.001,
        "mc_prob_4等": 0.0,
        "mc_prob_5等": 0.016,
        "mc_prob_6等": 0.034,
        "mc_prob_外れ": 0.949,
        "ensemble_weight_structural": 1.0
      },
      {
        "numbers": "07 08 09 12 14 17 22",
        "structural_score": 106.09638881,
        "meta_ensemble_score": 106.09638881,
        "roi_score": 16.59666667,
        "final_score": 228.78944429,
        "sum": 89.0,
        "odd": 3.0,
        "low": 6.0,
        "consecutive": 2.0,
        "range": 15.0,
        "freq_full": 162.54492767,
        "freq_240": 112.78547682,
        "freq_120": 84.35005218,
        "freq_60": 57.8987073,
        "pair_score": 84.70297039,
        "bayes_score": 1.50342043,
        "zone_1_9": 3.0,
        "zone_10_18": 3.0,
        "zone_19_27": 1.0,
        "zone_28_37": 0.0,
        "mc_expected_payout": 797.9,
        "mc_expected_roi": 1.65966667,
        "mc_prob_1等": 0.0,
        "mc_prob_2等": 0.0,
        "mc_prob_3等": 0.001,
        "mc_prob_4等": 0.001,
        "mc_prob_5等": 0.028,
        "mc_prob_6等": 0.035,
        "mc_prob_外れ": 0.935,
        "ensemble_weight_structural": 1.0
      }
    ],
    "best": {
      "numbers": "08 09 12 15 18 22 34",
      "structural_score": 101.10670595,
      "meta_ensemble_score": 101.10670595,
      "roi_score": 19993.1,
      "final_score": 20195.3134119,
      "sum": 118.0,
      "odd": 2.0,
      "low": 5.0,
      "consecutive": 1.0,
      "range": 26.0,
      "freq_full": 163.93558173,
      "freq_240": 111.6772634,
      "freq_120": 81.77978141,
      "freq_60": 52.56811976,
      "pair_score": 90.23718278,
      "bayes_score": 1.52001794,
      "zone_1_9": 2.0,
      "zone_10_18": 3.0,
      "zone_19_27": 1.0,
      "zone_28_37": 1.0,
      "mc_expected_payout": 600093.0,
      "mc_expected_roi": 1999.31,
      "mc_prob_1等": 0.001,
      "mc_prob_2等": 0.0,
      "mc_prob_3等": 0.0,
      "mc_prob_4等": 0.002,
      "mc_prob_5等": 0.025,
      "mc_prob_6等": 0.023,
      "mc_prob_外れ": 0.949,
      "ensemble_weight_structural": 1.0
    }
  },
  "roi_backtest": {
    "window": 100,
    "tickets_per_draw": 5,
    "total_cost": 150000,
    "total_payout": 62300,
    "roi": -0.5846666666666667,
    "max_match": 5,
    "rank_counts": {
      "1等": 0,
      "2等": 0,
      "3等": 0,
      "4等": 1,
      "5等": 16,
      "6等": 21,
      "外れ": 462
    }
  },
  "self_evolution_plan": {
    "next_mode": "balanced",
    "best_score": 71271.89,
    "roi": -0.5846666666666667,
    "recommendation": {
      "population_multiplier": 1.0,
      "mutation_bias": "balanced",
      "target_stride": 2
    }
  }
}