numbers,structural_score,meta_ensemble_score,roi_score,final_score,sum,odd,low,consecutive,range,freq_full,freq_240,freq_120,freq_60,pair_score,bayes_score,zone_1_9,zone_10_18,zone_19_27,zone_28_37,mc_expected_payout,mc_expected_roi,mc_prob_1等,mc_prob_2等,mc_prob_3等,mc_prob_4等,mc_prob_5等,mc_prob_6等,mc_prob_外れ,ensemble_weight_structural
07 08 12 15 22 29 33,107.15777664,107.15777664,225.57333333,439.88888661,126.0,4.0,4.0,1.0,26.0,160.50049336,110.6549415,82.13642082,54.73805438,82.86597106,1.50342043,2.0,2.0,1.0,2.0,7067.2,22.55733333,0.0,0.001,0.0,0.0,0.019,0.033,0.947,1.0
01 06 07 08 29 33 34,99.43256242,99.43256242,224.94,423.80512483,118.0,4.0,4.0,3.0,33.0,152.24151181,103.9233452,76.29329411,49.77135137,79.98718539,1.4162835,4.0,0.0,0.0,3.0,7048.2,22.494,0.0,0.001,0.0,0.0,0.014,0.023,0.962,1.0
01 07 09 12 22 29 36,110.40003315,110.40003315,16.51666667,237.31673296,116.0,4.0,4.0,0.0,35.0,164.18533567,114.07961325,85.19134394,56.34531471,93.01528915,1.50756981,3.0,1.0,1.0,2.0,795.5,1.65166667,0.0,0.0,0.001,0.003,0.02,0.022,0.954,1.0
07 09 12 18 22 31 34,108.70942163,108.70942163,17.00333333,234.42217659,133.0,3.0,4.0,0.0,27.0,163.58875698,112.38212576,83.10299062,54.01707384,91.38599255,1.50342043,2.0,2.0,1.0,2.0,810.1,1.70033333,0.0,0.0,0.001,0.003,0.022,0.033,0.941,1.0
08 09 12 13 22 29 34,108.91458786,108.91458786,16.49,234.31917573,127.0,3.0,4.0,2.0,26.0,165.03876298,112.96407974,83.23828241,54.35622652,86.19525419,1.53246608,2.0,2.0,1.0,2.0,794.7,1.649,0.0,0.0,0.001,0.001,0.024,0.039,0.935,1.0
