{
  "generated_at": "2026-07-07T00:42:48.994358+00:00",
  "champions": [
    {
      "source_file": "loto7_best_model.json",
      "id": "g048_0048_8272",
      "score": 58590.51,
      "generation": 48,
      "genome": {
        "best_rank_count": 12,
        "consecutive_penalty": 0.3623574832250292,
        "dormancy_weight": 0.012917181473117875,
        "full_weight": 0.49195168760124847,
        "generation": 48,
        "id": "g048_0048_8272",
        "low_high_bonus": 0.12148584570315821,
        "max_consecutive_pairs": 2,
        "max_main_match": 6,
        "odd_bonus": 0.5183284059616986,
        "overlap_limit": 6,
        "pair_recency_weight": 0.12270295129554955,
        "pair_stability_weight": 0.15898518288574848,
        "pair_weight": 0.11909966623908186,
        "pool_size": 15,
        "recent120_weight": 0.16621995522504893,
        "recent240_weight": 0.13532064094378332,
        "recent60_weight": 0.20650771622991929,
        "score": 58590.51,
        "sum_bonus": 0.6121964505564605,
        "target_sum_max": 140,
        "target_sum_min": 108,
        "triple_weight": 0.018700599039030055
      }
    }
  ],
  "tournament": {
    "candidate_count": 1987,
    "selected": [
      {
        "numbers": "12 13 18 22 26 33 35",
        "structural_score": 104.39533798,
        "meta_ensemble_score": 104.39533798,
        "roi_score": 225.86,
        "final_score": 434.65067595,
        "sum": 159.0,
        "odd": 3.0,
        "low": 3.0,
        "consecutive": 1.0,
        "range": 23.0,
        "freq_full": 156.42518108,
        "freq_240": 107.09467771,
        "freq_120": 78.94347113,
        "freq_60": 53.71022057,
        "pair_score": 86.69290689,
        "bayes_score": 1.43703039,
        "zone_1_9": 0.0,
        "zone_10_18": 3.0,
        "zone_19_27": 2.0,
        "zone_28_37": 2.0,
        "mc_expected_payout": 7075.8,
        "mc_expected_roi": 22.586,
        "mc_prob_1等": 0.0,
        "mc_prob_2等": 0.001,
        "mc_prob_3等": 0.0,
        "mc_prob_4等": 0.002,
        "mc_prob_5等": 0.016,
        "mc_prob_6等": 0.022,
        "mc_prob_外れ": 0.959,
        "ensemble_weight_structural": 1.0
      },
      {
        "numbers": "01 06 07 08 19 26 33",
        "structural_score": 98.81499201,
        "meta_ensemble_score": 98.81499201,
        "roi_score": 225.43,
        "final_score": 423.05998401,
        "sum": 100.0,
        "odd": 4.0,
        "low": 4.0,
        "consecutive": 2.0,
        "range": 32.0,
        "freq_full": 146.96212009,
        "freq_240": 100.71309501,
        "freq_120": 75.07825454,
        "freq_60": 51.34427289,
        "pair_score": 75.16264949,
        "bayes_score": 1.37893911,
        "zone_1_9": 4.0,
        "zone_10_18": 0.0,
        "zone_19_27": 2.0,
        "zone_28_37": 1.0,
        "mc_expected_payout": 7062.9,
        "mc_expected_roi": 22.543,
        "mc_prob_1等": 0.0,
        "mc_prob_2等": 0.001,
        "mc_prob_3等": 0.0,
        "mc_prob_4等": 0.001,
        "mc_prob_5等": 0.013,
        "mc_prob_6等": 0.027,
        "mc_prob_外れ": 0.958,
        "ensemble_weight_structural": 1.0
      },
      {
        "numbers": "07 09 12 17 22 29 36",
        "structural_score": 110.15043483,
        "meta_ensemble_score": 110.15043483,
        "roi_score": 17.57,
        "final_score": 237.87086966,
        "sum": 132.0,
        "odd": 4.0,
        "low": 4.0,
        "consecutive": 0.0,
        "range": 29.0,
        "freq_full": 164.07436197,
        "freq_240": 113.69295158,
        "freq_120": 84.51790666,
        "freq_60": 57.30993945,
        "pair_score": 90.15300887,
        "bayes_score": 1.51586857,
        "zone_1_9": 2.0,
        "zone_10_18": 2.0,
        "zone_19_27": 1.0,
        "zone_28_37": 2.0,
        "mc_expected_payout": 827.1,
        "mc_expected_roi": 1.757,
        "mc_prob_1等": 0.0,
        "mc_prob_2等": 0.0,
        "mc_prob_3等": 0.001,
        "mc_prob_4等": 0.005,
        "mc_prob_5等": 0.017,
        "mc_prob_6等": 0.034,
        "mc_prob_外れ": 0.943,
        "ensemble_weight_structural": 1.0
      },
      {
        "numbers": "01 07 08 12 22 29 34",
        "structural_score": 107.63015145,
        "meta_ensemble_score": 107.63015145,
        "roi_score": 16.65,
        "final_score": 231.9103029,
        "sum": 113.0,
        "odd": 3.0,
        "low": 4.0,
        "consecutive": 1.0,
        "range": 33.0,
        "freq_full": 162.18853017,
        "freq_240": 111.19949386,
        "freq_120": 81.74799656,
        "freq_60": 52.40199546,
        "pair_score": 88.98746661,
        "bayes_score": 1.51171919,
        "zone_1_9": 3.0,
        "zone_10_18": 1.0,
        "zone_19_27": 1.0,
        "zone_28_37": 2.0,
        "mc_expected_payout": 799.5,
        "mc_expected_roi": 1.665,
        "mc_prob_1等": 0.0,
        "mc_prob_2等": 0.0,
        "mc_prob_3等": 0.001,
        "mc_prob_4等": 0.001,
        "mc_prob_5等": 0.025,
        "mc_prob_6等": 0.042,
        "mc_prob_外れ": 0.931,
        "ensemble_weight_structural": 1.0
      },
      {
        "numbers": "09 12 15 18 22 34 35",
        "structural_score": 107.32601497,
        "meta_ensemble_score": 107.32601497,
        "roi_score": 16.29,
        "final_score": 230.94202994,
        "sum": 145.0,
        "odd": 3.0,
        "low": 4.0,
        "consecutive": 1.0,
        "range": 26.0,
        "freq_full": 163.69342576,
        "freq_240": 111.65597431,
        "freq_120": 81.6827852,
        "freq_60": 52.82624074,
        "pair_score": 88.38859119,
        "bayes_score": 1.4909723,
        "zone_1_9": 1.0,
        "zone_10_18": 3.0,
        "zone_19_27": 1.0,
        "zone_28_37": 2.0,
        "mc_expected_payout": 788.7,
        "mc_expected_roi": 1.629,
        "mc_prob_1等": 0.0,
        "mc_prob_2等": 0.0,
        "mc_prob_3等": 0.001,
        "mc_prob_4等": 0.001,
        "mc_prob_5等": 0.024,
        "mc_prob_6等": 0.033,
        "mc_prob_外れ": 0.941,
        "ensemble_weight_structural": 1.0
      }
    ],
    "best": {
      "numbers": "12 13 18 22 26 33 35",
      "structural_score": 104.39533798,
      "meta_ensemble_score": 104.39533798,
      "roi_score": 225.86,
      "final_score": 434.65067595,
      "sum": 159.0,
      "odd": 3.0,
      "low": 3.0,
      "consecutive": 1.0,
      "range": 23.0,
      "freq_full": 156.42518108,
      "freq_240": 107.09467771,
      "freq_120": 78.94347113,
      "freq_60": 53.71022057,
      "pair_score": 86.69290689,
      "bayes_score": 1.43703039,
      "zone_1_9": 0.0,
      "zone_10_18": 3.0,
      "zone_19_27": 2.0,
      "zone_28_37": 2.0,
      "mc_expected_payout": 7075.8,
      "mc_expected_roi": 22.586,
      "mc_prob_1等": 0.0,
      "mc_prob_2等": 0.001,
      "mc_prob_3等": 0.0,
      "mc_prob_4等": 0.002,
      "mc_prob_5等": 0.016,
      "mc_prob_6等": 0.022,
      "mc_prob_外れ": 0.959,
      "ensemble_weight_structural": 1.0
    }
  },
  "roi_backtest": {
    "window": 100,
    "tickets_per_draw": 5,
    "total_cost": 150000,
    "total_payout": 61300,
    "roi": -0.5913333333333334,
    "max_match": 5,
    "rank_counts": {
      "1等": 0,
      "2等": 0,
      "3等": 0,
      "4等": 1,
      "5等": 21,
      "6等": 11,
      "外れ": 467
    }
  },
  "self_evolution_plan": {
    "next_mode": "balanced",
    "best_score": 58590.51,
    "roi": -0.5913333333333334,
    "recommendation": {
      "population_multiplier": 1.0,
      "mutation_bias": "balanced",
      "target_stride": 2
    }
  }
}