{
  "generated_at": "2026-07-09T05:27:27.825832+00:00",
  "champions": [
    {
      "source_file": "loto7_best_model.json",
      "id": "g228_0228_2057",
      "score": 71271.89,
      "generation": 228,
      "genome": {
        "best_rank_count": 16,
        "consecutive_penalty": 0.4935683974469848,
        "dormancy_weight": 0.010199486558624075,
        "full_weight": 0.13519265317915038,
        "generation": 228,
        "id": "g228_0228_2057",
        "low_high_bonus": 0.3626754851381677,
        "max_consecutive_pairs": 0,
        "max_main_match": 6,
        "odd_bonus": 0.311995376549624,
        "overlap_limit": 6,
        "pair_recency_weight": 0.050839300946951035,
        "pair_stability_weight": 0.2556279699561879,
        "pair_weight": 0.0317857540682134,
        "pool_size": 21,
        "recent120_weight": 0.40339417355164786,
        "recent240_weight": 0.011409372125524774,
        "recent60_weight": 0.4500038011436771,
        "score": 71271.89,
        "sum_bonus": 0.5503278341511205,
        "target_sum_max": 140,
        "target_sum_min": 113,
        "triple_weight": 0.006679732087377485
      }
    }
  ],
  "tournament": {
    "candidate_count": 1987,
    "selected": [
      {
        "numbers": "01 06 07 09 14 15 29",
        "structural_score": 89.10226938,
        "meta_ensemble_score": 89.10226938,
        "roi_score": 19992.2,
        "final_score": 20170.40453876,
        "sum": 81.0,
        "odd": 5.0,
        "low": 6.0,
        "consecutive": 2.0,
        "range": 28.0,
        "freq_full": 153.66745817,
        "freq_240": 104.55194813,
        "freq_120": 76.98840981,
        "freq_60": 50.71304544,
        "pair_score": 73.8883729,
        "bayes_score": 1.42873164,
        "zone_1_9": 4.0,
        "zone_10_18": 2.0,
        "zone_19_27": 0.0,
        "zone_28_37": 1.0,
        "mc_expected_payout": 600066.0,
        "mc_expected_roi": 1999.22,
        "mc_prob_1等": 0.001,
        "mc_prob_2等": 0.0,
        "mc_prob_3等": 0.0,
        "mc_prob_4等": 0.0,
        "mc_prob_5等": 0.02,
        "mc_prob_6等": 0.03,
        "mc_prob_外れ": 0.949,
        "ensemble_weight_structural": 1.0
      },
      {
        "numbers": "08 12 15 17 22 29 34",
        "structural_score": 105.96867037,
        "meta_ensemble_score": 105.96867037,
        "roi_score": 249.69333333,
        "final_score": 461.63067407,
        "sum": 137.0,
        "odd": 3.0,
        "low": 4.0,
        "consecutive": 0.0,
        "range": 26.0,
        "freq_full": 161.56594885,
        "freq_240": 109.67376864,
        "freq_120": 79.96144099,
        "freq_60": 52.32138101,
        "pair_score": 82.17673332,
        "bayes_score": 1.51171919,
        "zone_1_9": 1.0,
        "zone_10_18": 3.0,
        "zone_19_27": 1.0,
        "zone_28_37": 2.0,
        "mc_expected_payout": 7790.8,
        "mc_expected_roi": 24.96933333,
        "mc_prob_1等": 0.0,
        "mc_prob_2等": 0.001,
        "mc_prob_3等": 0.001,
        "mc_prob_4等": 0.002,
        "mc_prob_5等": 0.021,
        "mc_prob_6等": 0.028,
        "mc_prob_外れ": 0.947,
        "ensemble_weight_structural": 1.0
      },
      {
        "numbers": "01 06 07 08 14 33 35",
        "structural_score": 97.32811407,
        "meta_ensemble_score": 97.32811407,
        "roi_score": 225.54333333,
        "final_score": 420.19956147,
        "sum": 104.0,
        "odd": 4.0,
        "low": 5.0,
        "consecutive": 2.0,
        "range": 34.0,
        "freq_full": 148.53199227,
        "freq_240": 102.49671556,
        "freq_120": 76.7288226,
        "freq_60": 52.447966,
        "pair_score": 81.54420362,
        "bayes_score": 1.36234159,
        "zone_1_9": 4.0,
        "zone_10_18": 1.0,
        "zone_19_27": 0.0,
        "zone_28_37": 2.0,
        "mc_expected_payout": 7066.3,
        "mc_expected_roi": 22.55433333,
        "mc_prob_1等": 0.0,
        "mc_prob_2等": 0.001,
        "mc_prob_3等": 0.0,
        "mc_prob_4等": 0.001,
        "mc_prob_5等": 0.016,
        "mc_prob_6等": 0.025,
        "mc_prob_外れ": 0.957,
        "ensemble_weight_structural": 1.0
      },
      {
        "numbers": "06 07 08 11 14 19 26",
        "structural_score": 94.06664646,
        "meta_ensemble_score": 94.06664646,
        "roi_score": 225.35333333,
        "final_score": 413.48662625,
        "sum": 91.0,
        "odd": 3.0,
        "low": 5.0,
        "consecutive": 2.0,
        "range": 20.0,
        "freq_full": 145.75890627,
        "freq_240": 98.90557225,
        "freq_120": 73.45846559,
        "freq_60": 50.32436548,
        "pair_score": 70.1247446,
        "bayes_score": 1.37478973,
        "zone_1_9": 3.0,
        "zone_10_18": 2.0,
        "zone_19_27": 2.0,
        "zone_28_37": 0.0,
        "mc_expected_payout": 7060.6,
        "mc_expected_roi": 22.53533333,
        "mc_prob_1等": 0.0,
        "mc_prob_2等": 0.001,
        "mc_prob_3等": 0.0,
        "mc_prob_4等": 0.0,
        "mc_prob_5等": 0.017,
        "mc_prob_6等": 0.03,
        "mc_prob_外れ": 0.952,
        "ensemble_weight_structural": 1.0
      },
      {
        "numbers": "01 04 07 14 15 25 30",
        "structural_score": 85.19331419,
        "meta_ensemble_score": 85.19331419,
        "roi_score": 225.90666667,
        "final_score": 396.29329505,
        "sum": 96.0,
        "odd": 4.0,
        "low": 5.0,
        "consecutive": 1.0,
        "range": 29.0,
        "freq_full": 137.45439397,
        "freq_240": 89.78820309,
        "freq_120": 63.46712337,
        "freq_60": 39.58225121,
        "pair_score": 56.65989996,
        "bayes_score": 1.35819222,
        "zone_1_9": 3.0,
        "zone_10_18": 2.0,
        "zone_19_27": 1.0,
        "zone_28_37": 1.0,
        "mc_expected_payout": 7077.2,
        "mc_expected_roi": 22.59066667,
        "mc_prob_1等": 0.0,
        "mc_prob_2等": 0.001,
        "mc_prob_3等": 0.0,
        "mc_prob_4等": 0.002,
        "mc_prob_5等": 0.014,
        "mc_prob_6等": 0.027,
        "mc_prob_外れ": 0.956,
        "ensemble_weight_structural": 1.0
      }
    ],
    "best": {
      "numbers": "01 06 07 09 14 15 29",
      "structural_score": 89.10226938,
      "meta_ensemble_score": 89.10226938,
      "roi_score": 19992.2,
      "final_score": 20170.40453876,
      "sum": 81.0,
      "odd": 5.0,
      "low": 6.0,
      "consecutive": 2.0,
      "range": 28.0,
      "freq_full": 153.66745817,
      "freq_240": 104.55194813,
      "freq_120": 76.98840981,
      "freq_60": 50.71304544,
      "pair_score": 73.8883729,
      "bayes_score": 1.42873164,
      "zone_1_9": 4.0,
      "zone_10_18": 2.0,
      "zone_19_27": 0.0,
      "zone_28_37": 1.0,
      "mc_expected_payout": 600066.0,
      "mc_expected_roi": 1999.22,
      "mc_prob_1等": 0.001,
      "mc_prob_2等": 0.0,
      "mc_prob_3等": 0.0,
      "mc_prob_4等": 0.0,
      "mc_prob_5等": 0.02,
      "mc_prob_6等": 0.03,
      "mc_prob_外れ": 0.949,
      "ensemble_weight_structural": 1.0
    }
  },
  "roi_backtest": {
    "window": 100,
    "tickets_per_draw": 5,
    "total_cost": 150000,
    "total_payout": 69900,
    "roi": -0.534,
    "max_match": 5,
    "rank_counts": {
      "1等": 0,
      "2等": 0,
      "3等": 0,
      "4等": 3,
      "5等": 8,
      "6等": 18,
      "外れ": 471
    }
  },
  "self_evolution_plan": {
    "next_mode": "balanced",
    "best_score": 71271.89,
    "roi": -0.534,
    "recommendation": {
      "population_multiplier": 1.0,
      "mutation_bias": "balanced",
      "target_stride": 2
    }
  }
}