{
  "generated_at": "2026-07-12T05:55:03.865736+00:00",
  "champions": [
    {
      "source_file": "loto7_best_model.json",
      "id": "g228_0228_2057",
      "score": 71271.89,
      "generation": 228,
      "genome": {
        "best_rank_count": 16,
        "consecutive_penalty": 0.4935683974469848,
        "dormancy_weight": 0.010199486558624075,
        "full_weight": 0.13519265317915038,
        "generation": 228,
        "id": "g228_0228_2057",
        "low_high_bonus": 0.3626754851381677,
        "max_consecutive_pairs": 0,
        "max_main_match": 6,
        "odd_bonus": 0.311995376549624,
        "overlap_limit": 6,
        "pair_recency_weight": 0.050839300946951035,
        "pair_stability_weight": 0.2556279699561879,
        "pair_weight": 0.0317857540682134,
        "pool_size": 21,
        "recent120_weight": 0.40339417355164786,
        "recent240_weight": 0.011409372125524774,
        "recent60_weight": 0.4500038011436771,
        "score": 71271.89,
        "sum_bonus": 0.5503278341511205,
        "target_sum_max": 140,
        "target_sum_min": 113,
        "triple_weight": 0.006679732087377485
      }
    }
  ],
  "tournament": {
    "candidate_count": 1993,
    "selected": [
      {
        "numbers": "08 09 12 14 15 22 29",
        "structural_score": 105.2415313,
        "meta_ensemble_score": 105.2415313,
        "roi_score": 225.83333333,
        "final_score": 436.31639593,
        "sum": 109.0,
        "odd": 3.0,
        "low": 5.0,
        "consecutive": 2.0,
        "range": 21.0,
        "freq_full": 162.98143126,
        "freq_240": 111.56623577,
        "freq_120": 82.45292356,
        "freq_60": 54.31099365,
        "pair_score": 87.97642849,
        "bayes_score": 1.51586857,
        "zone_1_9": 2.0,
        "zone_10_18": 3.0,
        "zone_19_27": 1.0,
        "zone_28_37": 1.0,
        "mc_expected_payout": 7075.0,
        "mc_expected_roi": 22.58333333,
        "mc_prob_1等": 0.0,
        "mc_prob_2等": 0.001,
        "mc_prob_3等": 0.0,
        "mc_prob_4等": 0.0,
        "mc_prob_5等": 0.025,
        "mc_prob_6等": 0.03,
        "mc_prob_外れ": 0.944,
        "ensemble_weight_structural": 1.0
      },
      {
        "numbers": "12 15 17 22 27 29 33",
        "structural_score": 97.07781162,
        "meta_ensemble_score": 97.07781162,
        "roi_score": 225.87333333,
        "final_score": 420.02895658,
        "sum": 155.0,
        "odd": 5.0,
        "low": 3.0,
        "consecutive": 0.0,
        "range": 21.0,
        "freq_full": 154.27978205,
        "freq_240": 104.86003129,
        "freq_120": 76.79446416,
        "freq_60": 51.35931053,
        "pair_score": 72.09764856,
        "bayes_score": 1.43703039,
        "zone_1_9": 0.0,
        "zone_10_18": 3.0,
        "zone_19_27": 2.0,
        "zone_28_37": 2.0,
        "mc_expected_payout": 7076.2,
        "mc_expected_roi": 22.58733333,
        "mc_prob_1等": 0.0,
        "mc_prob_2等": 0.001,
        "mc_prob_3等": 0.0,
        "mc_prob_4等": 0.0,
        "mc_prob_5等": 0.024,
        "mc_prob_6等": 0.033,
        "mc_prob_外れ": 0.942,
        "ensemble_weight_structural": 1.0
      },
      {
        "numbers": "04 12 16 17 26 29 32",
        "structural_score": 90.40298703,
        "meta_ensemble_score": 90.40298703,
        "roi_score": 225.77,
        "final_score": 406.57597405,
        "sum": 136.0,
        "odd": 2.0,
        "low": 4.0,
        "consecutive": 1.0,
        "range": 28.0,
        "freq_full": 145.50658723,
        "freq_240": 96.56931919,
        "freq_120": 69.37551424,
        "freq_60": 44.77589717,
        "pair_score": 71.23993532,
        "bayes_score": 1.37064035,
        "zone_1_9": 1.0,
        "zone_10_18": 3.0,
        "zone_19_27": 1.0,
        "zone_28_37": 2.0,
        "mc_expected_payout": 7073.1,
        "mc_expected_roi": 22.577,
        "mc_prob_1等": 0.0,
        "mc_prob_2等": 0.001,
        "mc_prob_3等": 0.0,
        "mc_prob_4等": 0.003,
        "mc_prob_5等": 0.007,
        "mc_prob_6等": 0.023,
        "mc_prob_外れ": 0.966,
        "ensemble_weight_structural": 1.0
      },
      {
        "numbers": "01 03 05 10 14 36 37",
        "structural_score": 83.6775721,
        "meta_ensemble_score": 83.6775721,
        "roi_score": 225.81666667,
        "final_score": 393.17181087,
        "sum": 106.0,
        "odd": 4.0,
        "low": 5.0,
        "consecutive": 1.0,
        "range": 36.0,
        "freq_full": 133.41291087,
        "freq_240": 88.65152434,
        "freq_120": 64.19965982,
        "freq_60": 41.88100967,
        "pair_score": 53.48754765,
        "bayes_score": 1.28350342,
        "zone_1_9": 3.0,
        "zone_10_18": 2.0,
        "zone_19_27": 0.0,
        "zone_28_37": 2.0,
        "mc_expected_payout": 7074.5,
        "mc_expected_roi": 22.58166667,
        "mc_prob_1等": 0.0,
        "mc_prob_2等": 0.001,
        "mc_prob_3等": 0.0,
        "mc_prob_4等": 0.001,
        "mc_prob_5等": 0.02,
        "mc_prob_6等": 0.026,
        "mc_prob_外れ": 0.952,
        "ensemble_weight_structural": 1.0
      },
      {
        "numbers": "09 12 13 22 26 29 36",
        "structural_score": 107.01594469,
        "meta_ensemble_score": 107.01594469,
        "roi_score": 16.82333333,
        "final_score": 230.85522271,
        "sum": 147.0,
        "odd": 3.0,
        "low": 3.0,
        "consecutive": 1.0,
        "range": 27.0,
        "freq_full": 160.90778469,
        "freq_240": 110.04086395,
        "freq_120": 81.08748852,
        "freq_60": 54.05597664,
        "pair_score": 86.2854382,
        "bayes_score": 1.50342043,
        "zone_1_9": 1.0,
        "zone_10_18": 2.0,
        "zone_19_27": 2.0,
        "zone_28_37": 2.0,
        "mc_expected_payout": 804.7,
        "mc_expected_roi": 1.68233333,
        "mc_prob_1等": 0.0,
        "mc_prob_2等": 0.0,
        "mc_prob_3等": 0.001,
        "mc_prob_4等": 0.003,
        "mc_prob_5等": 0.019,
        "mc_prob_6等": 0.033,
        "mc_prob_外れ": 0.944,
        "ensemble_weight_structural": 1.0
      }
    ],
    "best": {
      "numbers": "08 09 12 14 15 22 29",
      "structural_score": 105.2415313,
      "meta_ensemble_score": 105.2415313,
      "roi_score": 225.83333333,
      "final_score": 436.31639593,
      "sum": 109.0,
      "odd": 3.0,
      "low": 5.0,
      "consecutive": 2.0,
      "range": 21.0,
      "freq_full": 162.98143126,
      "freq_240": 111.56623577,
      "freq_120": 82.45292356,
      "freq_60": 54.31099365,
      "pair_score": 87.97642849,
      "bayes_score": 1.51586857,
      "zone_1_9": 2.0,
      "zone_10_18": 3.0,
      "zone_19_27": 1.0,
      "zone_28_37": 1.0,
      "mc_expected_payout": 7075.0,
      "mc_expected_roi": 22.58333333,
      "mc_prob_1等": 0.0,
      "mc_prob_2等": 0.001,
      "mc_prob_3等": 0.0,
      "mc_prob_4等": 0.0,
      "mc_prob_5等": 0.025,
      "mc_prob_6等": 0.03,
      "mc_prob_外れ": 0.944,
      "ensemble_weight_structural": 1.0
    }
  },
  "roi_backtest": {
    "window": 100,
    "tickets_per_draw": 5,
    "total_cost": 150000,
    "total_payout": 42100,
    "roi": -0.7193333333333334,
    "max_match": 5,
    "rank_counts": {
      "1等": 0,
      "2等": 0,
      "3等": 0,
      "4等": 1,
      "5等": 12,
      "6等": 8,
      "外れ": 479
    }
  },
  "self_evolution_plan": {
    "next_mode": "balanced",
    "best_score": 71271.89,
    "roi": -0.7193333333333334,
    "recommendation": {
      "population_multiplier": 1.0,
      "mutation_bias": "balanced",
      "target_stride": 2
    }
  }
}