numbers,structural_score,meta_ensemble_score,roi_score,final_score,sum,odd,low,consecutive,range,freq_full,freq_240,freq_120,freq_60,pair_score,bayes_score,zone_1_9,zone_10_18,zone_19_27,zone_28_37,mc_expected_payout,mc_expected_roi,mc_prob_1等,mc_prob_2等,mc_prob_3等,mc_prob_4等,mc_prob_5等,mc_prob_6等,mc_prob_外れ,ensemble_weight_structural
01 07 08 12 15 22 29,104.07460505,104.07460505,225.68666667,433.83587677,94.0,4.0,5.0,1.0,28.0,160.96595071,110.6280705,82.03984952,53.82250797,83.2643937,1.50756981,3.0,2.0,1.0,1.0,7070.6,22.56866667,0.0,0.001,0.0,0.0,0.022,0.031,0.946,1.0
01 06 07 08 14 16 34,91.08342496,91.08342496,249.27333333,431.44018326,86.0,2.0,6.0,2.0,33.0,147.57747758,100.6287779,74.15283264,49.25321773,76.72966114,1.36649097,4.0,2.0,0.0,1.0,7778.2,24.92733333,0.0,0.001,0.001,0.002,0.014,0.028,0.954,1.0
01 06 07 08 19 28 33,96.83796256,96.83796256,225.36333333,419.03925845,102.0,4.0,4.0,2.0,32.0,144.52748505,99.45578932,73.85644914,50.25492886,70.50873279,1.34989346,4.0,0.0,1.0,2.0,7060.9,22.53633333,0.0,0.001,0.0,0.001,0.013,0.025,0.96,1.0
08 12 17 20 22 32 36,93.91874786,93.91874786,226.20333333,414.04082904,147.0,1.0,3.0,0.0,28.0,150.160499,101.52984906,74.07684388,49.26142393,65.32599805,1.4162835,1.0,2.0,2.0,2.0,7086.1,22.62033333,0.0,0.001,0.0,0.003,0.012,0.027,0.957,1.0
07 09 12 13 22 33 34,109.93944994,109.93944994,15.43333333,235.3122332,130.0,4.0,4.0,2.0,27.0,163.63788669,113.35427615,84.22797772,56.481177,93.16035342,1.50342043,2.0,2.0,1.0,2.0,763.0,1.54333333,0.0,0.0,0.001,0.0,0.015,0.036,0.948,1.0
