numbers,structural_score,meta_ensemble_score,roi_score,final_score,sum,odd,low,consecutive,range,freq_full,freq_240,freq_120,freq_60,pair_score,bayes_score,zone_1_9,zone_10_18,zone_19_27,zone_28_37,mc_expected_payout,mc_expected_roi,mc_prob_1等,mc_prob_2等,mc_prob_3等,mc_prob_4等,mc_prob_5等,mc_prob_6等,mc_prob_外れ,ensemble_weight_structural
07 12 15 18 19 22 34,106.44652844,106.44652844,228.19,441.08305687,127.0,3.0,4.0,1.0,27.0,161.13389498,109.76770084,80.14025236,52.41355221,86.12861238,1.50756981,1.0,3.0,2.0,1.0,7145.7,22.819,0.0,0.001,0.0,0.005,0.024,0.04,0.93,1.0
09 12 13 15 29 34 36,102.69748887,102.69748887,226.17666667,431.57164441,148.0,4.0,4.0,1.0,27.0,158.20970034,106.28618149,76.43348575,48.00561489,77.9003369,1.50342043,1.0,3.0,0.0,3.0,7085.3,22.61766667,0.0,0.001,0.0,0.001,0.021,0.035,0.942,1.0
05 12 16 22 23 29 34,98.18370021,98.18370021,225.59666667,421.96406708,141.0,3.0,3.0,1.0,29.0,151.06962688,103.02228253,75.65512015,48.87684093,68.00166039,1.37893911,1.0,2.0,2.0,2.0,7067.9,22.55966667,0.0,0.001,0.0,0.001,0.018,0.023,0.957,1.0
07 08 09 12 22 31 34,108.99825453,108.99825453,16.33333333,234.32984239,123.0,3.0,4.0,2.0,27.0,162.73284193,112.27779201,83.77639614,55.3704973,91.04322439,1.49927106,3.0,1.0,1.0,2.0,790.0,1.63333333,0.0,0.0,0.001,0.002,0.02,0.029,0.948,1.0
07 08 09 18 22 29 33,107.26128761,107.26128761,16.53333333,231.05590854,126.0,4.0,4.0,2.0,26.0,160.11185842,109.89570437,81.21619121,54.52067168,88.97288183,1.49512168,3.0,1.0,1.0,2.0,796.0,1.65333333,0.0,0.0,0.001,0.002,0.02,0.035,0.942,1.0
