numbers,structural_score,meta_ensemble_score,roi_score,final_score,sum,odd,low,consecutive,range,freq_full,freq_240,freq_120,freq_60,pair_score,bayes_score,zone_1_9,zone_10_18,zone_19_27,zone_28_37,mc_expected_payout,mc_expected_roi,mc_prob_1等,mc_prob_2等,mc_prob_3等,mc_prob_4等,mc_prob_5等,mc_prob_6等,mc_prob_外れ,ensemble_weight_structural
09 12 18 22 29 34 35,111.61889594,111.61889594,19992.70666667,20215.94445854,159.0,3.0,3.0,1.0,26.0,169.6570673,117.034639,86.41278955,56.87057556,92.90449936,1.51171919,1.0,2.0,1.0,3.0,600081.2,1999.27066667,0.001,0.0,0.0,0.002,0.019,0.022,0.956,1.0
01 04 06 09 13 34 35,98.53110512,98.53110512,19992.87,20189.93221023,102.0,4.0,5.0,1.0,34.0,153.95304218,105.42262683,78.37885534,52.55463301,78.40031934,1.38308848,4.0,1.0,0.0,2.0,600086.1,1999.287,0.001,0.0,0.0,0.003,0.017,0.018,0.961,1.0
07 08 12 15 18 22 29,107.26663301,107.26663301,225.67333333,440.20659936,111.0,3.0,5.0,1.0,22.0,165.32144288,113.70647586,84.10556598,55.69372535,91.18807007,1.53661545,2.0,3.0,1.0,1.0,7070.2,22.56733333,0.0,0.001,0.0,0.0,0.019,0.036,0.944,1.0
01 06 12 13 15 16 33,100.62197422,100.62197422,225.05333333,426.29728176,96.0,4.0,6.0,2.0,32.0,153.14747702,106.94745327,80.89593653,56.8303667,80.27736476,1.38308848,2.0,4.0,0.0,1.0,7051.6,22.50533333,0.0,0.001,0.0,0.0,0.017,0.021,0.961,1.0
09 10 19 22 26 29 31,98.81475341,98.81475341,225.62333333,423.25284015,146.0,4.0,2.0,1.0,22.0,154.74694735,104.91630159,77.64260053,52.85711374,75.24143672,1.42873164,1.0,1.0,3.0,2.0,7068.7,22.56233333,0.0,0.001,0.0,0.001,0.014,0.031,0.953,1.0
