{
  "generated_at": "2026-06-15T14:23:05.611443+00:00",
  "champions": [
    {
      "source_file": "loto7_best_model_shard03_of_04.json",
      "id": "g001_0123_5401",
      "score": 26726.97552347337,
      "generation": 1,
      "genome": {
        "best_rank_count": 8,
        "consecutive_penalty": 0.06632018113690571,
        "dormancy_weight": 0.03979595958183958,
        "full_weight": 0.2278336324152209,
        "generation": 1,
        "id": "g001_0123_5401",
        "low_high_bonus": 0.3155572359788559,
        "max_consecutive_pairs": 2,
        "max_main_match": 6,
        "odd_bonus": 0.1791756665039416,
        "overlap_limit": 4,
        "pair_recency_weight": 0.0948697308414499,
        "pair_stability_weight": 0.060217068839834964,
        "pair_weight": 0.15408561388886538,
        "pool_size": 22,
        "recent120_weight": 0.5859969873845637,
        "recent240_weight": 0.17379981755090654,
        "recent60_weight": 0.012369562649308745,
        "score": 26726.97552347337,
        "sum_bonus": 0.25912556055266467,
        "target_sum_max": 170,
        "target_sum_min": 89,
        "triple_weight": 0.08156663360620788
      }
    },
    {
      "source_file": "loto7_best_model_shard00_of_04.json",
      "id": "g003_0140_7492",
      "score": 26690.856100956476,
      "generation": 3,
      "genome": {
        "best_rank_count": 10,
        "consecutive_penalty": 0.6352679023653818,
        "dormancy_weight": 0.040461845672651264,
        "full_weight": 0.3563515434146698,
        "generation": 3,
        "id": "g003_0140_7492",
        "low_high_bonus": 0.3569651419908401,
        "max_consecutive_pairs": 2,
        "max_main_match": 6,
        "odd_bonus": 0.4220637358951931,
        "overlap_limit": 6,
        "pair_recency_weight": 0.21466401547218908,
        "pair_stability_weight": 0.054019786353031514,
        "pair_weight": 0.14419330323575338,
        "pool_size": 20,
        "recent120_weight": 0.3192297140115454,
        "recent240_weight": 0.26223894314267215,
        "recent60_weight": 0.062179799431112764,
        "score": 26690.856100956476,
        "sum_bonus": 0.16529907366280386,
        "target_sum_max": 181,
        "target_sum_min": 104,
        "triple_weight": 0.13218114531417818
      }
    },
    {
      "source_file": "loto7_best_model_shard01_of_04.json",
      "id": "g000_0065_1528",
      "score": 25620.060886392508,
      "generation": 0,
      "genome": {
        "best_rank_count": 6,
        "consecutive_penalty": 0.5690692864889342,
        "dormancy_weight": 0.030634994424488176,
        "full_weight": 0.3939953692797167,
        "generation": 0,
        "id": "g000_0065_1528",
        "low_high_bonus": 0.11793088116568701,
        "max_consecutive_pairs": 1,
        "max_main_match": 6,
        "odd_bonus": 0.2546020872013058,
        "overlap_limit": 4,
        "pair_recency_weight": 0.04706497073344663,
        "pair_stability_weight": 0.11715483412117063,
        "pair_weight": 0.1631507173247381,
        "pool_size": 14,
        "recent120_weight": 0.22496614621013775,
        "recent240_weight": 0.17111604800880295,
        "recent60_weight": 0.2099224365013428,
        "score": 25620.060886392508,
        "sum_bonus": 0.5021532571687436,
        "target_sum_max": 187,
        "target_sum_min": 90,
        "triple_weight": 0.09320605589074417
      }
    },
    {
      "source_file": "loto7_best_model_shard02_of_04.json",
      "id": "g001_0058_7946",
      "score": 24628.186521452313,
      "generation": 1,
      "genome": {
        "best_rank_count": 5,
        "consecutive_penalty": 0.44552653263597275,
        "dormancy_weight": 0.016037401091872676,
        "full_weight": 0.1749343113537788,
        "generation": 1,
        "id": "g001_0058_7946",
        "low_high_bonus": 0.26140885813614423,
        "max_consecutive_pairs": 2,
        "max_main_match": 6,
        "odd_bonus": 0.22216503356856435,
        "overlap_limit": 4,
        "pair_recency_weight": 0.08021347733710345,
        "pair_stability_weight": 0.12869961846989705,
        "pair_weight": 0.15604995463320062,
        "pool_size": 21,
        "recent120_weight": 0.3492200642237327,
        "recent240_weight": 0.39958607078256575,
        "recent60_weight": 0.07625955363992273,
        "score": 24628.186521452313,
        "sum_bonus": 0.45188201214671675,
        "target_sum_max": 161,
        "target_sum_min": 102,
        "triple_weight": 0.09173949405293244
      }
    },
    {
      "source_file": "loto7_best_model_shard04_of_08.json",
      "id": "g006_0036_6682",
      "score": 19843.361280624966,
      "generation": 6,
      "genome": {
        "best_rank_count": 5,
        "consecutive_penalty": 0.37331915181013614,
        "dormancy_weight": 0.04166507975967158,
        "full_weight": 0.6310521791998018,
        "generation": 6,
        "id": "g006_0036_6682",
        "low_high_bonus": 0.4980690726253978,
        "max_consecutive_pairs": 2,
        "max_main_match": 6,
        "odd_bonus": 0.37496771341981167,
        "overlap_limit": 4,
        "pair_recency_weight": 0.11335944452221153,
        "pair_stability_weight": 0.05811784988258561,
        "pair_weight": 0.12014270699388246,
        "pool_size": 22,
        "recent120_weight": 0.009345679225490065,
        "recent240_weight": 0.0895763165574389,
        "recent60_weight": 0.2700258250172693,
        "score": 19843.361280624966,
        "sum_bonus": 0.3797078865350683,
        "target_sum_max": 172,
        "target_sum_min": 85,
        "triple_weight": 0.011416689171441466
      }
    },
    {
      "source_file": "loto7_best_model_shard01_of_08.json",
      "id": "g001_0121_3591",
      "score": 19056.320338016052,
      "generation": 1,
      "genome": {
        "best_rank_count": 4,
        "consecutive_penalty": 0.06602783819942745,
        "dormancy_weight": 0.02758906397417588,
        "full_weight": 0.39909028694153487,
        "generation": 1,
        "id": "g001_0121_3591",
        "low_high_bonus": 0.1544341132815334,
        "max_consecutive_pairs": 2,
        "max_main_match": 6,
        "odd_bonus": 0.2822719819574795,
        "overlap_limit": 4,
        "pair_recency_weight": 0.05014687608655976,
        "pair_stability_weight": 0.12225984282856063,
        "pair_weight": 0.1572677167869193,
        "pool_size": 17,
        "recent120_weight": 0.014408654195546874,
        "recent240_weight": 0.3064084305616714,
        "recent60_weight": 0.280092628301247,
        "score": 19056.320338016052,
        "sum_bonus": 0.5017610829450522,
        "target_sum_max": 169,
        "target_sum_min": 105,
        "triple_weight": 0.08769835444809425
      }
    },
    {
      "source_file": "loto7_best_model_shard02_of_08.json",
      "id": "g005_0026_7697",
      "score": 18970.4629010128,
      "generation": 5,
      "genome": {
        "best_rank_count": 4,
        "consecutive_penalty": 0.32961293333828856,
        "dormancy_weight": 0.03317463570405993,
        "full_weight": 0.41872217670793344,
        "generation": 5,
        "id": "g005_0026_7697",
        "low_high_bonus": 0.20358403571005038,
        "max_consecutive_pairs": 3,
        "max_main_match": 6,
        "odd_bonus": 0.28545288987351825,
        "overlap_limit": 4,
        "pair_recency_weight": 0.06732590944718982,
        "pair_stability_weight": 0.09402756874028505,
        "pair_weight": 0.15375078568891842,
        "pool_size": 21,
        "recent120_weight": 0.03943189023809999,
        "recent240_weight": 0.15417324994680887,
        "recent60_weight": 0.38767268310715775,
        "score": 18970.4629010128,
        "sum_bonus": 0.296227919642089,
        "target_sum_max": 179,
        "target_sum_min": 86,
        "triple_weight": 0.0
      }
    },
    {
      "source_file": "loto7_best_model_shard05_of_08.json",
      "id": "g007_0157_9681",
      "score": 17066.89604884983,
      "generation": 7,
      "genome": {
        "best_rank_count": 5,