numbers,structural_score,meta_ensemble_score,roi_score,final_score,sum,odd,low,consecutive,range,freq_full,freq_240,freq_120,freq_60,pair_score,bayes_score,zone_1_9,zone_10_18,zone_19_27,zone_28_37,mc_expected_payout,mc_expected_roi,mc_prob_1等,mc_prob_2等,mc_prob_3等,mc_prob_4等,mc_prob_5等,mc_prob_6等,mc_prob_外れ,ensemble_weight_structural
08 09 12 15 18 22 34,101.10670595,101.10670595,19993.1,20195.3134119,118.0,2.0,5.0,1.0,26.0,163.93558173,111.6772634,81.77978141,52.56811976,90.23718278,1.52001794,2.0,3.0,1.0,1.0,600093.0,1999.31,0.001,0.0,0.0,0.002,0.025,0.023,0.949,1.0
08 09 12 13 22 29 36,107.97520284,107.97520284,226.29,442.24040569,129.0,3.0,4.0,2.0,28.0,162.42703913,111.70743211,82.77498408,55.41703627,82.25693899,1.52001794,2.0,2.0,1.0,2.0,7088.7,22.629,0.0,0.001,0.0,0.001,0.024,0.033,0.941,1.0
12 13 14 17 22 29 34,104.81183922,104.81183922,226.12333333,435.74701176,141.0,3.0,4.0,2.0,22.0,159.67876293,108.11272857,78.36788437,51.84259741,81.9812116,1.49927106,0.0,4.0,1.0,2.0,7083.7,22.61233333,0.0,0.001,0.0,0.001,0.019,0.037,0.942,1.0
01 06 09 12 22 33 35,109.46020695,109.46020695,15.42666667,234.34708056,118.0,4.0,4.0,0.0,34.0,161.35491113,113.71651498,86.3649428,59.8956215,94.17519366,1.40798475,3.0,1.0,1.0,2.0,762.8,1.54266667,0.0,0.0,0.001,0.0,0.016,0.034,0.949,1.0
07 08 09 12 14 17 22,106.09638881,106.09638881,16.59666667,228.78944429,89.0,3.0,6.0,2.0,15.0,162.54492767,112.78547682,84.35005218,57.8987073,84.70297039,1.50342043,3.0,3.0,1.0,0.0,797.9,1.65966667,0.0,0.0,0.001,0.001,0.028,0.035,0.935,1.0
