numbers,structural_score,meta_ensemble_score,roi_score,final_score,sum,odd,low,consecutive,range,freq_full,freq_240,freq_120,freq_60,pair_score,bayes_score,zone_1_9,zone_10_18,zone_19_27,zone_28_37,mc_expected_payout,mc_expected_roi,mc_prob_1等,mc_prob_2等,mc_prob_3等,mc_prob_4等,mc_prob_5等,mc_prob_6等,mc_prob_外れ,ensemble_weight_structural
08 09 12 15 18 22 34,101.10670595,101.10670595,19993.1,20195.3134119,118.0,2.0,5.0,1.0,26.0,163.93558173,111.6772634,81.77978141,52.56811976,90.23718278,1.52001794,2.0,3.0,1.0,1.0,600093.0,1999.31,0.001,0.0,0.0,0.002,0.025,0.023,0.949,1.0
01 06 07 08 09 17 36,93.53402579,93.53402579,458.65,645.71805158,84.0,4.0,6.0,3.0,35.0,152.73616767,105.48574296,78.84801441,54.50531383,78.39610606,1.42043288,5.0,1.0,0.0,1.0,14059.5,45.865,0.0,0.002,0.0,0.001,0.015,0.02,0.962,1.0
17 20 22 24 27 29 32,90.66152675,90.66152675,248.42,429.74305349,171.0,3.0,1.0,0.0,15.0,142.79157096,95.71179911,69.7487108,47.31866141,65.98154418,1.34574408,0.0,1.0,4.0,2.0,7752.6,24.842,0.0,0.001,0.001,0.0,0.012,0.031,0.955,1.0
07 08 09 12 22 29 35,109.47824781,109.47824781,16.19666667,235.15316229,122.0,4.0,4.0,2.0,28.0,164.00161731,113.48934132,84.64405844,56.28331429,87.80699005,1.50756981,3.0,1.0,1.0,2.0,785.9,1.61966667,0.0,0.0,0.001,0.001,0.023,0.032,0.943,1.0
01 07 09 12 22 26 34,109.13461371,109.13461371,15.85333333,234.12256076,111.0,3.0,4.0,0.0,33.0,163.05663923,112.25025524,83.07486786,54.06326971,95.87714909,1.49927106,3.0,1.0,2.0,1.0,775.6,1.58533333,0.0,0.0,0.001,0.002,0.012,0.029,0.956,1.0
