numbers,structural_score,meta_ensemble_score,roi_score,final_score,sum,odd,low,consecutive,range,freq_full,freq_240,freq_120,freq_60,pair_score,bayes_score,zone_1_9,zone_10_18,zone_19_27,zone_28_37,mc_expected_payout,mc_expected_roi,mc_prob_1等,mc_prob_2等,mc_prob_3等,mc_prob_4等,mc_prob_5等,mc_prob_6等,mc_prob_外れ,ensemble_weight_structural
01 06 07 08 17 20 34,95.93950873,95.93950873,19992.41,20184.28901746,93.0,3.0,5.0,2.0,33.0,149.1979075,101.62281945,74.55503061,49.52807873,77.03894389,1.38723786,4.0,1.0,1.0,1.0,600072.3,1999.241,0.001,0.0,0.0,0.001,0.016,0.031,0.951,1.0
07 08 09 12 22 33 36,109.6219333,109.6219333,225.53333333,444.77719994,127.0,3.0,4.0,2.0,29.0,162.21509742,113.53369959,85.5273093,58.18858298,85.97109108,1.49512168,3.0,1.0,1.0,2.0,7066.0,22.55333333,0.0,0.001,0.0,0.0,0.02,0.03,0.949,1.0
12 13 18 22 26 33 35,104.39533798,104.39533798,225.86,434.65067595,159.0,3.0,3.0,1.0,23.0,156.42518108,107.09467771,78.94347113,53.71022057,86.69290689,1.43703039,0.0,3.0,2.0,2.0,7075.8,22.586,0.0,0.001,0.0,0.002,0.016,0.022,0.959,1.0
01 06 07 08 19 26 33,98.81499201,98.81499201,225.43,423.05998401,100.0,4.0,4.0,2.0,32.0,146.96212009,100.71309501,75.07825454,51.34427289,75.16264949,1.37893911,4.0,0.0,2.0,1.0,7062.9,22.543,0.0,0.001,0.0,0.001,0.013,0.027,0.958,1.0
01 06 07 09 14 20 29,97.5224354,97.5224354,225.42333333,420.46820413,86.0,4.0,5.0,1.0,28.0,152.11644104,104.05902967,76.67407726,50.51941585,77.01296363,1.39968599,4.0,1.0,1.0,1.0,7062.7,22.54233333,0.0,0.001,0.0,0.001,0.014,0.025,0.959,1.0
