numbers,structural_score,meta_ensemble_score,roi_score,final_score,sum,odd,low,consecutive,range,freq_full,freq_240,freq_120,freq_60,pair_score,bayes_score,zone_1_9,zone_10_18,zone_19_27,zone_28_37,mc_expected_payout,mc_expected_roi,mc_prob_1等,mc_prob_2等,mc_prob_3等,mc_prob_4等,mc_prob_5等,mc_prob_6等,mc_prob_外れ,ensemble_weight_structural
01 06 09 12 22 29 34,110.86445736,110.86445736,226.02666667,447.75558139,113.0,3.0,4.0,0.0,33.0,166.080844,115.6351746,86.64605527,57.70329714,93.88328893,1.47437479,3.0,1.0,1.0,2.0,7080.8,22.60266667,0.0,0.001,0.0,0.002,0.016,0.027,0.954,1.0
07 12 18 22 26 29 34,103.57996102,103.57996102,226.62333333,433.78325538,148.0,2.0,3.0,0.0,27.0,163.22968266,111.23388722,81.00470232,52.47451292,89.2336645,1.51586857,1.0,2.0,2.0,2.0,7098.7,22.66233333,0.0,0.001,0.0,0.001,0.024,0.043,0.931,1.0
09 12 13 15 29 34 36,102.69748887,102.69748887,226.17666667,431.57164441,148.0,4.0,4.0,1.0,27.0,158.20970034,106.28618149,76.43348575,48.00561489,77.9003369,1.50342043,1.0,3.0,0.0,3.0,7085.3,22.61766667,0.0,0.001,0.0,0.001,0.021,0.035,0.942,1.0
01 04 06 08 14 26 33,90.12587467,90.12587467,225.88333333,406.13508268,92.0,2.0,5.0,0.0,32.0,145.91879507,99.51979616,74.02646024,49.93268683,73.64909601,1.34574408,4.0,1.0,1.0,1.0,7076.5,22.58833333,0.0,0.001,0.0,0.001,0.02,0.028,0.95,1.0
04 08 10 24 25 30 32,78.8113072,78.8113072,224.91666667,382.53928107,133.0,1.0,3.0,1.0,28.0,129.74354738,84.31461465,60.25659427,38.22563612,48.06872582,1.26275653,2.0,1.0,2.0,2.0,7047.5,22.49166667,0.0,0.001,0.0,0.001,0.01,0.017,0.971,1.0
