numbers,structural_score,meta_ensemble_score,roi_score,final_score,sum,odd,low,consecutive,range,freq_full,freq_240,freq_120,freq_60,pair_score,bayes_score,zone_1_9,zone_10_18,zone_19_27,zone_28_37,mc_expected_payout,mc_expected_roi,mc_prob_1等,mc_prob_2等,mc_prob_3等,mc_prob_4等,mc_prob_5等,mc_prob_6等,mc_prob_外れ,ensemble_weight_structural
06 07 09 15 22 29 34,107.48957534,107.48957534,226.13666667,441.11581735,122.0,4.0,4.0,1.0,28.0,161.83865316,111.00977876,82.30155393,55.08952076,87.41972599,1.48267354,3.0,1.0,1.0,2.0,7084.1,22.61366667,0.0,0.001,0.0,0.001,0.022,0.032,0.944,1.0
07 12 18 22 26 29 34,103.57996102,103.57996102,226.62333333,433.78325538,148.0,2.0,3.0,0.0,27.0,163.22968266,111.23388722,81.00470232,52.47451292,89.2336645,1.51586857,1.0,2.0,2.0,2.0,7098.7,22.66233333,0.0,0.001,0.0,0.001,0.024,0.043,0.931,1.0
05 12 16 22 23 29 34,98.18370021,98.18370021,225.59666667,421.96406708,141.0,3.0,3.0,1.0,29.0,151.06962688,103.02228253,75.65512015,48.87684093,68.00166039,1.37893911,1.0,2.0,2.0,2.0,7067.9,22.55966667,0.0,0.001,0.0,0.001,0.018,0.023,0.957,1.0
04 08 10 24 25 30 32,78.8113072,78.8113072,224.91666667,382.53928107,133.0,1.0,3.0,1.0,28.0,129.74354738,84.31461465,60.25659427,38.22563612,48.06872582,1.26275653,2.0,1.0,2.0,2.0,7047.5,22.49166667,0.0,0.001,0.0,0.001,0.01,0.017,0.971,1.0
07 08 09 12 22 31 34,108.99825453,108.99825453,16.33333333,234.32984239,123.0,3.0,4.0,2.0,27.0,162.73284193,112.27779201,83.77639614,55.3704973,91.04322439,1.49927106,3.0,1.0,1.0,2.0,790.0,1.63333333,0.0,0.0,0.001,0.002,0.02,0.029,0.948,1.0
