{
  "generated_at": "2026-06-21T14:27:28.318492+00:00",
  "champions": [
    {
      "source_file": "loto7_best_model_shard05_of_08.json",
      "id": "g002_0013_8486",
      "score": 67991.78238597537,
      "generation": 2,
      "genome": {
        "best_rank_count": 2,
        "consecutive_penalty": 0.2307354823692875,
        "dormancy_weight": 0.04916003393539038,
        "full_weight": 0.3032937958195276,
        "generation": 2,
        "id": "g002_0013_8486",
        "low_high_bonus": 0.2661977650130201,
        "max_consecutive_pairs": 1,
        "max_main_match": 6,
        "odd_bonus": 0.3571829368097169,
        "overlap_limit": 4,
        "pair_recency_weight": 0.09639309396022575,
        "pair_stability_weight": 0.1595570365521473,
        "pair_weight": 0.08323802332455774,
        "pool_size": 17,
        "recent120_weight": 0.2328013140826817,
        "recent240_weight": 0.3444181065874426,
        "recent60_weight": 0.11948678351034817,
        "score": 67991.78238597537,
        "sum_bonus": 0.5785715541028872,
        "target_sum_max": 175,
        "target_sum_min": 103,
        "triple_weight": 0.012776004750939308
      }
    },
    {
      "source_file": "loto7_best_model.json",
      "id": "g002_0013_8486",
      "score": 67991.78238597537,
      "generation": 2,
      "genome": {
        "best_rank_count": 2,
        "consecutive_penalty": 0.2307354823692875,
        "dormancy_weight": 0.04916003393539038,
        "full_weight": 0.3032937958195276,
        "generation": 2,
        "id": "g002_0013_8486",
        "low_high_bonus": 0.2661977650130201,
        "max_consecutive_pairs": 1,
        "max_main_match": 6,
        "odd_bonus": 0.3571829368097169,
        "overlap_limit": 4,
        "pair_recency_weight": 0.09639309396022575,
        "pair_stability_weight": 0.1595570365521473,
        "pair_weight": 0.08323802332455774,
        "pool_size": 17,
        "recent120_weight": 0.2328013140826817,
        "recent240_weight": 0.3444181065874426,
        "recent60_weight": 0.11948678351034817,
        "score": 67991.78238597537,
        "sum_bonus": 0.5785715541028872,
        "target_sum_max": 175,
        "target_sum_min": 103,
        "triple_weight": 0.012776004750939308
      }
    },
    {
      "source_file": "loto7_best_model_shard02_of_08.json",
      "id": "g001_0066_8960",
      "score": 66492.35528426003,
      "generation": 1,
      "genome": {
        "best_rank_count": 2,
        "consecutive_penalty": 0.4810164437397372,
        "dormancy_weight": 0.04821474771321076,
        "full_weight": 0.35446635998479964,
        "generation": 1,
        "id": "g001_0066_8960",
        "low_high_bonus": 0.4404996018459861,
        "max_consecutive_pairs": 2,
        "max_main_match": 6,
        "odd_bonus": 0.3406501453029783,
        "overlap_limit": 4,
        "pair_recency_weight": 0.05627614027347534,
        "pair_stability_weight": 0.18967517753125862,
        "pair_weight": 0.026604447891942815,
        "pool_size": 15,
        "recent120_weight": 0.14548737974969547,
        "recent240_weight": 0.27418777026620506,
        "recent60_weight": 0.22585848999929992,
        "score": 66492.35528426003,
        "sum_bonus": 0.42153255431838754,
        "target_sum_max": 177,
        "target_sum_min": 94,
        "triple_weight": 0.03828982877341677
      }
    },
    {
      "source_file": "loto7_best_model_shard04_of_08.json",
      "id": "g013_0084_8386",
      "score": 49640.13126647346,
      "generation": 13,
      "genome": {
        "best_rank_count": 3,
        "consecutive_penalty": 0.03828621663042302,
        "dormancy_weight": 0.019208117340686916,
        "full_weight": 0.22989414518497267,
        "generation": 13,
        "id": "g013_0084_8386",
        "low_high_bonus": 0.5184329782673427,
        "max_consecutive_pairs": 0,
        "max_main_match": 5,
        "odd_bonus": 0.22020445695338656,
        "overlap_limit": 4,
        "pair_recency_weight": 0.17098754525604493,
        "pair_stability_weight": 0.040350508877920035,
        "pair_weight": 0.01513363779272687,
        "pool_size": 19,
        "recent120_weight": 0.29167446920906603,
        "recent240_weight": 0.25790400369391303,
        "recent60_weight": 0.22052738191204818,
        "score": 49640.13126647346,
        "sum_bonus": 0.7578728756517421,
        "target_sum_max": 186,
        "target_sum_min": 87,
        "triple_weight": 0.0
      }
    },
    {
      "source_file": "loto7_best_model_shard03_of_08.json",
      "id": "g022_0011_9092",
      "score": 49456.19080146673,
      "generation": 22,
      "genome": {
        "best_rank_count": 3,
        "consecutive_penalty": 0.07865624068920113,
        "dormancy_weight": 0.06321448849600869,
        "full_weight": 0.4437583126362784,
        "generation": 22,
        "id": "g022_0011_9092",
        "low_high_bonus": 0.2752739030869451,
        "max_consecutive_pairs": 1,
        "max_main_match": 5,
        "odd_bonus": 0.5004320978842144,
        "overlap_limit": 5,
        "pair_recency_weight": 0.17180237753783917,
        "pair_stability_weight": 0.07905477652237125,
        "pair_weight": 0.024899966220076383,
        "pool_size": 15,
        "recent120_weight": 0.44965243161303947,
        "recent240_weight": 0.011180209748012843,
        "recent60_weight": 0.0954090460026692,
        "score": 49456.19080146673,
        "sum_bonus": 0.3810051941978873,
        "target_sum_max": 166,
        "target_sum_min": 86,
        "triple_weight": 0.06951795087215616
      }
    },
    {
      "source_file": "loto7_best_model_shard00_of_08.json",
      "id": "g014_elite_0000",
      "score": 47792.12927470843,
      "generation": 14,
      "genome": {
        "best_rank_count": 3,
        "consecutive_penalty": 0.1799210374815584,
        "dormancy_weight": 0.04555278248661039,
        "full_weight": 0.24527992424504172,
        "generation": 14,
        "id": "g014_elite_0000",
        "low_high_bonus": 0.2846861115733283,
        "max_consecutive_pairs": 1,
        "max_main_match": 5,
        "odd_bonus": 0.17113313525640172,
        "overlap_limit": 5,
        "pair_recency_weight": 0.17906023533387794,
        "pair_stability_weight": 0.2090156138050142,
        "pair_weight": 0.11647461446181764,
        "pool_size": 15,
        "recent120_weight": 0.28613986632455474,
        "recent240_weight": 0.21918763940001282,
        "recent60_weight": 0.2493925700303907,
        "score": 47792.12927470843,
        "sum_bonus": 0.4275618785954647,
        "target_sum_max": 158,
        "target_sum_min": 82,
        "triple_weight": 0.0
      }
    },
    {
      "source_file": "loto7_best_model_shard01_of_08.json",
      "id": "g001_0105_1232",
      "score": 45225.01094039106,
      "generation": 1,
      "genome": {
        "best_rank_count": 3,
        "consecutive_penalty": 0.1865843452405614,
        "dormancy_weight": 0.0,
        "full_weight": 0.286877263809148,
        "generation": 1,
        "id": "g001_0105_1232",
        "low_high_bonus": 0.12923135036666072,
        "max_consecutive_pairs": 3,
        "max_main_match": 5,
        "odd_bonus": 0.23333820004628397,
        "overlap_limit": 4,
        "pair_recency_weight": 0.07191740271341554,
        "pair_stability_weight": 0.06878636233119377,
        "pair_weight": 0.04267062577979644,
        "pool_size": 17,
        "recent120_weight": 0.28179138762897943,
        "recent240_weight": 0.35773388922208454,
        "recent60_weight": 0.0735974593397879,
        "score": 45225.01094039106,
        "sum_bonus": 0.3651726673723839,
        "target_sum_max": 177,
        "target_sum_min": 98,
        "triple_weight": 0.0
      }
    },
    {
      "source_file": "loto7_best_model_shard06_of_08.json",
      "id": "g008_0078_2015",
      "score": 42812.2621026526,
      "generation": 8,
      "genome": {
        "best_rank_count": 2,
        "consecutive_penalty": 0.0074096120694621785,