numbers,structural_score,meta_ensemble_score,roi_score,final_score,sum,odd,low,consecutive,range,freq_full,freq_240,freq_120,freq_60,pair_score,bayes_score,zone_1_9,zone_10_18,zone_19_27,zone_28_37,mc_expected_payout,mc_expected_roi,mc_prob_1等,mc_prob_2等,mc_prob_3等,mc_prob_4等,mc_prob_5等,mc_prob_6等,mc_prob_外れ,ensemble_weight_structural
07 12 15 18 19 22 34,106.44652844,106.44652844,228.19,441.08305687,127.0,3.0,4.0,1.0,27.0,161.13389498,109.76770084,80.14025236,52.41355221,86.12861238,1.50756981,1.0,3.0,2.0,1.0,7145.7,22.819,0.0,0.001,0.0,0.005,0.024,0.04,0.93,1.0
05 12 16 22 23 29 34,98.18370021,98.18370021,225.59666667,421.96406708,141.0,3.0,3.0,1.0,29.0,151.06962688,103.02228253,75.65512015,48.87684093,68.00166039,1.37893911,1.0,2.0,2.0,2.0,7067.9,22.55966667,0.0,0.001,0.0,0.001,0.018,0.023,0.957,1.0
07 08 09 12 22 31 34,108.99825453,108.99825453,16.33333333,234.32984239,123.0,3.0,4.0,2.0,27.0,162.73284193,112.27779201,83.77639614,55.3704973,91.04322439,1.49927106,3.0,1.0,1.0,2.0,790.0,1.63333333,0.0,0.0,0.001,0.002,0.02,0.029,0.948,1.0
09 12 15 18 22 29 36,107.56228269,107.56228269,17.03,232.15456539,141.0,3.0,4.0,0.0,27.0,163.11346148,111.44932819,81.80377961,53.58929887,85.1147888,1.51586857,1.0,3.0,1.0,2.0,810.9,1.703,0.0,0.0,0.001,0.003,0.023,0.032,0.941,1.0
08 12 15 22 29 33 34,105.76045707,105.76045707,16.59333333,228.11424747,153.0,3.0,3.0,1.0,26.0,160.72336131,109.61896198,80.10046988,51.95403172,82.9530971,1.49927106,1.0,2.0,1.0,3.0,797.8,1.65933333,0.0,0.0,0.001,0.002,0.021,0.035,0.941,1.0
