numbers,structural_score,meta_ensemble_score,roi_score,final_score,sum,odd,low,consecutive,range,freq_full,freq_240,freq_120,freq_60,pair_score,bayes_score,zone_1_9,zone_10_18,zone_19_27,zone_28_37,mc_expected_payout,mc_expected_roi,mc_prob_1等,mc_prob_2等,mc_prob_3等,mc_prob_4等,mc_prob_5等,mc_prob_6等,mc_prob_外れ,ensemble_weight_structural
09 12 13 14 15 22 29,103.38963191,103.38963191,19992.53,20199.30926383,114.0,4.0,5.0,3.0,20.0,162.48671064,110.97412823,81.83791127,54.58002829,87.11037556,1.51586857,1.0,4.0,1.0,1.0,600075.9,1999.253,0.001,0.0,0.0,0.001,0.018,0.031,0.949,1.0
07 08 09 12 18 22 29,108.66900774,108.66900774,227.1,444.43801549,105.0,3.0,5.0,2.0,22.0,166.38764153,115.09738286,85.6942258,56.63187418,95.10351392,1.53661545,3.0,2.0,1.0,1.0,7113.0,22.71,0.0,0.001,0.0,0.002,0.03,0.034,0.933,1.0
01 06 07 08 19 28 33,96.83796256,96.83796256,225.36333333,419.03925845,102.0,4.0,4.0,2.0,32.0,144.52748505,99.45578932,73.85644914,50.25492886,70.50873279,1.34989346,4.0,0.0,1.0,2.0,7060.9,22.53633333,0.0,0.001,0.0,0.001,0.013,0.025,0.96,1.0
01 06 07 08 15 17 34,96.24574692,96.24574692,224.72666667,417.2181605,88.0,4.0,6.0,2.0,33.0,150.18073196,101.58773105,74.30398064,49.31270274,75.70506981,1.4162835,4.0,2.0,0.0,1.0,7041.8,22.47266667,0.0,0.001,0.0,0.0,0.011,0.022,0.966,1.0
17 25 26 28 29 30 36,79.82441879,79.82441879,225.79666667,385.44550425,191.0,3.0,1.0,3.0,19.0,136.86947082,89.60674715,63.20997801,41.00401832,63.6548087,1.35404284,0.0,1.0,2.0,4.0,7073.9,22.57966667,0.0,0.001,0.0,0.001,0.018,0.029,0.951,1.0
