{
  "generated_at": "2026-06-20T21:05:07.958848+00:00",
  "champions": [
    {
      "source_file": "loto7_best_model_shard05_of_08.json",
      "id": "g002_0013_8486",
      "score": 67991.78238597537,
      "generation": 2,
      "genome": {
        "best_rank_count": 2,
        "consecutive_penalty": 0.2307354823692875,
        "dormancy_weight": 0.04916003393539038,
        "full_weight": 0.3032937958195276,
        "generation": 2,
        "id": "g002_0013_8486",
        "low_high_bonus": 0.2661977650130201,
        "max_consecutive_pairs": 1,
        "max_main_match": 6,
        "odd_bonus": 0.3571829368097169,
        "overlap_limit": 4,
        "pair_recency_weight": 0.09639309396022575,
        "pair_stability_weight": 0.1595570365521473,
        "pair_weight": 0.08323802332455774,
        "pool_size": 17,
        "recent120_weight": 0.2328013140826817,
        "recent240_weight": 0.3444181065874426,
        "recent60_weight": 0.11948678351034817,
        "score": 67991.78238597537,
        "sum_bonus": 0.5785715541028872,
        "target_sum_max": 175,
        "target_sum_min": 103,
        "triple_weight": 0.012776004750939308
      }
    },
    {
      "source_file": "loto7_best_model.json",
      "id": "g002_0013_8486",
      "score": 67991.78238597537,
      "generation": 2,
      "genome": {
        "best_rank_count": 2,
        "consecutive_penalty": 0.2307354823692875,
        "dormancy_weight": 0.04916003393539038,
        "full_weight": 0.3032937958195276,
        "generation": 2,
        "id": "g002_0013_8486",
        "low_high_bonus": 0.2661977650130201,
        "max_consecutive_pairs": 1,
        "max_main_match": 6,
        "odd_bonus": 0.3571829368097169,
        "overlap_limit": 4,
        "pair_recency_weight": 0.09639309396022575,
        "pair_stability_weight": 0.1595570365521473,
        "pair_weight": 0.08323802332455774,
        "pool_size": 17,
        "recent120_weight": 0.2328013140826817,
        "recent240_weight": 0.3444181065874426,
        "recent60_weight": 0.11948678351034817,
        "score": 67991.78238597537,
        "sum_bonus": 0.5785715541028872,
        "target_sum_max": 175,
        "target_sum_min": 103,
        "triple_weight": 0.012776004750939308
      }
    },
    {
      "source_file": "loto7_best_model_shard02_of_08.json",
      "id": "g001_0066_8960",
      "score": 66492.35528426003,
      "generation": 1,
      "genome": {
        "best_rank_count": 2,
        "consecutive_penalty": 0.4810164437397372,
        "dormancy_weight": 0.04821474771321076,
        "full_weight": 0.35446635998479964,
        "generation": 1,
        "id": "g001_0066_8960",
        "low_high_bonus": 0.4404996018459861,
        "max_consecutive_pairs": 2,
        "max_main_match": 6,
        "odd_bonus": 0.3406501453029783,
        "overlap_limit": 4,
        "pair_recency_weight": 0.05627614027347534,
        "pair_stability_weight": 0.18967517753125862,
        "pair_weight": 0.026604447891942815,
        "pool_size": 15,
        "recent120_weight": 0.14548737974969547,
        "recent240_weight": 0.27418777026620506,
        "recent60_weight": 0.22585848999929992,
        "score": 66492.35528426003,
        "sum_bonus": 0.42153255431838754,
        "target_sum_max": 177,
        "target_sum_min": 94,
        "triple_weight": 0.03828982877341677
      }
    },
    {
      "source_file": "loto7_best_model_shard04_of_08.json",
      "id": "g009_0052_2158",
      "score": 45431.12359152906,
      "generation": 9,
      "genome": {
        "best_rank_count": 3,
        "consecutive_penalty": 0.44959569610635597,
        "dormancy_weight": 0.060044925573850036,
        "full_weight": 0.4155396764433725,
        "generation": 9,
        "id": "g009_0052_2158",
        "low_high_bonus": 0.510164413991053,
        "max_consecutive_pairs": 1,
        "max_main_match": 5,
        "odd_bonus": 0.09783990259009466,
        "overlap_limit": 4,
        "pair_recency_weight": 0.18318148721402833,
        "pair_stability_weight": 0.16113527027810437,
        "pair_weight": 0.18163561761032526,
        "pool_size": 14,
        "recent120_weight": 0.02586876611991042,
        "recent240_weight": 0.2500061164629293,
        "recent60_weight": 0.30858544097378793,
        "score": 45431.12359152906,
        "sum_bonus": 0.7086289048751607,
        "target_sum_max": 188,
        "target_sum_min": 104,
        "triple_weight": 0.020815582415449327
      }
    },
    {
      "source_file": "loto7_best_model_shard00_of_08.json",
      "id": "g008_0088_5260",
      "score": 45242.12927470843,
      "generation": 8,
      "genome": {
        "best_rank_count": 3,
        "consecutive_penalty": 0.1799210374815584,
        "dormancy_weight": 0.04555278248661039,
        "full_weight": 0.24527992424504172,
        "generation": 8,
        "id": "g008_0088_5260",
        "low_high_bonus": 0.2846861115733283,
        "max_consecutive_pairs": 1,
        "max_main_match": 5,
        "odd_bonus": 0.17113313525640172,
        "overlap_limit": 5,
        "pair_recency_weight": 0.17906023533387794,
        "pair_stability_weight": 0.2090156138050142,
        "pair_weight": 0.11647461446181764,
        "pool_size": 15,
        "recent120_weight": 0.28613986632455474,
        "recent240_weight": 0.21918763940001282,
        "recent60_weight": 0.2493925700303907,
        "score": 45242.12927470843,
        "sum_bonus": 0.4275618785954647,
        "target_sum_max": 158,
        "target_sum_min": 82,
        "triple_weight": 0.0
      }
    },
    {
      "source_file": "loto7_best_model_shard01_of_08.json",
      "id": "g001_0105_1232",
      "score": 45225.01094039106,
      "generation": 1,
      "genome": {
        "best_rank_count": 3,
        "consecutive_penalty": 0.1865843452405614,
        "dormancy_weight": 0.0,
        "full_weight": 0.286877263809148,
        "generation": 1,
        "id": "g001_0105_1232",
        "low_high_bonus": 0.12923135036666072,
        "max_consecutive_pairs": 3,
        "max_main_match": 5,
        "odd_bonus": 0.23333820004628397,
        "overlap_limit": 4,
        "pair_recency_weight": 0.07191740271341554,
        "pair_stability_weight": 0.06878636233119377,
        "pair_weight": 0.04267062577979644,
        "pool_size": 17,
        "recent120_weight": 0.28179138762897943,
        "recent240_weight": 0.35773388922208454,
        "recent60_weight": 0.0735974593397879,
        "score": 45225.01094039106,
        "sum_bonus": 0.3651726673723839,
        "target_sum_max": 177,
        "target_sum_min": 98,
        "triple_weight": 0.0
      }
    },
    {
      "source_file": "loto7_best_model_shard03_of_08.json",
      "id": "g008_0059_3191",
      "score": 45032.30089750672,
      "generation": 8,
      "genome": {
        "best_rank_count": 3,
        "consecutive_penalty": 0.35403154524652214,
        "dormancy_weight": 0.010634122171615171,
        "full_weight": 0.3396251461924797,
        "generation": 8,
        "id": "g008_0059_3191",
        "low_high_bonus": 0.21231242799915556,
        "max_consecutive_pairs": 2,
        "max_main_match": 5,
        "odd_bonus": 0.01978354204423964,
        "overlap_limit": 5,
        "pair_recency_weight": 0.1714036046381291,
        "pair_stability_weight": 0.09053924238269706,
        "pair_weight": 0.008208637979769274,
        "pool_size": 13,
        "recent120_weight": 0.00914967305947984,
        "recent240_weight": 0.26829878791578393,
        "recent60_weight": 0.3829263928322566,
        "score": 45032.30089750672,
        "sum_bonus": 0.18494821432450365,
        "target_sum_max": 172,
        "target_sum_min": 76,
        "triple_weight": 0.11055875335543304
      }
    },
    {
      "source_file": "loto7_best_model_shard07_of_08.json",
      "id": "g003_0111_8812",
      "score": 39898.63235642254,
      "generation": 3,
      "genome": {
        "best_rank_count": 2,
        "consecutive_penalty": 0.43608814970214327,