numbers,structural_score,meta_ensemble_score,roi_score,final_score,sum,odd,low,consecutive,range,freq_full,freq_240,freq_120,freq_60,pair_score,bayes_score,zone_1_9,zone_10_18,zone_19_27,zone_28_37,mc_expected_payout,mc_expected_roi,mc_prob_1等,mc_prob_2等,mc_prob_3等,mc_prob_4等,mc_prob_5等,mc_prob_6等,mc_prob_外れ,ensemble_weight_structural
08 09 12 15 18 22 34,101.10670595,101.10670595,19993.1,20195.3134119,118.0,2.0,5.0,1.0,26.0,163.93558173,111.6772634,81.77978141,52.56811976,90.23718278,1.52001794,2.0,3.0,1.0,1.0,600093.0,1999.31,0.001,0.0,0.0,0.002,0.025,0.023,0.949,1.0
09 12 13 18 22 29 36,107.72429032,107.72429032,225.60333333,441.05191397,139.0,3.0,4.0,1.0,27.0,162.82215905,111.38518866,81.6608311,54.04245948,86.14101809,1.51586857,1.0,3.0,1.0,2.0,7068.1,22.56033333,0.0,0.001,0.0,0.001,0.017,0.025,0.956,1.0
07 08 09 14 22 29 34,106.65558683,106.65558683,225.79333333,439.104507,123.0,3.0,4.0,2.0,27.0,160.58668945,109.06198212,79.74522252,51.96020589,89.53644318,1.51586857,3.0,1.0,1.0,2.0,7073.8,22.57933333,0.0,0.001,0.0,0.0,0.021,0.036,0.942,1.0
01 06 07 09 12 20 35,101.39898071,101.39898071,225.61,428.40796142,90.0,4.0,5.0,1.0,34.0,155.88258512,108.66822032,81.38998254,54.3938576,84.1243847,1.39553662,4.0,1.0,1.0,1.0,7068.3,22.561,0.0,0.001,0.0,0.001,0.016,0.027,0.955,1.0
01 05 07 20 22 35 36,99.79597776,99.79597776,225.08,424.67195552,126.0,4.0,3.0,1.0,35.0,149.48033789,102.93437618,76.76202834,52.55117169,71.80737571,1.38723786,3.0,0.0,2.0,2.0,7052.4,22.508,0.0,0.001,0.0,0.0,0.013,0.029,0.957,1.0
