numbers,structural_score,meta_ensemble_score,roi_score,final_score,sum,odd,low,consecutive,range,freq_full,freq_240,freq_120,freq_60,pair_score,bayes_score,zone_1_9,zone_10_18,zone_19_27,zone_28_37,mc_expected_payout,mc_expected_roi,mc_prob_1等,mc_prob_2等,mc_prob_3等,mc_prob_4等,mc_prob_5等,mc_prob_6等,mc_prob_外れ,ensemble_weight_structural
08 09 12 14 15 22 29,105.2415313,105.2415313,225.83333333,436.31639593,109.0,3.0,5.0,2.0,21.0,162.98143126,111.56623577,82.45292356,54.31099365,87.97642849,1.51586857,2.0,3.0,1.0,1.0,7075.0,22.58333333,0.0,0.001,0.0,0.0,0.025,0.03,0.944,1.0
12 15 17 22 27 29 33,97.07781162,97.07781162,225.87333333,420.02895658,155.0,5.0,3.0,0.0,21.0,154.27978205,104.86003129,76.79446416,51.35931053,72.09764856,1.43703039,0.0,3.0,2.0,2.0,7076.2,22.58733333,0.0,0.001,0.0,0.0,0.024,0.033,0.942,1.0
04 12 16 17 26 29 32,90.40298703,90.40298703,225.77,406.57597405,136.0,2.0,4.0,1.0,28.0,145.50658723,96.56931919,69.37551424,44.77589717,71.23993532,1.37064035,1.0,3.0,1.0,2.0,7073.1,22.577,0.0,0.001,0.0,0.003,0.007,0.023,0.966,1.0
01 03 05 10 14 36 37,83.6775721,83.6775721,225.81666667,393.17181087,106.0,4.0,5.0,1.0,36.0,133.41291087,88.65152434,64.19965982,41.88100967,53.48754765,1.28350342,3.0,2.0,0.0,2.0,7074.5,22.58166667,0.0,0.001,0.0,0.001,0.02,0.026,0.952,1.0
09 12 13 22 26 29 36,107.01594469,107.01594469,16.82333333,230.85522271,147.0,3.0,3.0,1.0,27.0,160.90778469,110.04086395,81.08748852,54.05597664,86.2854382,1.50342043,1.0,2.0,2.0,2.0,804.7,1.68233333,0.0,0.0,0.001,0.003,0.019,0.033,0.944,1.0
