{
  "generated_at": "2026-07-05T04:58:00.096398+00:00",
  "champions": [
    {
      "source_file": "loto7_best_model.json",
      "id": "g048_0048_8272",
      "score": 58590.51,
      "generation": 48,
      "genome": {
        "best_rank_count": 12,
        "consecutive_penalty": 0.3623574832250292,
        "dormancy_weight": 0.012917181473117875,
        "full_weight": 0.49195168760124847,
        "generation": 48,
        "id": "g048_0048_8272",
        "low_high_bonus": 0.12148584570315821,
        "max_consecutive_pairs": 2,
        "max_main_match": 6,
        "odd_bonus": 0.5183284059616986,
        "overlap_limit": 6,
        "pair_recency_weight": 0.12270295129554955,
        "pair_stability_weight": 0.15898518288574848,
        "pair_weight": 0.11909966623908186,
        "pool_size": 15,
        "recent120_weight": 0.16621995522504893,
        "recent240_weight": 0.13532064094378332,
        "recent60_weight": 0.20650771622991929,
        "score": 58590.51,
        "sum_bonus": 0.6121964505564605,
        "target_sum_max": 140,
        "target_sum_min": 108,
        "triple_weight": 0.018700599039030055
      }
    }
  ],
  "tournament": {
    "candidate_count": 1987,
    "selected": [
      {
        "numbers": "01 06 07 08 17 20 34",
        "structural_score": 95.93950873,
        "meta_ensemble_score": 95.93950873,
        "roi_score": 19992.41,
        "final_score": 20184.28901746,
        "sum": 93.0,
        "odd": 3.0,
        "low": 5.0,
        "consecutive": 2.0,
        "range": 33.0,
        "freq_full": 149.1979075,
        "freq_240": 101.62281945,
        "freq_120": 74.55503061,
        "freq_60": 49.52807873,
        "pair_score": 77.03894389,
        "bayes_score": 1.38723786,
        "zone_1_9": 4.0,
        "zone_10_18": 1.0,
        "zone_19_27": 1.0,
        "zone_28_37": 1.0,
        "mc_expected_payout": 600072.3,
        "mc_expected_roi": 1999.241,
        "mc_prob_1等": 0.001,
        "mc_prob_2等": 0.0,
        "mc_prob_3等": 0.0,
        "mc_prob_4等": 0.001,
        "mc_prob_5等": 0.016,
        "mc_prob_6等": 0.031,
        "mc_prob_外れ": 0.951,
        "ensemble_weight_structural": 1.0
      },
      {
        "numbers": "07 08 09 12 22 33 36",
        "structural_score": 109.6219333,
        "meta_ensemble_score": 109.6219333,
        "roi_score": 225.53333333,
        "final_score": 444.77719994,
        "sum": 127.0,
        "odd": 3.0,
        "low": 4.0,
        "consecutive": 2.0,
        "range": 29.0,
        "freq_full": 162.21509742,
        "freq_240": 113.53369959,
        "freq_120": 85.5273093,
        "freq_60": 58.18858298,
        "pair_score": 85.97109108,
        "bayes_score": 1.49512168,
        "zone_1_9": 3.0,
        "zone_10_18": 1.0,
        "zone_19_27": 1.0,
        "zone_28_37": 2.0,
        "mc_expected_payout": 7066.0,
        "mc_expected_roi": 22.55333333,
        "mc_prob_1等": 0.0,
        "mc_prob_2等": 0.001,
        "mc_prob_3等": 0.0,
        "mc_prob_4等": 0.0,
        "mc_prob_5等": 0.02,
        "mc_prob_6等": 0.03,
        "mc_prob_外れ": 0.949,
        "ensemble_weight_structural": 1.0
      },
      {
        "numbers": "12 13 18 22 26 33 35",
        "structural_score": 104.39533798,
        "meta_ensemble_score": 104.39533798,
        "roi_score": 225.86,
        "final_score": 434.65067595,
        "sum": 159.0,
        "odd": 3.0,
        "low": 3.0,
        "consecutive": 1.0,
        "range": 23.0,
        "freq_full": 156.42518108,
        "freq_240": 107.09467771,
        "freq_120": 78.94347113,
        "freq_60": 53.71022057,
        "pair_score": 86.69290689,
        "bayes_score": 1.43703039,
        "zone_1_9": 0.0,
        "zone_10_18": 3.0,
        "zone_19_27": 2.0,
        "zone_28_37": 2.0,
        "mc_expected_payout": 7075.8,
        "mc_expected_roi": 22.586,
        "mc_prob_1等": 0.0,
        "mc_prob_2等": 0.001,
        "mc_prob_3等": 0.0,
        "mc_prob_4等": 0.002,
        "mc_prob_5等": 0.016,
        "mc_prob_6等": 0.022,
        "mc_prob_外れ": 0.959,
        "ensemble_weight_structural": 1.0
      },
      {
        "numbers": "01 06 07 08 19 26 33",
        "structural_score": 98.81499201,
        "meta_ensemble_score": 98.81499201,
        "roi_score": 225.43,
        "final_score": 423.05998401,
        "sum": 100.0,
        "odd": 4.0,
        "low": 4.0,
        "consecutive": 2.0,
        "range": 32.0,
        "freq_full": 146.96212009,
        "freq_240": 100.71309501,
        "freq_120": 75.07825454,
        "freq_60": 51.34427289,
        "pair_score": 75.16264949,
        "bayes_score": 1.37893911,
        "zone_1_9": 4.0,
        "zone_10_18": 0.0,
        "zone_19_27": 2.0,
        "zone_28_37": 1.0,
        "mc_expected_payout": 7062.9,
        "mc_expected_roi": 22.543,
        "mc_prob_1等": 0.0,
        "mc_prob_2等": 0.001,
        "mc_prob_3等": 0.0,
        "mc_prob_4等": 0.001,
        "mc_prob_5等": 0.013,
        "mc_prob_6等": 0.027,
        "mc_prob_外れ": 0.958,
        "ensemble_weight_structural": 1.0
      },
      {
        "numbers": "01 06 07 09 14 20 29",
        "structural_score": 97.5224354,
        "meta_ensemble_score": 97.5224354,
        "roi_score": 225.42333333,
        "final_score": 420.46820413,
        "sum": 86.0,
        "odd": 4.0,
        "low": 5.0,
        "consecutive": 1.0,
        "range": 28.0,
        "freq_full": 152.11644104,
        "freq_240": 104.05902967,
        "freq_120": 76.67407726,
        "freq_60": 50.51941585,
        "pair_score": 77.01296363,
        "bayes_score": 1.39968599,
        "zone_1_9": 4.0,
        "zone_10_18": 1.0,
        "zone_19_27": 1.0,
        "zone_28_37": 1.0,
        "mc_expected_payout": 7062.7,
        "mc_expected_roi": 22.54233333,
        "mc_prob_1等": 0.0,
        "mc_prob_2等": 0.001,
        "mc_prob_3等": 0.0,
        "mc_prob_4等": 0.001,
        "mc_prob_5等": 0.014,
        "mc_prob_6等": 0.025,
        "mc_prob_外れ": 0.959,
        "ensemble_weight_structural": 1.0
      }
    ],
    "best": {
      "numbers": "01 06 07 08 17 20 34",
      "structural_score": 95.93950873,
      "meta_ensemble_score": 95.93950873,
      "roi_score": 19992.41,
      "final_score": 20184.28901746,
      "sum": 93.0,
      "odd": 3.0,
      "low": 5.0,
      "consecutive": 2.0,
      "range": 33.0,
      "freq_full": 149.1979075,
      "freq_240": 101.62281945,
      "freq_120": 74.55503061,
      "freq_60": 49.52807873,
      "pair_score": 77.03894389,
      "bayes_score": 1.38723786,
      "zone_1_9": 4.0,
      "zone_10_18": 1.0,
      "zone_19_27": 1.0,
      "zone_28_37": 1.0,
      "mc_expected_payout": 600072.3,
      "mc_expected_roi": 1999.241,
      "mc_prob_1等": 0.001,
      "mc_prob_2等": 0.0,
      "mc_prob_3等": 0.0,
      "mc_prob_4等": 0.001,
      "mc_prob_5等": 0.016,
      "mc_prob_6等": 0.031,
      "mc_prob_外れ": 0.951,
      "ensemble_weight_structural": 1.0
    }
  },
  "roi_backtest": {
    "window": 100,
    "tickets_per_draw": 5,
    "total_cost": 150000,
    "total_payout": 72000,
    "roi": -0.52,
    "max_match": 5,
    "rank_counts": {
      "1等": 0,
      "2等": 0,
      "3等": 0,
      "4等": 2,
      "5等": 20,
      "6等": 11,
      "外れ": 467
    }
  },
  "self_evolution_plan": {
    "next_mode": "balanced",
    "best_score": 58590.51,
    "roi": -0.52,
    "recommendation": {
      "population_multiplier": 1.0,
      "mutation_bias": "balanced",
      "target_stride": 2
    }
  }
}