{
  "generated_at": "2026-07-07T04:55:33.955628+00:00",
  "champions": [
    {
      "source_file": "loto7_best_model.json",
      "id": "g048_0048_8272",
      "score": 58590.51,
      "generation": 48,
      "genome": {
        "best_rank_count": 12,
        "consecutive_penalty": 0.3623574832250292,
        "dormancy_weight": 0.012917181473117875,
        "full_weight": 0.49195168760124847,
        "generation": 48,
        "id": "g048_0048_8272",
        "low_high_bonus": 0.12148584570315821,
        "max_consecutive_pairs": 2,
        "max_main_match": 6,
        "odd_bonus": 0.5183284059616986,
        "overlap_limit": 6,
        "pair_recency_weight": 0.12270295129554955,
        "pair_stability_weight": 0.15898518288574848,
        "pair_weight": 0.11909966623908186,
        "pool_size": 15,
        "recent120_weight": 0.16621995522504893,
        "recent240_weight": 0.13532064094378332,
        "recent60_weight": 0.20650771622991929,
        "score": 58590.51,
        "sum_bonus": 0.6121964505564605,
        "target_sum_max": 140,
        "target_sum_min": 108,
        "triple_weight": 0.018700599039030055
      }
    }
  ],
  "tournament": {
    "candidate_count": 1987,
    "selected": [
      {
        "numbers": "07 08 09 12 22 29 34",
        "structural_score": 110.53297123,
        "meta_ensemble_score": 110.53297123,
        "roi_score": 226.16666667,
        "final_score": 447.23260913,
        "sum": 121.0,
        "odd": 3.0,
        "low": 4.0,
        "consecutive": 2.0,
        "range": 27.0,
        "freq_full": 166.13262068,
        "freq_240": 114.32169432,
        "freq_120": 84.38451959,
        "freq_60": 54.6194357,
        "pair_score": 92.64361656,
        "bayes_score": 1.54076483,
        "zone_1_9": 3.0,
        "zone_10_18": 1.0,
        "zone_19_27": 1.0,
        "zone_28_37": 2.0,
        "mc_expected_payout": 7085.0,
        "mc_expected_roi": 22.61666667,
        "mc_prob_1等": 0.0,
        "mc_prob_2等": 0.001,
        "mc_prob_3等": 0.0,
        "mc_prob_4等": 0.002,
        "mc_prob_5等": 0.02,
        "mc_prob_6等": 0.024,
        "mc_prob_外れ": 0.953,
        "ensemble_weight_structural": 1.0
      },
      {
        "numbers": "01 06 07 08 19 26 33",
        "structural_score": 98.81499201,
        "meta_ensemble_score": 98.81499201,
        "roi_score": 225.43,
        "final_score": 423.05998401,
        "sum": 100.0,
        "odd": 4.0,
        "low": 4.0,
        "consecutive": 2.0,
        "range": 32.0,
        "freq_full": 146.96212009,
        "freq_240": 100.71309501,
        "freq_120": 75.07825454,
        "freq_60": 51.34427289,
        "pair_score": 75.16264949,
        "bayes_score": 1.37893911,
        "zone_1_9": 4.0,
        "zone_10_18": 0.0,
        "zone_19_27": 2.0,
        "zone_28_37": 1.0,
        "mc_expected_payout": 7062.9,
        "mc_expected_roi": 22.543,
        "mc_prob_1等": 0.0,
        "mc_prob_2等": 0.001,
        "mc_prob_3等": 0.0,
        "mc_prob_4等": 0.001,
        "mc_prob_5等": 0.013,
        "mc_prob_6等": 0.027,
        "mc_prob_外れ": 0.958,
        "ensemble_weight_structural": 1.0
      },
      {
        "numbers": "09 12 13 22 26 29 35",
        "structural_score": 107.24982454,
        "meta_ensemble_score": 107.24982454,
        "roi_score": 15.79666667,
        "final_score": 230.29631575,
        "sum": 146.0,
        "odd": 4.0,
        "low": 3.0,
        "consecutive": 1.0,
        "range": 26.0,
        "freq_full": 161.36854546,
        "freq_240": 110.45715975,
        "freq_120": 81.64001697,
        "freq_60": 54.69453584,
        "pair_score": 88.60960245,
        "bayes_score": 1.48267354,
        "zone_1_9": 1.0,
        "zone_10_18": 2.0,
        "zone_19_27": 2.0,
        "zone_28_37": 2.0,
        "mc_expected_payout": 773.9,
        "mc_expected_roi": 1.57966667,
        "mc_prob_1等": 0.0,
        "mc_prob_2等": 0.0,
        "mc_prob_3等": 0.001,
        "mc_prob_4等": 0.001,
        "mc_prob_5等": 0.013,
        "mc_prob_6等": 0.038,
        "mc_prob_外れ": 0.947,
        "ensemble_weight_structural": 1.0
      },
      {
        "numbers": "09 12 14 15 19 22 29",
        "structural_score": 106.77359719,
        "meta_ensemble_score": 106.77359719,
        "roi_score": 15.78,
        "final_score": 229.32719438,
        "sum": 120.0,
        "odd": 4.0,
        "low": 4.0,
        "consecutive": 1.0,
        "range": 20.0,
        "freq_full": 161.93007281,
        "freq_240": 110.64391349,
        "freq_120": 81.36614932,
        "freq_60": 53.95794946,
        "pair_score": 81.90079489,
        "bayes_score": 1.50756981,
        "zone_1_9": 1.0,
        "zone_10_18": 3.0,
        "zone_19_27": 2.0,
        "zone_28_37": 1.0,
        "mc_expected_payout": 773.4,
        "mc_expected_roi": 1.578,
        "mc_prob_1等": 0.0,
        "mc_prob_2等": 0.0,
        "mc_prob_3等": 0.001,
        "mc_prob_4等": 0.0,
        "mc_prob_5等": 0.023,
        "mc_prob_6等": 0.032,
        "mc_prob_外れ": 0.944,
        "ensemble_weight_structural": 1.0
      },
      {
        "numbers": "08 12 15 17 22 29 36",
        "structural_score": 105.74353442,
        "meta_ensemble_score": 105.74353442,
        "roi_score": 17.07,
        "final_score": 228.55706884,
        "sum": 139.0,
        "odd": 3.0,
        "low": 4.0,
        "consecutive": 0.0,
        "range": 28.0,
        "freq_full": 160.09448171,
        "freq_240": 109.63946528,
        "freq_120": 80.99523155,
        "freq_60": 54.59597057,
        "pair_score": 76.5020416,
        "bayes_score": 1.49927106,
        "zone_1_9": 1.0,
        "zone_10_18": 3.0,
        "zone_19_27": 1.0,
        "zone_28_37": 2.0,
        "mc_expected_payout": 812.1,
        "mc_expected_roi": 1.707,
        "mc_prob_1等": 0.0,
        "mc_prob_2等": 0.0,
        "mc_prob_3等": 0.001,
        "mc_prob_4等": 0.003,
        "mc_prob_5等": 0.022,
        "mc_prob_6等": 0.035,
        "mc_prob_外れ": 0.939,
        "ensemble_weight_structural": 1.0
      }
    ],
    "best": {
      "numbers": "07 08 09 12 22 29 34",
      "structural_score": 110.53297123,
      "meta_ensemble_score": 110.53297123,
      "roi_score": 226.16666667,
      "final_score": 447.23260913,
      "sum": 121.0,
      "odd": 3.0,
      "low": 4.0,
      "consecutive": 2.0,
      "range": 27.0,
      "freq_full": 166.13262068,
      "freq_240": 114.32169432,
      "freq_120": 84.38451959,
      "freq_60": 54.6194357,
      "pair_score": 92.64361656,
      "bayes_score": 1.54076483,
      "zone_1_9": 3.0,
      "zone_10_18": 1.0,
      "zone_19_27": 1.0,
      "zone_28_37": 2.0,
      "mc_expected_payout": 7085.0,
      "mc_expected_roi": 22.61666667,
      "mc_prob_1等": 0.0,
      "mc_prob_2等": 0.001,
      "mc_prob_3等": 0.0,
      "mc_prob_4等": 0.002,
      "mc_prob_5等": 0.02,
      "mc_prob_6等": 0.024,
      "mc_prob_外れ": 0.953,
      "ensemble_weight_structural": 1.0
    }
  },
  "roi_backtest": {
    "window": 100,
    "tickets_per_draw": 5,
    "total_cost": 150000,
    "total_payout": 43000,
    "roi": -0.7133333333333334,
    "max_match": 4,
    "rank_counts": {
      "1等": 0,
      "2等": 0,
      "3等": 0,
      "4等": 0,
      "5等": 15,
      "6等": 16,
      "外れ": 469
    }
  },
  "self_evolution_plan": {
    "next_mode": "balanced",
    "best_score": 58590.51,
    "roi": -0.7133333333333334,
    "recommendation": {
      "population_multiplier": 1.0,
      "mutation_bias": "balanced",
      "target_stride": 2
    }
  }
}