{
  "generated_at": "2026-07-03T19:05:49.708816+00:00",
  "champions": [
    {
      "source_file": "loto7_best_model.json",
      "id": "g334_0334_4175",
      "score": 54604.79,
      "generation": 334,
      "genome": {
        "best_rank_count": 10,
        "consecutive_penalty": 0.36340693708973615,
        "dormancy_weight": 0.006231663938147075,
        "full_weight": 0.38956082135534204,
        "generation": 334,
        "id": "g334_0334_4175",
        "low_high_bonus": 0.18493493738803055,
        "max_consecutive_pairs": 2,
        "max_main_match": 6,
        "odd_bonus": 0.464800194042273,
        "overlap_limit": 6,
        "pair_recency_weight": 0.06189303914664218,
        "pair_stability_weight": 0.16090925389629793,
        "pair_weight": 0.19147886453455457,
        "pool_size": 15,
        "recent120_weight": 0.3953404536495906,
        "recent240_weight": 0.20619752681758544,
        "recent60_weight": 0.008901198177481808,
        "score": 54604.79,
        "sum_bonus": 0.5552377748596912,
        "target_sum_max": 146,
        "target_sum_min": 100,
        "triple_weight": 0.0
      }
    }
  ],
  "tournament": {
    "candidate_count": 1997,
    "selected": [
      {
        "numbers": "07 08 12 15 22 29 33",
        "structural_score": 107.15777664,
        "meta_ensemble_score": 107.15777664,
        "roi_score": 225.57333333,
        "final_score": 439.88888661,
        "sum": 126.0,
        "odd": 4.0,
        "low": 4.0,
        "consecutive": 1.0,
        "range": 26.0,
        "freq_full": 160.50049336,
        "freq_240": 110.6549415,
        "freq_120": 82.13642082,
        "freq_60": 54.73805438,
        "pair_score": 82.86597106,
        "bayes_score": 1.50342043,
        "zone_1_9": 2.0,
        "zone_10_18": 2.0,
        "zone_19_27": 1.0,
        "zone_28_37": 2.0,
        "mc_expected_payout": 7067.2,
        "mc_expected_roi": 22.55733333,
        "mc_prob_1等": 0.0,
        "mc_prob_2等": 0.001,
        "mc_prob_3等": 0.0,
        "mc_prob_4等": 0.0,
        "mc_prob_5等": 0.019,
        "mc_prob_6等": 0.033,
        "mc_prob_外れ": 0.947,
        "ensemble_weight_structural": 1.0
      },
      {
        "numbers": "01 06 07 08 29 33 34",
        "structural_score": 99.43256242,
        "meta_ensemble_score": 99.43256242,
        "roi_score": 224.94,
        "final_score": 423.80512483,
        "sum": 118.0,
        "odd": 4.0,
        "low": 4.0,
        "consecutive": 3.0,
        "range": 33.0,
        "freq_full": 152.24151181,
        "freq_240": 103.9233452,
        "freq_120": 76.29329411,
        "freq_60": 49.77135137,
        "pair_score": 79.98718539,
        "bayes_score": 1.4162835,
        "zone_1_9": 4.0,
        "zone_10_18": 0.0,
        "zone_19_27": 0.0,
        "zone_28_37": 3.0,
        "mc_expected_payout": 7048.2,
        "mc_expected_roi": 22.494,
        "mc_prob_1等": 0.0,
        "mc_prob_2等": 0.001,
        "mc_prob_3等": 0.0,
        "mc_prob_4等": 0.0,
        "mc_prob_5等": 0.014,
        "mc_prob_6等": 0.023,
        "mc_prob_外れ": 0.962,
        "ensemble_weight_structural": 1.0
      },
      {
        "numbers": "01 07 09 12 22 29 36",
        "structural_score": 110.40003315,
        "meta_ensemble_score": 110.40003315,
        "roi_score": 16.51666667,
        "final_score": 237.31673296,
        "sum": 116.0,
        "odd": 4.0,
        "low": 4.0,
        "consecutive": 0.0,
        "range": 35.0,
        "freq_full": 164.18533567,
        "freq_240": 114.07961325,
        "freq_120": 85.19134394,
        "freq_60": 56.34531471,
        "pair_score": 93.01528915,
        "bayes_score": 1.50756981,
        "zone_1_9": 3.0,
        "zone_10_18": 1.0,
        "zone_19_27": 1.0,
        "zone_28_37": 2.0,
        "mc_expected_payout": 795.5,
        "mc_expected_roi": 1.65166667,
        "mc_prob_1等": 0.0,
        "mc_prob_2等": 0.0,
        "mc_prob_3等": 0.001,
        "mc_prob_4等": 0.003,
        "mc_prob_5等": 0.02,
        "mc_prob_6等": 0.022,
        "mc_prob_外れ": 0.954,
        "ensemble_weight_structural": 1.0
      },
      {
        "numbers": "07 09 12 18 22 31 34",
        "structural_score": 108.70942163,
        "meta_ensemble_score": 108.70942163,
        "roi_score": 17.00333333,
        "final_score": 234.42217659,
        "sum": 133.0,
        "odd": 3.0,
        "low": 4.0,
        "consecutive": 0.0,
        "range": 27.0,
        "freq_full": 163.58875698,
        "freq_240": 112.38212576,
        "freq_120": 83.10299062,
        "freq_60": 54.01707384,
        "pair_score": 91.38599255,
        "bayes_score": 1.50342043,
        "zone_1_9": 2.0,
        "zone_10_18": 2.0,
        "zone_19_27": 1.0,
        "zone_28_37": 2.0,
        "mc_expected_payout": 810.1,
        "mc_expected_roi": 1.70033333,
        "mc_prob_1等": 0.0,
        "mc_prob_2等": 0.0,
        "mc_prob_3等": 0.001,
        "mc_prob_4等": 0.003,
        "mc_prob_5等": 0.022,
        "mc_prob_6等": 0.033,
        "mc_prob_外れ": 0.941,
        "ensemble_weight_structural": 1.0
      },
      {
        "numbers": "08 09 12 13 22 29 34",
        "structural_score": 108.91458786,
        "meta_ensemble_score": 108.91458786,
        "roi_score": 16.49,
        "final_score": 234.31917573,
        "sum": 127.0,
        "odd": 3.0,
        "low": 4.0,
        "consecutive": 2.0,
        "range": 26.0,
        "freq_full": 165.03876298,
        "freq_240": 112.96407974,
        "freq_120": 83.23828241,
        "freq_60": 54.35622652,
        "pair_score": 86.19525419,
        "bayes_score": 1.53246608,
        "zone_1_9": 2.0,
        "zone_10_18": 2.0,
        "zone_19_27": 1.0,
        "zone_28_37": 2.0,
        "mc_expected_payout": 794.7,
        "mc_expected_roi": 1.649,
        "mc_prob_1等": 0.0,
        "mc_prob_2等": 0.0,
        "mc_prob_3等": 0.001,
        "mc_prob_4等": 0.001,
        "mc_prob_5等": 0.024,
        "mc_prob_6等": 0.039,
        "mc_prob_外れ": 0.935,
        "ensemble_weight_structural": 1.0
      }
    ],
    "best": {
      "numbers": "07 08 12 15 22 29 33",
      "structural_score": 107.15777664,
      "meta_ensemble_score": 107.15777664,
      "roi_score": 225.57333333,
      "final_score": 439.88888661,
      "sum": 126.0,
      "odd": 4.0,
      "low": 4.0,
      "consecutive": 1.0,
      "range": 26.0,
      "freq_full": 160.50049336,
      "freq_240": 110.6549415,
      "freq_120": 82.13642082,
      "freq_60": 54.73805438,
      "pair_score": 82.86597106,
      "bayes_score": 1.50342043,
      "zone_1_9": 2.0,
      "zone_10_18": 2.0,
      "zone_19_27": 1.0,
      "zone_28_37": 2.0,
      "mc_expected_payout": 7067.2,
      "mc_expected_roi": 22.55733333,
      "mc_prob_1等": 0.0,
      "mc_prob_2等": 0.001,
      "mc_prob_3等": 0.0,
      "mc_prob_4等": 0.0,
      "mc_prob_5等": 0.019,
      "mc_prob_6等": 0.033,
      "mc_prob_外れ": 0.947,
      "ensemble_weight_structural": 1.0
    }
  },
  "roi_backtest": {
    "window": 100,
    "tickets_per_draw": 5,
    "total_cost": 150000,
    "total_payout": 73500,
    "roi": -0.51,
    "max_match": 5,
    "rank_counts": {
      "1等": 0,
      "2等": 0,
      "3等": 0,
      "4等": 3,
      "5等": 10,
      "6等": 18,
      "外れ": 469
    }
  },
  "self_evolution_plan": {
    "next_mode": "balanced",
    "best_score": 54604.79,
    "roi": -0.51,
    "recommendation": {
      "population_multiplier": 1.0,
      "mutation_bias": "balanced",
      "target_stride": 2
    }
  }
}