{
  "generated_at": "2026-07-01T13:28:42.696254+00:00",
  "champions": [
    {
      "source_file": "loto7_best_model.json",
      "id": "g334_0334_4175",
      "score": 54604.79,
      "generation": 334,
      "genome": {
        "best_rank_count": 10,
        "consecutive_penalty": 0.36340693708973615,
        "dormancy_weight": 0.006231663938147075,
        "full_weight": 0.38956082135534204,
        "generation": 334,
        "id": "g334_0334_4175",
        "low_high_bonus": 0.18493493738803055,
        "max_consecutive_pairs": 2,
        "max_main_match": 6,
        "odd_bonus": 0.464800194042273,
        "overlap_limit": 6,
        "pair_recency_weight": 0.06189303914664218,
        "pair_stability_weight": 0.16090925389629793,
        "pair_weight": 0.19147886453455457,
        "pool_size": 15,
        "recent120_weight": 0.3953404536495906,
        "recent240_weight": 0.20619752681758544,
        "recent60_weight": 0.008901198177481808,
        "score": 54604.79,
        "sum_bonus": 0.5552377748596912,
        "target_sum_max": 146,
        "target_sum_min": 100,
        "triple_weight": 0.0
      }
    }
  ],
  "tournament": {
    "candidate_count": 1997,
    "selected": [
      {
        "numbers": "09 12 13 14 15 22 29",
        "structural_score": 103.38963191,
        "meta_ensemble_score": 103.38963191,
        "roi_score": 19992.53,
        "final_score": 20199.30926383,
        "sum": 114.0,
        "odd": 4.0,
        "low": 5.0,
        "consecutive": 3.0,
        "range": 20.0,
        "freq_full": 162.48671064,
        "freq_240": 110.97412823,
        "freq_120": 81.83791127,
        "freq_60": 54.58002829,
        "pair_score": 87.11037556,
        "bayes_score": 1.51586857,
        "zone_1_9": 1.0,
        "zone_10_18": 4.0,
        "zone_19_27": 1.0,
        "zone_28_37": 1.0,
        "mc_expected_payout": 600075.9,
        "mc_expected_roi": 1999.253,
        "mc_prob_1等": 0.001,
        "mc_prob_2等": 0.0,
        "mc_prob_3等": 0.0,
        "mc_prob_4等": 0.001,
        "mc_prob_5等": 0.018,
        "mc_prob_6等": 0.031,
        "mc_prob_外れ": 0.949,
        "ensemble_weight_structural": 1.0
      },
      {
        "numbers": "08 09 13 18 22 29 34",
        "structural_score": 105.89069294,
        "meta_ensemble_score": 105.89069294,
        "roi_score": 228.20666667,
        "final_score": 439.98805255,
        "sum": 133.0,
        "odd": 3.0,
        "low": 4.0,
        "consecutive": 1.0,
        "range": 26.0,
        "freq_full": 161.15871484,
        "freq_240": 108.71372781,
        "freq_120": 79.09722608,
        "freq_60": 51.5189114,
        "pair_score": 85.28177768,
        "bayes_score": 1.52001794,
        "zone_1_9": 2.0,
        "zone_10_18": 2.0,
        "zone_19_27": 1.0,
        "zone_28_37": 2.0,
        "mc_expected_payout": 7146.2,
        "mc_expected_roi": 22.82066667,
        "mc_prob_1等": 0.0,
        "mc_prob_2等": 0.001,
        "mc_prob_3等": 0.0,
        "mc_prob_4等": 0.006,
        "mc_prob_5等": 0.024,
        "mc_prob_6等": 0.028,
        "mc_prob_外れ": 0.941,
        "ensemble_weight_structural": 1.0
      },
      {
        "numbers": "01 07 08 12 15 22 29",
        "structural_score": 104.07460505,
        "meta_ensemble_score": 104.07460505,
        "roi_score": 225.68666667,
        "final_score": 433.83587677,
        "sum": 94.0,
        "odd": 4.0,
        "low": 5.0,
        "consecutive": 1.0,
        "range": 28.0,
        "freq_full": 160.96595071,
        "freq_240": 110.6280705,
        "freq_120": 82.03984952,
        "freq_60": 53.82250797,
        "pair_score": 83.2643937,
        "bayes_score": 1.50756981,
        "zone_1_9": 3.0,
        "zone_10_18": 2.0,
        "zone_19_27": 1.0,
        "zone_28_37": 1.0,
        "mc_expected_payout": 7070.6,
        "mc_expected_roi": 22.56866667,
        "mc_prob_1等": 0.0,
        "mc_prob_2等": 0.001,
        "mc_prob_3等": 0.0,
        "mc_prob_4等": 0.0,
        "mc_prob_5等": 0.022,
        "mc_prob_6等": 0.031,
        "mc_prob_外れ": 0.946,
        "ensemble_weight_structural": 1.0
      },
      {
        "numbers": "01 06 07 08 29 33 34",
        "structural_score": 99.43256242,
        "meta_ensemble_score": 99.43256242,
        "roi_score": 224.94,
        "final_score": 423.80512483,
        "sum": 118.0,
        "odd": 4.0,
        "low": 4.0,
        "consecutive": 3.0,
        "range": 33.0,
        "freq_full": 152.24151181,
        "freq_240": 103.9233452,
        "freq_120": 76.29329411,
        "freq_60": 49.77135137,
        "pair_score": 79.98718539,
        "bayes_score": 1.4162835,
        "zone_1_9": 4.0,
        "zone_10_18": 0.0,
        "zone_19_27": 0.0,
        "zone_28_37": 3.0,
        "mc_expected_payout": 7048.2,
        "mc_expected_roi": 22.494,
        "mc_prob_1等": 0.0,
        "mc_prob_2等": 0.001,
        "mc_prob_3等": 0.0,
        "mc_prob_4等": 0.0,
        "mc_prob_5等": 0.014,
        "mc_prob_6等": 0.023,
        "mc_prob_外れ": 0.962,
        "ensemble_weight_structural": 1.0
      },
      {
        "numbers": "07 09 12 22 29 34 36",
        "structural_score": 110.66643914,
        "meta_ensemble_score": 110.66643914,
        "roi_score": 16.53666667,
        "final_score": 237.86954495,
        "sum": 149.0,
        "odd": 3.0,
        "low": 3.0,
        "consecutive": 0.0,
        "range": 29.0,
        "freq_full": 165.98901023,
        "freq_240": 114.49825202,
        "freq_120": 84.53906839,
        "freq_60": 54.8771618,
        "pair_score": 94.01962634,
        "bayes_score": 1.53246608,
        "zone_1_9": 2.0,
        "zone_10_18": 1.0,
        "zone_19_27": 1.0,
        "zone_28_37": 3.0,
        "mc_expected_payout": 796.1,
        "mc_expected_roi": 1.65366667,
        "mc_prob_1等": 0.0,
        "mc_prob_2等": 0.0,
        "mc_prob_3等": 0.001,
        "mc_prob_4等": 0.001,
        "mc_prob_5等": 0.027,
        "mc_prob_6等": 0.035,
        "mc_prob_外れ": 0.936,
        "ensemble_weight_structural": 1.0
      }
    ],
    "best": {
      "numbers": "09 12 13 14 15 22 29",
      "structural_score": 103.38963191,
      "meta_ensemble_score": 103.38963191,
      "roi_score": 19992.53,
      "final_score": 20199.30926383,
      "sum": 114.0,
      "odd": 4.0,
      "low": 5.0,
      "consecutive": 3.0,
      "range": 20.0,
      "freq_full": 162.48671064,
      "freq_240": 110.97412823,
      "freq_120": 81.83791127,
      "freq_60": 54.58002829,
      "pair_score": 87.11037556,
      "bayes_score": 1.51586857,
      "zone_1_9": 1.0,
      "zone_10_18": 4.0,
      "zone_19_27": 1.0,
      "zone_28_37": 1.0,
      "mc_expected_payout": 600075.9,
      "mc_expected_roi": 1999.253,
      "mc_prob_1等": 0.001,
      "mc_prob_2等": 0.0,
      "mc_prob_3等": 0.0,
      "mc_prob_4等": 0.001,
      "mc_prob_5等": 0.018,
      "mc_prob_6等": 0.031,
      "mc_prob_外れ": 0.949,
      "ensemble_weight_structural": 1.0
    }
  },
  "roi_backtest": {
    "window": 100,
    "tickets_per_draw": 5,
    "total_cost": 150000,
    "total_payout": 72000,
    "roi": -0.52,
    "max_match": 5,
    "rank_counts": {
      "1等": 0,
      "2等": 0,
      "3等": 0,
      "4等": 2,
      "5等": 15,
      "6等": 20,
      "外れ": 463
    }
  },
  "self_evolution_plan": {
    "next_mode": "balanced",
    "best_score": 54604.79,
    "roi": -0.52,
    "recommendation": {
      "population_multiplier": 1.0,
      "mutation_bias": "balanced",
      "target_stride": 2
    }
  }
}