numbers,structural_score,meta_ensemble_score,roi_score,final_score,sum,odd,low,consecutive,range,freq_full,freq_240,freq_120,freq_60,pair_score,bayes_score,zone_1_9,zone_10_18,zone_19_27,zone_28_37,mc_expected_payout,mc_expected_roi,mc_prob_1等,mc_prob_2等,mc_prob_3等,mc_prob_4等,mc_prob_5等,mc_prob_6等,mc_prob_外れ,ensemble_weight_structural
09 12 13 14 15 22 29,103.38963191,103.38963191,19992.53,20199.30926383,114.0,4.0,5.0,3.0,20.0,162.48671064,110.97412823,81.83791127,54.58002829,87.11037556,1.51586857,1.0,4.0,1.0,1.0,600075.9,1999.253,0.001,0.0,0.0,0.001,0.018,0.031,0.949,1.0
08 09 13 18 22 29 34,105.89069294,105.89069294,228.20666667,439.98805255,133.0,3.0,4.0,1.0,26.0,161.15871484,108.71372781,79.09722608,51.5189114,85.28177768,1.52001794,2.0,2.0,1.0,2.0,7146.2,22.82066667,0.0,0.001,0.0,0.006,0.024,0.028,0.941,1.0
01 07 08 12 15 22 29,104.07460505,104.07460505,225.68666667,433.83587677,94.0,4.0,5.0,1.0,28.0,160.96595071,110.6280705,82.03984952,53.82250797,83.2643937,1.50756981,3.0,2.0,1.0,1.0,7070.6,22.56866667,0.0,0.001,0.0,0.0,0.022,0.031,0.946,1.0
01 06 07 08 29 33 34,99.43256242,99.43256242,224.94,423.80512483,118.0,4.0,4.0,3.0,33.0,152.24151181,103.9233452,76.29329411,49.77135137,79.98718539,1.4162835,4.0,0.0,0.0,3.0,7048.2,22.494,0.0,0.001,0.0,0.0,0.014,0.023,0.962,1.0
07 09 12 22 29 34 36,110.66643914,110.66643914,16.53666667,237.86954495,149.0,3.0,3.0,0.0,29.0,165.98901023,114.49825202,84.53906839,54.8771618,94.01962634,1.53246608,2.0,1.0,1.0,3.0,796.1,1.65366667,0.0,0.0,0.001,0.001,0.027,0.035,0.936,1.0
