{
  "generated_at": "2026-06-28T11:25:10.436043+00:00",
  "champions": [
    {
      "source_file": "loto7_best_model.json",
      "id": "g097_0097_1844",
      "score": 0.0,
      "generation": 97,
      "genome": {
        "best_rank_count": 0,
        "consecutive_penalty": 0.1795610104986201,
        "dormancy_weight": 0.07425200919324469,
        "full_weight": 0.2802323680672007,
        "generation": 97,
        "id": "g097_0097_1844",
        "low_high_bonus": 0.302496328282947,
        "max_consecutive_pairs": 2,
        "max_main_match": 0,
        "odd_bonus": 0.3635733796357519,
        "overlap_limit": 4,
        "pair_recency_weight": 0.1903981867976266,
        "pair_stability_weight": 0.15539442380072657,
        "pair_weight": 0.09568923276715088,
        "pool_size": 16,
        "recent120_weight": 0.24225512587474127,
        "recent240_weight": 0.33841848320447765,
        "recent60_weight": 0.13909402285358013,
        "score": 0.0,
        "sum_bonus": 0.6347632152580138,
        "target_sum_max": 164,
        "target_sum_min": 108,
        "triple_weight": 0.000696478803470166
      }
    }
  ],
  "tournament": {
    "candidate_count": 1998,
    "selected": [
      {
        "numbers": "09 12 13 14 15 22 29",
        "structural_score": 103.38963191,
        "meta_ensemble_score": 103.38963191,
        "roi_score": 19992.53,
        "final_score": 20199.30926383,
        "sum": 114.0,
        "odd": 4.0,
        "low": 5.0,
        "consecutive": 3.0,
        "range": 20.0,
        "freq_full": 162.48671064,
        "freq_240": 110.97412823,
        "freq_120": 81.83791127,
        "freq_60": 54.58002829,
        "pair_score": 87.11037556,
        "bayes_score": 1.51586857,
        "zone_1_9": 1.0,
        "zone_10_18": 4.0,
        "zone_19_27": 1.0,
        "zone_28_37": 1.0,
        "mc_expected_payout": 600075.9,
        "mc_expected_roi": 1999.253,
        "mc_prob_1等": 0.001,
        "mc_prob_2等": 0.0,
        "mc_prob_3等": 0.0,
        "mc_prob_4等": 0.001,
        "mc_prob_5等": 0.018,
        "mc_prob_6等": 0.031,
        "mc_prob_外れ": 0.949,
        "ensemble_weight_structural": 1.0
      },
      {
        "numbers": "07 08 09 12 18 22 29",
        "structural_score": 108.66900774,
        "meta_ensemble_score": 108.66900774,
        "roi_score": 227.1,
        "final_score": 444.43801549,
        "sum": 105.0,
        "odd": 3.0,
        "low": 5.0,
        "consecutive": 2.0,
        "range": 22.0,
        "freq_full": 166.38764153,
        "freq_240": 115.09738286,
        "freq_120": 85.6942258,
        "freq_60": 56.63187418,
        "pair_score": 95.10351392,
        "bayes_score": 1.53661545,
        "zone_1_9": 3.0,
        "zone_10_18": 2.0,
        "zone_19_27": 1.0,
        "zone_28_37": 1.0,
        "mc_expected_payout": 7113.0,
        "mc_expected_roi": 22.71,
        "mc_prob_1等": 0.0,
        "mc_prob_2等": 0.001,
        "mc_prob_3等": 0.0,
        "mc_prob_4等": 0.002,
        "mc_prob_5等": 0.03,
        "mc_prob_6等": 0.034,
        "mc_prob_外れ": 0.933,
        "ensemble_weight_structural": 1.0
      },
      {
        "numbers": "01 06 07 08 19 28 33",
        "structural_score": 96.83796256,
        "meta_ensemble_score": 96.83796256,
        "roi_score": 225.36333333,
        "final_score": 419.03925845,
        "sum": 102.0,
        "odd": 4.0,
        "low": 4.0,
        "consecutive": 2.0,
        "range": 32.0,
        "freq_full": 144.52748505,
        "freq_240": 99.45578932,
        "freq_120": 73.85644914,
        "freq_60": 50.25492886,
        "pair_score": 70.50873279,
        "bayes_score": 1.34989346,
        "zone_1_9": 4.0,
        "zone_10_18": 0.0,
        "zone_19_27": 1.0,
        "zone_28_37": 2.0,
        "mc_expected_payout": 7060.9,
        "mc_expected_roi": 22.53633333,
        "mc_prob_1等": 0.0,
        "mc_prob_2等": 0.001,
        "mc_prob_3等": 0.0,
        "mc_prob_4等": 0.001,
        "mc_prob_5等": 0.013,
        "mc_prob_6等": 0.025,
        "mc_prob_外れ": 0.96,
        "ensemble_weight_structural": 1.0
      },
      {
        "numbers": "01 06 07 08 15 17 34",
        "structural_score": 96.24574692,
        "meta_ensemble_score": 96.24574692,
        "roi_score": 224.72666667,
        "final_score": 417.2181605,
        "sum": 88.0,
        "odd": 4.0,
        "low": 6.0,
        "consecutive": 2.0,
        "range": 33.0,
        "freq_full": 150.18073196,
        "freq_240": 101.58773105,
        "freq_120": 74.30398064,
        "freq_60": 49.31270274,
        "pair_score": 75.70506981,
        "bayes_score": 1.4162835,
        "zone_1_9": 4.0,
        "zone_10_18": 2.0,
        "zone_19_27": 0.0,
        "zone_28_37": 1.0,
        "mc_expected_payout": 7041.8,
        "mc_expected_roi": 22.47266667,
        "mc_prob_1等": 0.0,
        "mc_prob_2等": 0.001,
        "mc_prob_3等": 0.0,
        "mc_prob_4等": 0.0,
        "mc_prob_5等": 0.011,
        "mc_prob_6等": 0.022,
        "mc_prob_外れ": 0.966,
        "ensemble_weight_structural": 1.0
      },
      {
        "numbers": "17 25 26 28 29 30 36",
        "structural_score": 79.82441879,
        "meta_ensemble_score": 79.82441879,
        "roi_score": 225.79666667,
        "final_score": 385.44550425,
        "sum": 191.0,
        "odd": 3.0,
        "low": 1.0,
        "consecutive": 3.0,
        "range": 19.0,
        "freq_full": 136.86947082,
        "freq_240": 89.60674715,
        "freq_120": 63.20997801,
        "freq_60": 41.00401832,
        "pair_score": 63.6548087,
        "bayes_score": 1.35404284,
        "zone_1_9": 0.0,
        "zone_10_18": 1.0,
        "zone_19_27": 2.0,
        "zone_28_37": 4.0,
        "mc_expected_payout": 7073.9,
        "mc_expected_roi": 22.57966667,
        "mc_prob_1等": 0.0,
        "mc_prob_2等": 0.001,
        "mc_prob_3等": 0.0,
        "mc_prob_4等": 0.001,
        "mc_prob_5等": 0.018,
        "mc_prob_6等": 0.029,
        "mc_prob_外れ": 0.951,
        "ensemble_weight_structural": 1.0
      }
    ],
    "best": {
      "numbers": "09 12 13 14 15 22 29",
      "structural_score": 103.38963191,
      "meta_ensemble_score": 103.38963191,
      "roi_score": 19992.53,
      "final_score": 20199.30926383,
      "sum": 114.0,
      "odd": 4.0,
      "low": 5.0,
      "consecutive": 3.0,
      "range": 20.0,
      "freq_full": 162.48671064,
      "freq_240": 110.97412823,
      "freq_120": 81.83791127,
      "freq_60": 54.58002829,
      "pair_score": 87.11037556,
      "bayes_score": 1.51586857,
      "zone_1_9": 1.0,
      "zone_10_18": 4.0,
      "zone_19_27": 1.0,
      "zone_28_37": 1.0,
      "mc_expected_payout": 600075.9,
      "mc_expected_roi": 1999.253,
      "mc_prob_1等": 0.001,
      "mc_prob_2等": 0.0,
      "mc_prob_3等": 0.0,
      "mc_prob_4等": 0.001,
      "mc_prob_5等": 0.018,
      "mc_prob_6等": 0.031,
      "mc_prob_外れ": 0.949,
      "ensemble_weight_structural": 1.0
    }
  },
  "roi_backtest": {
    "window": 100,
    "tickets_per_draw": 5,
    "total_cost": 150000,
    "total_payout": 61600,
    "roi": -0.5893333333333334,
    "max_match": 5,
    "rank_counts": {
      "1等": 0,
      "2等": 0,
      "3等": 0,
      "4等": 2,
      "5等": 12,
      "6等": 15,
      "外れ": 471
    }
  },
  "self_evolution_plan": {
    "next_mode": "balanced",
    "best_score": 0.0,
    "roi": -0.5893333333333334,
    "recommendation": {
      "population_multiplier": 1.0,
      "mutation_bias": "balanced",
      "target_stride": 2
    }
  }
}