numbers,structural_score,meta_ensemble_score,roi_score,final_score,sum,odd,low,consecutive,range,freq_full,freq_240,freq_120,freq_60,pair_score,bayes_score,zone_1_9,zone_10_18,zone_19_27,zone_28_37,mc_expected_payout,mc_expected_roi,mc_prob_1等,mc_prob_2等,mc_prob_3等,mc_prob_4等,mc_prob_5等,mc_prob_6等,mc_prob_外れ,ensemble_weight_structural
09 12 15 22 29 34 36,107.3920588,107.3920588,225.64333333,440.42745094,157.0,3.0,3.0,0.0,27.0,163.45919718,111.3177719,81.22199499,52.14103063,86.90460073,1.52001794,1.0,2.0,1.0,3.0,7069.3,22.56433333,0.0,0.001,0.0,0.001,0.016,0.028,0.954,1.0
07 12 13 17 22 26 34,106.50942277,106.50942277,225.86666667,438.8855122,131.0,3.0,4.0,1.0,27.0,159.60909145,109.11322758,80.0915424,54.76542542,86.96415986,1.4909723,1.0,3.0,2.0,1.0,7076.0,22.58666667,0.0,0.001,0.0,0.0,0.025,0.031,0.943,1.0
08 12 13 22 29 33 34,105.34004128,105.34004128,225.82666667,436.50674922,151.0,3.0,3.0,2.0,26.0,160.12058164,109.38354585,80.01446869,52.67769628,79.60470694,1.49512168,1.0,2.0,1.0,3.0,7074.8,22.58266667,0.0,0.001,0.0,0.0,0.026,0.028,0.945,1.0
06 12 17 18 22 25 33,102.81297039,102.81297039,225.32333333,430.94927411,133.0,3.0,4.0,1.0,27.0,153.098051,106.31315334,79.40769031,56.37671423,78.02216184,1.38723786,1.0,3.0,2.0,1.0,7059.7,22.53233333,0.0,0.001,0.0,0.001,0.014,0.022,0.962,1.0
01 04 06 08 19 22 36,95.39116141,95.39116141,225.47666667,416.2589895,96.0,2.0,4.0,0.0,35.0,148.97666101,102.00630371,76.14211853,51.6103789,73.22685724,1.38723786,4.0,0.0,2.0,1.0,7064.3,22.54766667,0.0,0.001,0.0,0.001,0.016,0.023,0.959,1.0
